Protein_IDs,log2FC,AveExpr,t,P,adj.P,B,Majority,Protein,Gene,direction,tier2
O95168,-1.1915795885265759,20.91550086296881,-4.440360973282763,4.125034974278816e-5,0.028151095395105758,2.0290163763295572,O95168,NADH dehydrogenase [ubiquinone] 1 beta subcomplex subunit 4,NDUFB4,Up in OR,Up in OR (T2)
Q9ULV4,0.9312599386127935,20.806337327766464,4.381495264473413,5.053268910561943e-5,0.028151095395105758,1.8468782037239295,Q9ULV4,Coronin-1C,CORO1C,n.s.,Up in PD (T2)
Q53EL6,-1.3973740551117082,23.000160378138016,-4.1604633110897025,1.071588656988136e-4,0.028151095395105758,1.173313516267478,Q53EL6,Programmed cell death protein 4,PDCD4,Up in OR,Up in OR (T2)
P56556,-0.8871465200513846,21.468456398846044,-4.149775140952761,1.110772935194265e-4,0.028151095395105758,1.1411776440491153,P56556,NADH dehydrogenase [ubiquinone] 1 alpha subcomplex subunit 6,NDUFA6,n.s.,Up in OR (T2)
O00410,0.7467572752352325,22.73853769365876,4.134496897902435,1.1692015304763535e-4,0.028151095395105758,1.095313466546619,O00410,Importin-5,IPO5,n.s.,Up in PD (T2)
P31689,0.6513929761415014,21.94808273421019,4.0847267187616305,1.3780497514366246e-4,0.028151095395105758,0.9481003349749892,P31689,DnaJ homolog subfamily A member 1,DNAJA1,n.s.,Up in PD (T2)
Q6YN16,-0.991487663780898,21.33686532777564,-4.081336275842977,1.3965816283893713e-4,0.028151095395105758,0.9364031908336274,Q6YN16,Hydroxysteroid dehydrogenase-like protein 2,HSDL2,n.s.,Up in OR (T2)
P28329,-0.9515450694388292,23.104630059212358,-4.037236129787938,1.6171155806475555e-4,0.02852187605367126,0.8053861035249197,P28329,Choline O-acetyltransferase,CHAT,n.s.,Up in OR (T2)
P51970,-0.8761010214814213,21.225893874514185,-3.7168663443607612,4.584163202371216e-4,0.065043364757096,-0.12288369571056723,P51970,NADH dehydrogenase [ubiquinone] 1 alpha subcomplex subunit 8,NDUFA8,n.s.,Up in OR (T2)
Q16790,-0.7235045082890288,21.147412465082574,-3.715119960029471,4.609735276902623e-4,0.065043364757096,-0.12782417186022244,Q16790,Carbonic anhydrase 9,CA9,n.s.,Up in OR (T2)
Q9Y6M9,-0.5047967166857887,21.416013996578634,-3.6841518022860686,5.07902145738902e-4,0.06514999342159916,-0.21412059225270674,Q9Y6M9,NADH dehydrogenase [ubiquinone] 1 beta subcomplex subunit 9,NDUFB9,n.s.,n.s.
Q9P0J0,-0.8398997676505786,21.80377096131338,-3.5797029372397797,7.066932998968636e-4,0.07723659730333242,-0.5066980611514751,Q9P0J0,NADH dehydrogenase [ubiquinone] 1 alpha subcomplex subunit 13,NDUFA13,n.s.,Up in OR (T2)
Q9NX40,-0.6649259574476964,21.601343620352274,-3.5733452548908224,7.202616801942966e-4,0.07723659730333242,-0.5236710983357975,Q9NX40,OCIA domain-containing protein 1,OCIAD1,n.s.,Up in OR (T2)
P55786;A6NEC2,-0.7071854516858629,24.548062707060105,-3.539402200200368,8.012354593780523e-4,0.07723659730333242,-0.6178049709167599,P55786,Puromycin-sensitive aminopeptidase,NPEPPS,n.s.,Up in OR (T2)
O96000,-0.6973757360749282,20.829993477510012,-3.531519901752476,8.210835999645544e-4,0.07723659730333242,-0.6394454456370173,O96000,NADH dehydrogenase [ubiquinone] 1 beta subcomplex subunit 10,NDUFB10,n.s.,Up in OR (T2)
P08709,-0.9074756765635179,30.386586537076255,-3.4438858633127554,0.0010756932406887488,0.08420558471023154,-0.8780076812256468,P08709,Coagulation factor VII;Factor VII light chain;Factor VII heavy chain,F7,n.s.,Up in OR (T2)
P47972;P0C7P4,-0.6707329416842462,21.50535264873745,-3.436868044058038,0.001099040576373912,0.08420558471023154,-0.8969484778954397,P47972;P0C7P4,Neuronal pentraxin-2;Putative cytochrome b-c1 complex subunit Rieske-like protein 1,NPTX2;UQCRFS1P1,n.s.,Up in OR (T2)
Q92598,1.1808545781681765,21.81231997009627,3.4326037234783335,0.0011134613809841685,0.08420558471023154,-0.9084457036612594,Q92598,Heat shock protein 105 kDa,HSPH1,n.s.,Up in PD (T2)
P49407,-0.6250945975541526,25.30299287542384,-3.4266542747110256,0.0011338810131072993,0.08420558471023154,-0.9244710954516968,P49407,Beta-arrestin-1,ARRB1,n.s.,Up in OR (T2)
Q9HCB6,-1.2431922699083167,23.572031698665104,-3.3945983440740792,0.0012501559409743785,0.0881985016357424,-1.010510647007731,Q9HCB6,Spondin-1,SPON1,n.s.,Up in OR (T2)
Q15084,0.536581126399934,25.478493238741816,3.373832341060077,0.0013314149045420992,0.08945840144328104,-1.0659698833171039,Q15084,Protein disulfide-isomerase A6,PDIA6,n.s.,n.s.
Q96DH6,-0.5770638422455932,20.8007942800966,-3.3226175216238985,0.001552370619862935,0.09956340657393643,-1.2012066930833578,Q96DH6,RNA-binding protein Musashi homolog 2,MSI2,n.s.,n.s.
P17844,0.3572213121880701,25.377235215933318,3.304624247709018,0.0016381244409614012,0.10049537331289292,-1.24849135848664,P17844,Probable ATP-dependent RNA helicase DDX5,DDX5,n.s.,n.s.
P31785,-0.5402828535406066,23.980238971906832,-3.265566516782735,0.0018424812060924142,0.10382455484173106,-1.3515041766677376,P31785,Cytokine receptor common subunit gamma,IL2RG,n.s.,n.s.
P23528;Q9Y281,0.5172204981093849,26.46858050152349,3.255360326153734,0.0018992051219635436,0.10382455484173106,-1.37810365374287,P23528,Cofilin-1,CFL1,n.s.,n.s.
Q02246,-0.9465259538263382,21.743791057560525,-3.2453205936762926,0.0019566063598658342,0.10382455484173106,-1.4042150441193124,Q02246,Contactin-2,CNTN2,n.s.,n.s.
P00352;P49447,-0.6930474559539554,25.19631472210825,-3.2327323693065284,0.0020308883751513677,0.10382455484173106,-1.4368782231844754,P00352;P49447,Retinal dehydrogenase 1;Cytochrome b561,ALDH1A1;CYB561,n.s.,n.s.
Q15726,0.6486979869783731,19.90059441410391,3.2278670949954917,0.0020603030018203185,0.10382455484173106,-1.449479514597094,Q15726,Metastasis-suppressor KiSS-1;Metastin;Kisspeptin-14;Kisspeptin-13;Kisspeptin-10,KISS1,n.s.,n.s.
P04844,0.3814098870179201,25.188476256901236,3.1822671493737413,0.002354085320860238,0.11151099961022148,-1.5663735341215226,P04844,Dolichyl-diphosphooligosaccharide--protein glycosyltransferase subunit 2,RPN2,n.s.,n.s.
P19397,-0.5073652371076598,19.97925275013074,-3.1764249539112863,0.00239479678080797,0.11151099961022148,-1.5813659057656588,P19397,Leukocyte surface antigen CD53,CD53,n.s.,n.s.
O75487,-0.525367688570114,22.420009938715207,-3.1595212954798115,0.002516077488791961,0.11151099961022148,-1.624567394066446,O75487,Glypican-4;Secreted glypican-4,GPC4,n.s.,n.s.
Q6NUK1,-0.6576432279852433,23.252721427761884,-3.1580678864578826,0.0025289525071063696,0.11151099961022148,-1.6288466700094348,Q6NUK1,Calcium-binding mitochondrial carrier protein SCaMC-1,SLC25A24,n.s.,n.s.
Q8NBX0,-0.9301163312944709,22.888879318508277,-3.141766650224094,0.002651975683714458,0.1133920512036697,-1.6703514093802916,Q8NBX0,Saccharopine dehydrogenase-like oxidoreductase,SCCPDH,n.s.,n.s.
Q9BVK6,-0.5731625061078169,23.44277567197321,-3.1115349547898115,0.002895116116223052,0.12014212010427107,-1.7469329340264679,Q9BVK6,Transmembrane emp24 domain-containing protein 9,TMED9,n.s.,n.s.
Q96NB2,-1.088265335806284,20.08835522211992,-3.0954013562519433,0.003033266152853883,0.12014212010427107,-1.7875920169149664,Q96NB2,Sideroflexin-2,SFXN2,n.s.,n.s.
O00560,0.5735340538411577,19.772689503116545,3.0916793165894303,0.0030652844250558175,0.12014212010427107,-1.7967988535002828,O00560,Syntenin-1,SDCBP,n.s.,n.s.
P22004,-0.7160868374601037,21.032003411516346,-3.056310936645653,0.0033939894631812464,0.12943024682564158,-1.8854943059175273,P22004,Bone morphogenetic protein 6,BMP6,n.s.,n.s.
O95298,-0.5623418584267128,21.424629372143745,-3.0416376526357385,0.0035376998650390764,0.13136038183079307,-1.9217002021765737,O95298,NADH dehydrogenase [ubiquinone] 1 subunit C2,NDUFC2,n.s.,n.s.
Q9HB71,0.7298854598022118,21.398316608086592,3.0301674536027816,0.0036571928104028283,0.13231536039688183,-1.9504833577717156,Q9HB71,Calcyclin-binding protein,CACYBP,n.s.,n.s.
P52292;A8MYJ9,0.764936786329546,20.735463835416322,3.0204813927596184,0.0037594543872353763,0.1326147535097279,-1.9744615043881506,P52292,Importin subunit alpha-2,KPNA2,n.s.,n.s.
P50454,0.6686500077364421,24.60234283162932,3.0000157390879214,0.003984351929013746,0.13712001394727794,-2.0249458518160317,P50454,Serpin H1,SERPINH1,n.s.,n.s.
Q15363,-0.8844998712324532,22.208222210068232,-2.986326829428157,0.004141708700272674,0.13744030230773385,-2.0585771359346716,Q15363,Transmembrane emp24 domain-containing protein 2,TMED2,n.s.,n.s.
Q9UN86,0.7846215601477411,20.96270534450257,2.980892994928029,0.00420576096100024,0.13744030230773385,-2.0718967024417196,Q9UN86,Ras GTPase-activating protein-binding protein 2,G3BP2,n.s.,n.s.
P55795,-0.879058107845399,22.21946285523073,-2.971746926351656,0.004315657612493478,0.13744030230773385,-2.0942766335665977,P55795,Heterogeneous nuclear ribonucleoprotein H2,HNRNPH2,n.s.,n.s.
P17568,-0.6283658881773384,20.098264426069125,-2.966225883503862,0.004383283914846225,0.13744030230773385,-2.1077624871708007,P17568,NADH dehydrogenase [ubiquinone] 1 beta subcomplex subunit 7,NDUFB7,n.s.,n.s.
Q00577,-0.7143110893453049,21.85292532959687,-2.9455652491183417,0.004645193231197107,0.14248625324389388,-2.1580688810538966,Q00577,Transcriptional activator protein Pur-alpha,PURA,n.s.,n.s.
P67809;P16989;Q9Y2T7,0.6557567710489458,22.61230473124028,2.9024546545441012,0.005239156882344639,0.1550458081732741,-2.262219919547202,P67809,Nuclease-sensitive element-binding protein 1,YBX1,n.s.,n.s.
P08238;Q58FF7,0.36305105460450093,28.60895042280896,2.8997978401861473,0.005274414452386362,0.1550458081732741,-2.268187128606252,P08238,Heat shock protein HSP 90-beta,HSP90AB1,n.s.,n.s.
P14927,-0.5713114020270567,21.445966993241075,-2.887352797804759,0.005463363112579586,0.15732255820101623,-2.2984405616016836,P14927,Cytochrome b-c1 complex subunit 7,UQCRB,n.s.,n.s.
P25205,0.8791605876906061,21.868417054845015,2.8730714493439184,0.005683532411531298,0.1603892846534132,-2.3325662877227478,P25205,DNA replication licensing factor MCM3,MCM3,n.s.,n.s.
P49815,-0.32149807353524196,20.764192882226077,-2.8479788110040336,0.006086500898298691,0.16693584711172246,-2.391840960565861,P49815,Tuberin,TSC2,n.s.,n.s.
O43570,-1.0199349295282332,21.62301734215593,-2.844305509937511,0.00615213610900749,0.16693584711172246,-2.400926341660946,O43570,Carbonic anhydrase 12,CA12,n.s.,n.s.
Q9UHQ9,-0.8131482247619317,23.494712273972315,-2.8221418233415845,0.006537263835986235,0.17403923155804862,-2.4532505728387104,Q9UHQ9,NADH-cytochrome b5 reductase 1,CYB5R1,n.s.,n.s.
P59998,0.33689550144433156,23.66704404969559,2.8110134478844038,0.006734815789210156,0.1748759556160747,-2.479044940598997,P59998,Actin-related protein 2/3 complex subunit 4,ARPC4,n.s.,n.s.
Q9NX62,-0.4217238206060152,23.175440213488326,-2.806606259135593,0.006816568078585476,0.1748759556160747,-2.489415644864114,Q9NX62,Inositol monophosphatase 3,IMPAD1,n.s.,n.s.
Q96P70,0.5113765494063465,22.250522767582158,2.795073225178388,0.00703467365684914,0.1762484956851647,-2.5164814765573777,Q96P70,Importin-9,IPO9,n.s.,n.s.
P23297,1.5629197465054006,20.18078675921401,2.790802327814214,0.0071198896201661145,0.1762484956851647,-2.5267186316837624,P23297,Protein S100-A1,S100A1,n.s.,n.s.
O15498,0.3953415435108276,20.38358241506931,2.7732293179149012,0.007462810111669458,0.181552156337338,-2.5673040347872935,O15498,Synaptobrevin homolog YKT6,YKT6,n.s.,n.s.
O43169,0.7741841111517225,21.144899070436818,2.7641630724451924,0.0076523505238106585,0.18300790828977692,-2.588686510576656,O43169,Cytochrome b5 type B,CYB5B,n.s.,n.s.
Q13510,-0.9264870252137207,22.332429712386947,-2.7442611560011607,0.008073786220572789,0.1874294256925524,-2.6346909688568587,Q13510,Acid ceramidase;Acid ceramidase subunit alpha;Acid ceramidase subunit beta,ASAH1,n.s.,n.s.
P46977,0.4377982744462052,22.700817919944946,2.7427264813490186,0.008102902173809849,0.1874294256925524,-2.637922997619116,P46977,Dolichyl-diphosphooligosaccharide--protein glycosyltransferase subunit STT3A,STT3A,n.s.,n.s.
P39656,0.335691813390536,25.58084311024809,2.705482286495327,0.008952374559179698,0.2014190924667847,-2.723327461296173,P39656,Dolichyl-diphosphooligosaccharide--protein glycosyltransferase 48 kDa subunit,DDOST,n.s.,n.s.
P49736,0.4389492751038411,20.82205896796129,2.6986313239792317,0.009116997923862589,0.2014190924667847,-2.7389251205132554,P49736,DNA replication licensing factor MCM2,MCM2,n.s.,n.s.
P09669,-0.5506942312389995,22.377479557847963,-2.695940044666511,0.009187215681789799,0.2014190924667847,-2.7453420076530577,P09669,Cytochrome c oxidase subunit 6C,COX6C,n.s.,n.s.
P09758,-0.7727971307295469,21.90008137479519,-2.692212563723513,0.009278696676357905,0.2014190924667847,-2.75381559944019,P09758,Tumor-associated calcium signal transducer 2,TACSTD2,n.s.,n.s.
Q13404;Q15819,-0.35776305594554714,20.575169901432513,-2.6742785084250724,0.009725582792763131,0.2062246398028493,-2.7941674544709167,Q13404,Ubiquitin-conjugating enzyme E2 variant 1,UBE2V1,n.s.,n.s.
O75369,-0.6601284121095539,27.882868701932324,-2.6718865192448753,0.009792381904174984,0.2062246398028493,-2.7998649160122637,O75369,Filamin-B,FLNB,n.s.,n.s.
Q15942,0.38711228533862396,20.607015444073745,2.6463373709439457,0.010469689266162204,0.21724605227286573,-2.8570893453556634,Q15942,Zyxin,ZYX,n.s.,n.s.
O43670,-0.3562250696533127,20.30244646757962,-2.63138442074897,0.010888916609693816,0.22069722839239087,-2.8905537276928035,O43670,Zinc finger protein 207,ZNF207,n.s.,n.s.
Q9P2M7,-0.7435451527938532,21.191009897990828,-2.6227254817752423,0.011144025591798723,0.22069722839239087,-2.910133255700043,Q9P2M7,Cingulin,CGN,n.s.,n.s.
P02751,0.9198911394914262,26.433960783677154,2.6173515373996774,0.01130165396161403,0.22069722839239087,-2.922091311186885,P02751,Fibronectin;Anastellin;Ugl-Y1;Ugl-Y2;Ugl-Y3,FN1,n.s.,n.s.
P04843,0.28190128422277994,25.694059777903878,2.613881569273237,0.011399046365586748,0.22069722839239087,-2.9295386931823253,P04843,Dolichyl-diphosphooligosaccharide--protein glycosyltransferase subunit 1,RPN1,n.s.,n.s.
Q09028,0.2872965845864712,23.21974747913213,2.613242739264311,0.011418070639719726,0.22069722839239087,-2.9309577832004643,Q09028,Histone-binding protein RBBP4,RBBP4,n.s.,n.s.
P60660;P14649,0.2882560504729419,25.597671427949333,2.60427917306168,0.011688071018534555,0.22286308388043594,-2.9508409998950267,P60660,Myosin light polypeptide 6,MYL6,n.s.,n.s.
P00403,-0.4900229312927422,23.471293739754003,-2.5822265342975723,0.012382949990262102,0.2260083035237929,-2.9997825469965416,P00403,Cytochrome c oxidase subunit 2,MT-CO2,n.s.,n.s.
Q96AG4,0.8351598992690263,23.10366617971237,2.5790340986908444,0.012485746929122833,0.2260083035237929,-3.0068032693104025,Q96AG4,Leucine-rich repeat-containing protein 59,LRRC59,n.s.,n.s.
P61026,0.253792448588694,23.705245602901893,2.5759261755392244,0.012580817840928115,0.2260083035237929,-3.013384585390968,P61026,Ras-related protein Rab-10,RAB10,n.s.,n.s.
P22694,-0.40856227373244636,24.420828622874005,-2.575137436954219,0.012612270595817163,0.2260083035237929,-3.0153635328336277,P22694,cAMP-dependent protein kinase catalytic subunit beta,PRKACB,n.s.,n.s.
Q8NF37,1.1613636410051207,18.507444633567083,2.573863034621091,0.012653902181700665,0.2260083035237929,-3.018160974573346,Q8NF37,Lysophosphatidylcholine acyltransferase 1,LPCAT1,n.s.,n.s.
P13796,0.990087140460119,22.582957117008352,2.5649448005480995,0.012948749096543616,0.22838356219028802,-3.037707143330222,P13796,Plastin-2,LCP1,n.s.,n.s.
P49755,-0.42963059836867146,24.402326013453493,-2.5563599010277303,0.013238452525005643,0.2306105742318884,-3.0564726382825995,P49755,Transmembrane emp24 domain-containing protein 10,TMED10,n.s.,n.s.
Q13509,1.1784805724161416,20.71540090501189,2.5422348364661382,0.013727929948902635,0.23622084338904412,-3.0872409524975812,Q13509,Tubulin beta-3 chain,TUBB3,n.s.,n.s.
P11387,0.44523956541494414,22.29824264487812,2.524040894496553,0.014376926036706594,0.2444077426240121,-3.1264686985344063,P11387,DNA topoisomerase 1,TOP1,n.s.,n.s.
P49321,0.5553510988836194,20.822214588229905,2.5141052275026836,0.014751854915265917,0.24670618228837538,-3.1481156722814583,P49321,Nuclear autoantigenic sperm protein,NASP,n.s.,n.s.
O43707,0.3309741999485851,27.095827734498172,2.5108572386445127,0.014868701340312426,0.24670618228837538,-3.1549087746115867,O43707,Alpha-actinin-4,ACTN4,n.s.,n.s.
Q9Y295,0.3152108533595346,19.97161978563918,2.5064309643408995,0.015036663130262426,0.24670618228837538,-3.1644125952325073,Q9Y295,Developmentally-regulated GTP-binding protein 1,DRG1,n.s.,n.s.
O14949,-0.5377235815448316,21.491900477267546,-2.498683609543906,0.01534206410895969,0.24882359146830021,-3.181262402164654,O14949,Cytochrome b-c1 complex subunit 8,UQCRQ,n.s.,n.s.
P18440,-1.3134273776089067,23.846547467889206,-2.4880684796425547,0.01576062861642263,0.24930080720442935,-3.2039843900696874,P18440,Arylamine N-acetyltransferase 1,NAT1,n.s.,n.s.
P27797,0.418083711876978,25.178128552138237,2.487118194587283,0.015798597366529703,0.24930080720442935,-3.2060147618664625,P27797,Calreticulin,CALR,n.s.,n.s.
Q99805,0.3800307625740089,23.353832688806513,2.48448511377245,0.015901539793337097,0.24930080720442935,-3.211549971640281,Q99805,Transmembrane 9 superfamily member 2,TM9SF2,n.s.,n.s.
Q01813,0.8578246168759378,20.535092195629137,2.4795520413642183,0.01610386112131634,0.2496983301338171,-3.2221585787666185,Q01813,6-phosphofructokinase type C,PFKP,n.s.,n.s.
P27348,0.5401016280858428,24.05508141665188,2.4710030808952506,0.016455170619275834,0.2523722363456326,-3.2403523586795564,P27348,14-3-3 protein theta,YWHAQ,n.s.,n.s.
P31146,0.8401618129533084,20.59082833275837,2.4523864744619357,0.017244203933366207,0.26162980376322276,-3.279798733808634,P31146,Coronin-1A,CORO1A,n.s.,n.s.
Q92878,-0.5596725107555649,21.599521328297744,-2.446942456246811,0.017481289291759787,0.26170552841284733,-3.2912889614394896,Q92878,DNA repair protein RAD50,RAD50,n.s.,n.s.
P33991,0.613220671390021,20.08263753506999,2.4437847713854053,0.017620145428221472,0.26170552841284733,-3.297944265134856,P33991,DNA replication licensing factor MCM4,MCM4,n.s.,n.s.
P33993,0.5568257931198026,20.788536885879083,2.415903592986375,0.01888989483204618,0.276825801209669,-3.356409107906809,P33993,DNA replication licensing factor MCM7,MCM7,n.s.,n.s.
Q7Z2W4,0.301199982148173,20.209777389758226,2.4065507411370817,0.0193268111994461,0.276825801209669,-3.37572028103736,Q7Z2W4,Zinc finger CCCH-type antiviral protein 1,ZC3HAV1,n.s.,n.s.
O00571;O15523;Q9NQI0,0.22733694944082217,24.18284327746201,2.406040627733435,0.019351289493591578,0.276825801209669,-3.376781796889016,O00571;O15523,ATP-dependent RNA helicase DDX3X;ATP-dependent RNA helicase DDX3Y,DDX3X;DDX3Y,n.s.,n.s.
Q13596,-0.3431144661682666,21.7004710354979,-2.404550997211593,0.019422930063612495,0.276825801209669,-3.3798805918936043,Q13596,Sorting nexin-1,SNX1,n.s.,n.s.
Q9UBS4,0.4860468166314007,21.137054974876566,2.3951519024250545,0.01988762774891785,0.28061442753723087,-3.399573621508374,Q9UBS4,DnaJ homolog subfamily B member 11,DNAJB11,n.s.,n.s.
Q9NWH9,0.38576395365624805,20.969060930313823,2.3905417303904306,0.02010839550795064,0.2809202580368154,-3.4089475134303906,Q9NWH9,SAFB-like transcription modulator,SLTM,n.s.,n.s.
P49189,-0.6738355913754432,22.772669264183754,-2.3853996180979435,0.020372618728564294,0.2818212257451394,-3.419755050893276,P49189,4-trimethylaminobutyraldehyde dehydrogenase,ALDH9A1,n.s.,n.s.
P00387,0.434666490642595,24.155264842616287,2.3672692700913625,0.021302469128941074,0.28574315390269506,-3.457096963312651,P00387,NADH-cytochrome b5 reductase 3;NADH-cytochrome b5 reductase 3 membrane-bound form;NADH-cytochrome b5 reductase 3 soluble form,CYB5R3,n.s.,n.s.
Q9Y490;Q9Y4G6,0.3801443747163873,25.036224224030853,2.3615495929659898,0.021603586246184386,0.28574315390269506,-3.4688294772212984,Q9Y490,Talin-1,TLN1,n.s.,n.s.
O43813,-0.33675436902525036,20.256708440362633,-2.3580260633782975,0.021783516273873284,0.28574315390269506,-3.475882023711734,O43813,LanC-like protein 1,LANCL1,n.s.,n.s.
Q16543,0.32534807816042743,21.962440050616472,2.3553289583311225,0.021927909859877807,0.28574315390269506,-3.4814006733705276,Q16543,Hsp90 co-chaperone Cdc37,CDC37,n.s.,n.s.
Q96I85,-0.6790495229683238,21.047592676813327,-2.354332854323541,0.021988939107831406,0.28574315390269506,-3.4835999498022945,Q96I85,Putative uncharacterized protein C14orf144,C14orf144,n.s.,n.s.
O75943,-0.3449447686863998,23.34479216435239,-2.352571542859451,0.022077042768213265,0.28574315390269506,-3.487050964422607,O75943,Cell cycle checkpoint protein RAD17,RAD17,n.s.,n.s.
P42081,-0.6592453365763227,21.409625375907346,-2.344139973689334,0.02254366186240044,0.28574315390269506,-3.504399029148957,P42081,T-lymphocyte activation antigen CD86,CD86,n.s.,n.s.
Q9Y5M8,0.3643074605417098,21.647224863868384,2.343624238608703,0.022564487373243444,0.28574315390269506,-3.5052905803240684,Q9Y5M8,Signal recognition particle receptor subunit beta,SRPRB,n.s.,n.s.
O15533,0.640556122612761,21.189364932904997,2.34343608366678,0.022582426177117285,0.28574315390269506,-3.505832639463926,O15533,Tapasin,TAPBP,n.s.,n.s.
P49585;Q9Y5K3,0.6003524182000817,22.598158529324035,2.340819655249675,0.022727038610409256,0.28574315390269506,-3.5111584344270903,P49585,Choline-phosphate cytidylyltransferase A,PCYT1A,n.s.,n.s.
Q15691,0.44661706904479814,23.198102401217245,2.338000964583771,0.022883753643518457,0.28574315390269506,-3.516890511997406,Q15691,Microtubule-associated protein RP/EB family member 1,MAPRE1,n.s.,n.s.
P00491,0.6439256515121237,20.117850676157662,2.3326400279350787,0.02318447416215897,0.2869587109018097,-3.5277769438154927,P00491,Purine nucleoside phosphorylase,PNP,n.s.,n.s.
P24723,-0.7125106536361301,23.145603564820995,-2.3263730472518334,0.023540478926991435,0.2888314414433471,-3.540477407858763,P24723,Protein kinase C eta type,PRKCH,n.s.,n.s.
Q8NBJ5,0.6235319076605919,19.84501795437334,2.3198778848496997,0.023914574844851832,0.2892341250187425,-3.5536108276625504,Q8NBJ5,Procollagen galactosyltransferase 1,GLT25D1,n.s.,n.s.
P08493,-0.7113361647290546,21.293865959086986,-2.3186950348949273,0.023983269048329463,0.2892341250187425,-3.5559993542855715,P08493,Matrix Gla protein,MGP,n.s.,n.s.
Q7KZF4,0.32169315951380995,25.028844700537906,2.313357359438975,0.02429544411402459,0.29051586139736185,-3.5667653098401253,Q7KZF4,Staphylococcal nuclease domain-containing protein 1,SND1,n.s.,n.s.
P08651,-0.23380709241398634,20.599517100403567,-2.3086754762214996,0.024564385836841448,0.29084846913233536,-3.5760441183969465,P08651,Nuclear factor 1 C-type,NFIC,n.s.,n.s.
Q9BTV4,0.4375222565594399,21.837768071383586,2.3017435159955117,0.024984048562698005,0.29084846913233536,-3.5900618919727685,Q9BTV4,Transmembrane protein 43,TMEM43,n.s.,n.s.
Q13162,0.6319440720170704,22.746504757106013,2.298179351054136,0.025202971108004908,0.29084846913233536,-3.597267803289802,Q13162,Peroxiredoxin-4,PRDX4,n.s.,n.s.
Q15056,0.2811741688179161,22.949341205450374,2.2975639839881437,0.025232455123952845,0.29084846913233536,-3.59835674841448,Q15056,Eukaryotic translation initiation factor 4H,EIF4H,n.s.,n.s.
O60502,0.27395684113748686,19.956309729786312,2.2955721075967785,0.025353906239034198,0.29084846913233536,-3.6023472258719687,O60502,Bifunctional protein NCOAT;Protein O-GlcNAcase;Histone acetyltransferase,MGEA5,n.s.,n.s.
Q9Y446,-0.6099236697226864,22.116261553359493,-2.2901350454315694,0.025696063519759164,0.2923963356966144,-3.6133671969192083,Q9Y446,Plakophilin-3,PKP3,n.s.,n.s.
Q8NC51,0.4920998474467986,20.979274282598322,2.281782809689295,0.026217072984300586,0.29593831984678504,-3.630033725982461,Q8NC51,Plasminogen activator inhibitor 1 RNA-binding protein,SERBP1,n.s.,n.s.
Q9Y3B3,-0.39159933364574684,23.444623870669346,-2.267602530130873,0.027123113023627646,0.3037358133042746,-3.658214929253086,Q9Y3B3,Transmembrane emp24 domain-containing protein 7,TMED7,n.s.,n.s.
P13674,0.6369620186882621,20.624429710357603,2.2634096876649195,0.027396272367696862,0.3043790575655139,-3.6665198087856754,P13674,Prolyl 4-hydroxylase subunit alpha-1,P4HA1,n.s.,n.s.
O00429,0.3376560240612534,21.27613758168172,2.2571176676726936,0.027802504871102772,0.3058073092217704,-3.6788266197742057,O00429,Dynamin-1-like protein,DNM1L,n.s.,n.s.
P50570;Q05193;Q9UQ16,0.29956714647057936,21.21237354477252,2.2498875771156004,0.028285574921422262,0.3058073092217704,-3.6930867997046737,P50570,Dynamin-2,DNM2,n.s.,n.s.
Q8NCW5,-0.48097306138103235,22.708524856130566,-2.247547487575329,0.028451838059227262,0.3058073092217704,-3.697823494118657,Q8NCW5,NAD(P)H-hydrate epimerase,APOA1BP,n.s.,n.s.
Q5SSJ5,-0.48572809685567364,23.2283370873527,-2.2466604811846334,0.02851191229849767,0.3058073092217704,-3.6995686000293904,Q5SSJ5,Heterochromatin protein 1-binding protein 3,HP1BP3,n.s.,n.s.
O75367,-0.3192532642707029,26.00687758932858,-2.2452381031830133,0.028608479672057898,0.3058073092217704,-3.7023658103451966,O75367,Core histone macro-H2A.1,H2AFY,n.s.,n.s.
Q16401,-0.48977292931893857,21.870506086262615,-2.238942100643311,0.0290394043591905,0.3080796958708105,-3.7147297209057135,Q16401,26S proteasome non-ATPase regulatory subunit 5,PSMD5,n.s.,n.s.
P54652,-0.877816365064394,21.86359977495765,-2.2212203371090595,0.03028328224387604,0.3163922645876482,-3.7493763984328394,P54652,Heat shock-related 70 kDa protein 2,HSPA2,n.s.,n.s.
P11047,0.48128146340688005,20.346465382309603,2.220521386614535,0.030333289860453333,0.3163922645876482,-3.750738178940677,P11047,Laminin subunit gamma-1,LAMC1,n.s.,n.s.
Q9NR30,0.6821878831980719,21.858433081693704,2.2157060443008993,0.030679794512957385,0.3163922645876482,-3.7601103194709857,Q9NR30,Nucleolar RNA helicase 2,DDX21,n.s.,n.s.
Q14566,0.4452638931070467,20.707522690838356,2.2112511613016945,0.03100346217975816,0.3163922645876482,-3.7687658027874837,Q14566,DNA replication licensing factor MCM6,MCM6,n.s.,n.s.
Q9UHG3,-0.44352871676816363,22.65699592433881,-2.2084036178692754,0.031211921436367304,0.3163922645876482,-3.7742907465555122,Q9UHG3,Prenylcysteine oxidase 1,PCYOX1,n.s.,n.s.
Q99623,-0.31375684915015256,25.452576436257772,-2.2077377524515667,0.031260844922073185,0.3163922645876482,-3.7755818350304704,Q99623,Prohibitin-2,PHB2,n.s.,n.s.
P27708,0.39619547628795715,21.91787685489757,2.2058420318600933,0.03139257054732158,0.3163922645876482,-3.7791479243364847,P27708,CAD protein;Glutamine-dependent carbamoyl-phosphate synthase;Aspartate carbamoyltransferase;Dihydroorotase,CAD,n.s.,n.s.
Q13445,-0.4442927644663932,19.96525043142995,-2.1953532861149454,0.03218316052602406,0.3220598546256734,-3.7995356216723963,Q13445,Transmembrane emp24 domain-containing protein 1,TMED1,n.s.,n.s.
P13056,-0.363796995624341,23.590661086571984,-2.181605032905942,0.03323499064659701,0.3293124153611521,-3.8259952522983207,P13056,Nuclear receptor subfamily 2 group C member 1,NR2C1,n.s.,n.s.
P13639,0.25880732467358314,26.48589922775822,2.179694344754497,0.033374681358359144,0.3293124153611521,-3.8295507461507543,P13639,Elongation factor 2,EEF2,n.s.,n.s.
P49959,-0.28600726303966084,20.842019352473425,-2.1745986931569115,0.033773651318058734,0.3303606451100386,-3.8393165274782692,P49959,Double-strand break repair protein MRE11A,MRE11A,n.s.,n.s.
Q9Y2Z0,0.35034204410165515,20.87677495160234,2.170617409891749,0.03408827655409378,0.3303606451100386,-3.8469332854487965,Q9Y2Z0,Suppressor of G2 allele of SKP1 homolog,SUGT1,n.s.,n.s.
P56545,-0.43754535389017235,20.98111492967414,-2.169533436150423,0.034183312676162744,0.3303606451100386,-3.8491131863303845,P56545,C-terminal-binding protein 2,CTBP2,n.s.,n.s.
P50406,0.8046107711184369,21.005894092899613,2.1663147094223323,0.0344401437012699,0.330578522193822,-3.8552590938752753,P50406,5-hydroxytryptamine receptor 6,HTR6,n.s.,n.s.
Q9Y512,-0.2551990912059452,20.73697658005458,-2.1592436771365953,0.035001301270773576,0.3336948384666319,-3.86862825204997,Q9Y512,Sorting and assembly machinery component 50 homolog,SAMM50,n.s.,n.s.
Q5JRA6,-0.49868639898939193,20.978365181469822,-2.1517898404801272,0.03562027610885776,0.33731684288321007,-3.88289779946733,Q5JRA6,Melanoma inhibitory activity protein 3,MIA3,n.s.,n.s.
P98160,0.978804351940461,22.2538447266828,2.1476307751425825,0.03596465119161245,0.3383074855424344,-3.890783079850051,P98160,Basement membrane-specific heparan sulfate proteoglycan core protein;Endorepellin;LG3 peptide,HSPG2,n.s.,n.s.
P13797,0.7493433747512768,20.664951491313854,2.136446330562585,0.03690522294642939,0.34220816777136587,-3.911924177944548,P13797,Plastin-3,PLS3,n.s.,n.s.
Q14847,0.7197833969748189,22.13977315387157,2.1346500514057083,0.037058270395291505,0.34220816777136587,-3.915310868819589,Q14847,LIM and SH3 domain protein 1,LASP1,n.s.,n.s.
Q96CS3,-0.5092008409187336,20.943403861937895,-2.129901645977687,0.0374655197188554,0.34220816777136587,-3.9242518939016096,Q96CS3,FAS-associated factor 2,FAF2,n.s.,n.s.
P51648,-0.6820979337326207,21.1876752888043,-2.1286639946257786,0.03757230749086288,0.34220816777136587,-3.9265795706654734,P51648,Fatty aldehyde dehydrogenase,ALDH3A2,n.s.,n.s.
P50135,-0.4871151280247723,21.1215075028134,-2.1284364746013518,0.03759196740224076,0.34220816777136587,-3.927007347957661,P50135,Histamine N-methyltransferase,HNMT,n.s.,n.s.
P63151;Q66LE6;Q00005;Q9Y2T4,-0.5994283800121778,21.738121131910077,-2.1116255589314585,0.03906966158867275,0.3476630060933813,-3.958507781113468,P63151,Serine/threonine-protein phosphatase 2A 55 kDa regulatory subunit B alpha isoform,PPP2R2A,n.s.,n.s.
Q9UMR2,0.4117022084369566,20.752725158278256,2.1091336034815567,0.039292960768374977,0.3476630060933813,-3.9631592286565462,Q9UMR2,ATP-dependent RNA helicase DDX19B,DDX19B,n.s.,n.s.
P10600,-0.3548738133312632,21.497303418678598,-2.1072234101197242,0.03945549372425589,0.3476630060933813,-3.9666287747703866,P10600,Transforming growth factor beta-3,TGFB3,n.s.,n.s.
P61803,0.2848091618594495,22.67683644314033,2.106786683786621,0.03949488863019252,0.3476630060933813,-3.9674429590348095,P61803,Dolichyl-diphosphooligosaccharide--protein glycosyltransferase subunit DAD1,DAD1,n.s.,n.s.
P28482,0.3223606582302523,21.447492673006842,2.1057496501313278,0.039588571559696605,0.3476630060933813,-3.9693757163978485,P28482,Mitogen-activated protein kinase 1,MAPK1,n.s.,n.s.
P61981,0.31835504593207276,24.33480083136092,2.104958717804891,0.03966955632957788,0.3476630060933813,-3.9709415752594706,P61981,"14-3-3 protein gamma;14-3-3 protein gamma, N-terminally processed",YWHAG,n.s.,n.s.
Q7L014,-0.22369085989308957,21.226818548770314,-2.0899314399135447,0.04104171767289816,0.35576595101347736,-3.998756515941505,Q7L014,Probable ATP-dependent RNA helicase DDX46,DDX46,n.s.,n.s.
Q15046,0.4299043814387957,21.655703695746503,2.0894261463063577,0.04109840539702112,0.35576595101347736,-3.9997806802486293,Q15046,Lysine--tRNA ligase,KARS,n.s.,n.s.
Q9ULA0,-0.5100651497043813,20.91268737124299,-2.081879669287396,0.04180861616143794,0.3594311367583089,-4.013726579219408,Q9ULA0,Aspartyl aminopeptidase,DNPEP,n.s.,n.s.
P50395,0.28995138543060506,25.76053708988927,2.0795366313808303,0.04203128105253081,0.3594311367583089,-4.0180477799095415,P50395,Rab GDP dissociation inhibitor beta,GDI2,n.s.,n.s.
Q9UHF7,-0.532668880982385,20.721077809987314,-2.071994137061688,0.04275507044333588,0.3620736790482597,-4.031930046703305,Q9UHF7,Zinc finger transcription factor Trps1,TRPS1,n.s.,n.s.
P05556,0.32979916891456895,22.82854233493808,2.070885664506098,0.04285351126935462,0.3620736790482597,-4.033889119019914,P05556,Integrin beta-1,ITGB1,n.s.,n.s.
Q9NR45,-0.47505316658057595,21.59354685088864,-2.0679136590821074,0.04315112861026064,0.3621710175005091,-4.0394224078607985,Q9NR45,Sialic acid synthase,NANS,n.s.,n.s.
P31947,0.40244949590971757,23.756072092441666,2.0636530055015077,0.043568066437002624,0.3621710175005091,-4.047232150840434,P31947,14-3-3 protein sigma,SFN,n.s.,n.s.
P67936;P68106,0.29458942133540233,29.411997790979754,2.0629158536864387,0.04363506234945893,0.3621710175005091,-4.048535039088596,P67936,Tropomyosin alpha-4 chain,TPM4,n.s.,n.s.
P02462;P29400,0.9218100261025022,19.825340826160982,2.05756079695443,0.04417029982210281,0.36260505575360985,-4.058375227678826,P02462,Collagen alpha-1(IV) chain;Arresten,COL4A1,n.s.,n.s.
P07355;A6NMY6,-0.42536574373731284,27.896853761030375,-2.0558902711008575,0.04433669082255181,0.36260505575360985,-4.061425820041203,P07355;A6NMY6,Annexin A2;Putative annexin A2-like protein,ANXA2;ANXA2P2,n.s.,n.s.
P07384,0.3123662145621964,23.835924625718338,2.054672679970343,0.04445830945809674,0.36260505575360985,-4.063647961915254,P07384,Calpain-1 catalytic subunit,CAPN1,n.s.,n.s.
P07099,-0.6871676968546971,24.094835004365773,-2.049749419185644,0.044953017209757404,0.3642856928963652,-4.072621589734945,P07099,Epoxide hydrolase 1,EPHX1,n.s.,n.s.
P61353,-0.22560647095450292,23.89068619716572,-2.047402427433797,0.045180720238741257,0.3642856928963652,-4.076813491820584,P61353,60S ribosomal protein L27,RPL27,n.s.,n.s.
Q9Y2X3,-0.5059031481284428,22.87554628885384,-2.043707127038837,0.04556667395559808,0.36531009631448236,-4.083609700702562,Q9Y2X3,Nucleolar protein 58,NOP58,n.s.,n.s.
P04083,0.6529108837336963,23.956536158974483,2.0317550503487034,0.04680188985421862,0.37166037804031155,-4.105263093696873,P04083,Annexin A1,ANXA1,n.s.,n.s.
O00151,0.7865214929466013,21.27336746623095,2.0309551925951137,0.04688557568474518,0.37166037804031155,-4.106708296011626,O00151,PDZ and LIM domain protein 1,PDLIM1,n.s.,n.s.
O60506,0.3126307715577674,24.300005913246704,2.0284133780921603,0.0471523734386093,0.37168714481495935,-4.111297666720583,O60506,Heterogeneous nuclear ribonucleoprotein Q,SYNCRIP,n.s.,n.s.
P00167,-0.6487743942868818,24.997935340131175,-2.016333356693163,0.04843831811565794,0.379583006232333,-4.133041260381087,P00167,Cytochrome b5,CYB5A,n.s.,n.s.
P62910,-0.31114103875930965,21.28061518081662,-2.013889621510825,0.0486920794670817,0.379583006232333,-4.13735378362319,P62910,60S ribosomal protein L32,RPL32,n.s.,n.s.
P49756,-0.20647615760444182,21.153150194133293,-2.0011844063255912,0.0500834746792466,0.38757781245824546,-4.160080885776651,P49756,RNA-binding protein 25,RBM25,n.s.,n.s.
P10253,-0.7958166881911062,20.703124755159465,-1.999622284739846,0.05026700189926216,0.38757781245824546,-4.162936346679576,P10253,Lysosomal alpha-glucosidase;76 kDa lysosomal alpha-glucosidase;70 kDa lysosomal alpha-glucosidase,GAA,n.s.,n.s.
Q8WX93,0.45344727910218197,20.628397616530766,1.993370247113434,0.050966263590422806,0.38786659566270726,-4.174065745674125,Q8WX93,Palladin,PALLD,n.s.,n.s.
P00558;P07205,0.4185231631389641,24.87211452139022,1.9931145664824272,0.05099503734870386,0.38786659566270726,-4.174520248923886,P00558,Phosphoglycerate kinase 1,PGK1,n.s.,n.s.
P12004,0.46863046841396283,21.479736855028246,1.9914076744715412,0.051187485259824986,0.38786659566270726,-4.177553166982248,P12004,Proliferating cell nuclear antigen,PCNA,n.s.,n.s.
P29692,0.3152837501827719,24.95613644061489,1.9842990768741122,0.051995686825549794,0.38786659566270726,-4.190160062761732,P29692,Elongation factor 1-delta,EEF1D,n.s.,n.s.
O00629,0.3397152164302,20.84260495899429,1.9830725643385179,0.05212687345515652,0.38786659566270726,-4.192270394277676,O00629,Importin subunit alpha-4,KPNA4,n.s.,n.s.
P19367;Q2TB90;P52789;P52790,-0.37789685787531724,24.751546442037803,-1.982044077531033,0.052254343647972726,0.38786659566270726,-4.19415110356177,P19367,Hexokinase-1,HK1,n.s.,n.s.
Q00765,-0.4322323859786472,22.864874706263528,-1.9778217045677053,0.05274163562333432,0.38786659566270726,-4.201613577500324,Q00765,Receptor expression-enhancing protein 5,REEP5,n.s.,n.s.
Q13576,-0.7570306501302326,21.961435107242334,-1.976663423720256,0.05287598879439653,0.38786659566270726,-4.2036582771991435,Q13576,Ras GTPase-activating-like protein IQGAP2,IQGAP2,n.s.,n.s.
O60884,0.5924372103957047,21.566361767551506,1.9764123287005457,0.05290515288770072,0.38786659566270726,-4.204101395682065,O60884,DnaJ homolog subfamily A member 2,DNAJA2,n.s.,n.s.
Q96A26,-0.5281317012927111,21.46397819934265,-1.9751383676054737,0.05305333307080262,0.38786659566270726,-4.206348860883855,Q96A26,Protein FAM162A,FAM162A,n.s.,n.s.
P16435,0.6734979492291409,21.836707820719422,1.9707137294606265,0.05357074990982684,0.3885958370698178,-4.214144868583069,P16435,NADPH--cytochrome P450 reductase,POR,n.s.,n.s.
Q9UBF2,-0.46921563865981497,21.16274787935917,-1.9673590188601908,0.05396592602673851,0.3885958370698178,-4.220045624567043,Q9UBF2,Coatomer subunit gamma-2,COPG2,n.s.,n.s.
Q13451,-0.4405864123579235,20.213853896296843,-1.965270644280508,0.05421318991854194,0.3885958370698178,-4.223714565910694,Q13451,Peptidyl-prolyl cis-trans isomerase FKBP5,FKBP5,n.s.,n.s.
Q16891,-0.21935212168580165,24.76589222713807,-1.9648338698683236,0.05425469872626089,0.3885958370698178,-4.224418438390061,Q16891,Mitochondrial inner membrane protein,IMMT,n.s.,n.s.
Q9P0M6,-0.5079597121775876,22.345795054601407,-1.9598325986130718,0.054861611589267466,0.3909582522851333,-4.233252499389473,Q9P0M6,Core histone macro-H2A.2,H2AFY2,n.s.,n.s.
P61158;Q9P1U1;Q9C0K3,0.22780149879012512,24.077435248683308,1.953446844617711,0.05562110196447201,0.3943787682003518,-4.2443624301138785,P61158,Actin-related protein 3,ACTR3,n.s.,n.s.
A0AV96;Q9NQ94,-0.3488322527792995,20.618456369519315,-1.948382542603981,0.05624624504646321,0.3946100565400321,-4.253246449399559,A0AV96,RNA-binding protein 47,RBM47,n.s.,n.s.
Q16186,0.23128436494302917,21.19773533473991,1.9479892295729226,0.05628635886819016,0.3946100565400321,-4.253885585372849,Q16186,Proteasomal ubiquitin receptor ADRM1,ADRM1,n.s.,n.s.
P43155,-0.6041689062842792,22.13691106252932,-1.9463923896053177,0.05649272248128029,0.3946100565400321,-4.256727259192756,P43155,Carnitine O-acetyltransferase,CRAT,n.s.,n.s.
Q16851,0.23111422839711793,23.366454012824477,1.9366627315736649,0.057688718288687664,0.3976103186871523,-4.273575611345535,Q16851,UTP--glucose-1-phosphate uridylyltransferase,UGP2,n.s.,n.s.
P08107,-0.4530197672972527,28.05627272821205,-1.9364398040882767,0.057727108289468636,0.3976103186871523,-4.27402005197041,P08107,Heat shock 70 kDa protein 1A/1B,HSPA1A,n.s.,n.s.
P15941,-0.635389308050609,22.31979637352801,-1.9325706804077531,0.058213155903168425,0.3976103186871523,-4.280721903761781,P15941,Mucin-1;Mucin-1 subunit alpha;Mucin-1 subunit beta,MUC1,n.s.,n.s.
Q15124,0.4036551483228692,20.178854420657263,1.9291357631183705,0.05864757701297343,0.3976103186871523,-4.286661871717019,Q15124,Phosphoglucomutase-like protein 5,PGM5,n.s.,n.s.
Q9UNM6,-0.21301210662662484,21.734272784304427,-1.9289790334326096,0.05865693049905203,0.3976103186871523,-4.28687608648815,Q9UNM6,26S proteasome non-ATPase regulatory subunit 13,PSMD13,n.s.,n.s.
P09382,0.5324414740579897,22.89414271676854,1.9288380485284422,0.05868535936139547,0.3976103186871523,-4.287176273194241,P09382,Galectin-1,LGALS1,n.s.,n.s.
P18754,-0.48158202237732795,22.168760040966756,-1.926725707544418,0.05895402832051562,0.3976103186871523,-4.290824062213466,P18754,Regulator of chromosome condensation,RCC1,n.s.,n.s.
O95373,-0.3124327005140195,20.883346020601838,-1.924899516708171,0.05917658889036285,0.3976103186871523,-4.293919004540479,O95373,Importin-7,IPO7,n.s.,n.s.
Q96N66,0.550035654447484,21.870480127001294,1.9185534003441218,0.06000335491119576,0.3997610614694776,-4.304903954920556,Q96N66,Lysophospholipid acyltransferase 7,MBOAT7,n.s.,n.s.
Q9Y3F4,0.253720657283381,21.572700213170215,1.9176234871515574,0.060113160623564484,0.3997610614694776,-4.306448136311355,Q9Y3F4,Serine-threonine kinase receptor-associated protein,STRAP,n.s.,n.s.
P50990,0.23698227597018828,24.183150095121956,1.9144293581164225,0.06052827589403872,0.3997610614694776,-4.311935264388991,P50990,T-complex protein 1 subunit theta,CCT8,n.s.,n.s.
P21291,0.5383095762034564,20.853822901748206,1.9137311686591751,0.0606299554602893,0.3997610614694776,-4.313187582744325,P21291,Cysteine and glycine-rich protein 1,CSRP1,n.s.,n.s.
Q86Y56,-0.20596652257702885,20.82009958275223,-1.9106855884812721,0.06101792423484475,0.4004478655598416,-4.318356441219907,Q86Y56,HEAT repeat-containing protein 2,HEATR2,n.s.,n.s.
O00194;P51159,-0.5377033108656661,21.17054660392962,-1.9061343382790203,0.06162837166793367,0.4025816315900667,-4.3262004870568065,O00194,Ras-related protein Rab-27B,RAB27B,n.s.,n.s.
Q9UGP8,0.4570393077265642,20.47041882712705,1.900308533023916,0.062403461310283286,0.40344447410893086,-4.33614908732393,Q9UGP8,Translocation protein SEC63 homolog,SEC63,n.s.,n.s.
O95292,0.49637201301788636,21.7161744961502,1.8993681599171583,0.06252934489500152,0.40344447410893086,-4.337752445786235,O95292,Vesicle-associated membrane protein-associated protein B/C,VAPB,n.s.,n.s.
Q9Y6E0,0.33857443290921907,19.541358757341968,1.8959055914279448,0.06298401139300559,0.40344447410893086,-4.343599218273102,Q9Y6E0,Serine/threonine-protein kinase 24;Serine/threonine-protein kinase 24 36 kDa subunit;Serine/threonine-protein kinase 24 12 kDa subunit,STK24,n.s.,n.s.
P57735,-0.4597853487487953,21.41769296042804,-1.8933599011957343,0.0633387412581633,0.40344447410893086,-4.347980276518443,P57735,Ras-related protein Rab-25,RAB25,n.s.,n.s.
Q04917,0.34929059704264986,23.419515462473807,1.8925007710999773,0.06345520097572482,0.40344447410893086,-4.3494404517604455,Q04917,14-3-3 protein eta,YWHAH,n.s.,n.s.
O75368,-0.6637154893405857,21.05130322904005,-1.892347281656599,0.0634760264012634,0.40344447410893086,-4.349701260921578,O75368,SH3 domain-binding glutamic acid-rich-like protein,SH3BGRL,n.s.,n.s.
Q9BQG0,0.6758789374989043,18.86827267557366,1.884328102071236,0.06457215562908171,0.40534452732583787,-4.363301669259915,Q9BQG0,Myb-binding protein 1A,MYBBP1A,n.s.,n.s.
Q9UJU6,0.33309302013944375,22.138168793615538,1.8834083074057195,0.06468902674206208,0.40534452732583787,-4.364813515199592,Q9UJU6,Drebrin-like protein,DBNL,n.s.,n.s.
O43865;Q96HN2,-0.3790866393250525,20.695272019416336,-1.8827875888712453,0.06478455134705595,0.40534452732583787,-4.365908560554619,O43865;Q96HN2,Putative adenosylhomocysteinase 2;Putative adenosylhomocysteinase 3,AHCYL1;AHCYL2,n.s.,n.s.
P13861,-0.3412076426859123,22.14386641097365,-1.881706547453492,0.06492407028748359,0.40534452732583787,-4.367692180496635,P13861,cAMP-dependent protein kinase type II-alpha regulatory subunit,PRKAR2A,n.s.,n.s.
P07339,-0.6373187709272408,24.13219757217704,-1.8728848220266547,0.06616404698769157,0.41126638898516654,-4.382621587801076,P07339,Cathepsin D;Cathepsin D light chain;Cathepsin D heavy chain,CTSD,n.s.,n.s.
Q15276,-0.34380843481386947,20.843962279376328,-1.8683026885671394,0.06681071410280788,0.41161200255099,-4.390328727943966,Q15276,Rab GTPase-binding effector protein 1,RABEP1,n.s.,n.s.
Q12904,-0.2510413527764541,21.738467439623005,-1.8654028304815506,0.06721185503587901,0.41161200255099,-4.395151576351356,Q12904,Aminoacyl tRNA synthase complex-interacting multifunctional protein 1;Endothelial monocyte-activating polypeptide 2,AIMP1,n.s.,n.s.
Q9NZB2;Q5T035,-0.34465642859179013,22.368571772712556,-1.8647374145789273,0.06731323127491931,0.41161200255099,-4.396295697690007,Q9NZB2,Constitutive coactivator of PPAR-gamma-like protein 1,FAM120A,n.s.,n.s.
Q969X5,-0.645268254808645,23.78320093381821,-1.8632533528742545,0.06752949307819507,0.41161200255099,-4.398802488793409,Q969X5,Endoplasmic reticulum-Golgi intermediate compartment protein 1,ERGIC1,n.s.,n.s.
P62266,0.208815066081808,22.729519738095586,1.8621382248279554,0.0676782314612542,0.41161200255099,-4.400625538569323,P62266,40S ribosomal protein S23,RPS23,n.s.,n.s.
Q5BKZ1,0.2935120296180429,19.910055551887982,1.8552053003755327,0.06867772338648742,0.4158981446280418,-4.412222411685748,Q5BKZ1,DBIRD complex subunit ZNF326,ZNF326,n.s.,n.s.
P10644;P31321,0.6672565191264752,21.222460173075664,1.8522181205300443,0.06912311957985778,0.4159832240056715,-4.417251520492619,P10644,cAMP-dependent protein kinase type I-alpha regulatory subunit,PRKAR1A,n.s.,n.s.
Q96TA1,0.42735624227489666,22.954458281756246,1.8511338299564741,0.06928140158847115,0.4159832240056715,-4.419059065059217,Q96TA1,Niban-like protein 1,FAM129B,n.s.,n.s.
Q9NYU2;Q9NYU1,0.3011305195834879,23.816317878474774,1.8440151699409983,0.07032816866377377,0.41953903285359123,-4.430902923953593,Q9NYU2,UDP-glucose:glycoprotein glucosyltransferase 1,UGGT1,n.s.,n.s.
Q9NQ48,-0.2931971351058884,20.318675343053442,-1.841457407318443,0.0706972605916844,0.41953903285359123,-4.435108929658192,Q9NQ48,Leucine zipper transcription factor-like protein 1,LZTFL1,n.s.,n.s.
Q9UHL4,-0.5559632862404875,21.041124441570247,-1.8410666416676587,0.07076561999940092,0.41953903285359123,-4.43579683477863,Q9UHL4,Dipeptidyl peptidase 2,DPP7,n.s.,n.s.
Q53H96,-0.34496111980246624,20.74516987182175,-1.8323199610849363,0.07207679190968216,0.4198527261576126,-4.450273756685869,Q53H96,Pyrroline-5-carboxylate reductase 3,PYCRL,n.s.,n.s.
P11940;Q9H361;Q4VXU2;Q5JQF8,0.18130785906752678,24.967367917879727,1.8316022552908164,0.07217426345969939,0.4198527261576126,-4.451417891757917,P11940,Polyadenylate-binding protein 1,PABPC1,n.s.,n.s.
P02679,0.7021204085397805,21.691618517885352,1.8309197813977338,0.0722885702942225,0.4198527261576126,-4.452585589721471,P02679,Fibrinogen gamma chain,FGG,n.s.,n.s.
Q27J81,0.5569244708247112,21.561778669814327,1.8299846211321869,0.07243030511152372,0.4198527261576126,-4.454128761113719,Q27J81,Inverted formin-2,INF2,n.s.,n.s.
P27635;Q96L21,-0.3931604331180658,22.172700405405738,-1.8282206701001997,0.07269828871806439,0.4198527261576126,-4.4570376807418874,P27635;Q96L21,60S ribosomal protein L10;60S ribosomal protein L10-like,RPL10;RPL10L,n.s.,n.s.
Q52LJ0,-0.4179157076882305,21.208526885647135,-1.8270332402982805,0.07287915444773108,0.4198527261576126,-4.458994467436625,Q52LJ0,Protein FAM98B,FAM98B,n.s.,n.s.
P39748,0.7536421862782667,20.793932685953248,1.8257808802709143,0.07307031942795666,0.4198527261576126,-4.461057036602348,P39748,Flap endonuclease 1,FEN1,n.s.,n.s.
P49915,0.4138055189702925,20.210365788408744,1.8249395013686336,0.07319898698424714,0.4198527261576126,-4.462442040179614,P49915,GMP synthase [glutamine-hydrolyzing],GMPS,n.s.,n.s.
Q58FF8,0.490498046128927,23.224976656105422,1.822652002860357,0.07354976365324355,0.4201567470231848,-4.46620466534727,Q58FF8,Putative heat shock protein HSP 90-beta 2,HSP90AB2P,n.s.,n.s.
O43795;Q9UBC5,0.43679991256844275,20.276074369117264,1.8149058496904362,0.07474809063518219,0.42528046728323415,-4.478915037848204,O43795,Unconventional myosin-Ib,MYO1B,n.s.,n.s.
Q92974,0.6626458077818178,18.10623581898398,1.8119057122813398,0.07521658705997394,0.4262273266731857,-4.483824980437173,Q92974,Rho guanine nucleotide exchange factor 2,ARHGEF2,n.s.,n.s.
Q16563,-0.3161680352822529,21.837416885882497,-1.8066788461467587,0.07602829184541304,0.42879501984714685,-4.492326878891979,Q16563,Synaptophysin-like protein 1,SYPL1,n.s.,n.s.
Q9Y2R0,-0.3166424802815939,21.26032767537634,-1.8051049732775344,0.07627749821519055,0.42879501984714685,-4.494894058193336,Q9Y2R0,Coiled-coil domain-containing protein 56,CCDC56,n.s.,n.s.
Q9NZM1;O75923,-0.5403037373151989,24.052840269564282,-1.8032214418401986,0.07658659400080572,0.4288241433934003,-4.497996859541066,Q9NZM1,Myoferlin,MYOF,n.s.,n.s.
Q9BXK5,-0.40849859193435734,20.758530970692735,-1.797792635406177,0.07745358730952107,0.4316498078337612,-4.506825480138535,Q9BXK5,Bcl-2-like protein 13,BCL2L13,n.s.,n.s.
P68036,0.38324200360261074,22.24084075215883,1.7962397933661818,0.07770308376312923,0.4316498078337612,-4.509346453511874,P68036,Ubiquitin-conjugating enzyme E2 L3,UBE2L3,n.s.,n.s.
P06702,1.074868375206897,20.804784957158027,1.7928005861401077,0.0782580559356063,0.4330279095103548,-4.514922978750965,P06702,Protein S100-A9,S100A9,n.s.,n.s.
P01023;P20742,0.5139655520656099,21.691830655662617,1.7892543644187267,0.07883375978640667,0.43450951194773363,-4.52066308774663,P01023,Alpha-2-macroglobulin,A2M,n.s.,n.s.
P26439,-0.427638482960063,21.246878641948914,-1.78480115210079,0.07956171061713499,0.4368154617929084,-4.527857002877853,P26439,3 beta-hydroxysteroid dehydrogenase/Delta 5-->4-isomerase type 2;3-beta-hydroxy-Delta(5)-steroid dehydrogenase;Steroid Delta-isomerase,HSD3B2,n.s.,n.s.
Q9UHB6,-0.44122092086420395,22.26408125161364,-1.7829121671180879,0.07987218580274814,0.4368203649909986,-4.530903740515183,Q9UHB6,LIM domain and actin-binding protein 1,LIMA1,n.s.,n.s.
P13489,-0.3584693309294913,23.43653182963641,-1.7787454683364476,0.08056060152522734,0.43709946802108013,-4.537614053890453,P13489,Ribonuclease inhibitor,RNH1,n.s.,n.s.
P52272,-0.20775225423893318,25.747805580048688,-1.7783360574961193,0.08061728321310854,0.43709946802108013,-4.538238926882018,P52272,Heterogeneous nuclear ribonucleoprotein M,HNRNPM,n.s.,n.s.
P11413,0.7221887669077915,22.821428389362076,1.7769873250061425,0.08085255928667748,0.43709946802108013,-4.54044128949864,P11413,Glucose-6-phosphate 1-dehydrogenase,G6PD,n.s.,n.s.
Q13057,-0.4130549234574872,20.106299077729624,-1.7711203130867637,0.08183322319900997,0.4382900666715719,-4.5498579120460025,Q13057,Bifunctional coenzyme A synthase;Phosphopantetheine adenylyltransferase;Dephospho-CoA kinase,COASY,n.s.,n.s.
Q99715,0.7572482909199003,25.206597998718962,1.768553662883775,0.08226533840943398,0.4382900666715719,-4.55396869862349,Q99715,Collagen alpha-1(XII) chain,COL12A1,n.s.,n.s.
Q03252,-0.28160097078549384,24.72440204761624,-1.7683277995285225,0.08230345495613593,0.4382900666715719,-4.554330190723626,Q03252,Lamin-B2,LMNB2,n.s.,n.s.
Q96G23,-0.39815025455117947,22.060856298715784,-1.768257714897657,0.08231528537772256,0.4382900666715719,-4.554442352133904,Q96G23,Ceramide synthase 2,CERS2,n.s.,n.s.
Q01518,0.24052884134531638,25.027641381415005,1.7617097215238304,0.08342685676544684,0.44253870261671235,-4.564904099018518,Q01518,Adenylyl cyclase-associated protein 1,CAP1,n.s.,n.s.
P35232,-0.25302237057729826,25.976613722675722,-1.759215921780483,0.08385346586030104,0.4428867976849011,-4.568879353298261,P35232,Prohibitin,PHB,n.s.,n.s.
P33176;Q12840;O60282,0.29182538626342946,23.344444607155047,1.757661797221996,0.08412024222505562,0.4428867976849011,-4.571354173916818,P33176,Kinesin-1 heavy chain,KIF5B,n.s.,n.s.
P10155,-0.43920603251200774,21.983708181182106,-1.7544160457031763,0.08467967201853001,0.44417478519756814,-4.576516484736417,P10155,60 kDa SS-A/Ro ribonucleoprotein,TROVE2,n.s.,n.s.
P17655,-0.5762314395883976,22.577976316070618,-1.747100478248382,0.08595189587583875,0.4491782410400314,-4.588120537476809,P17655,Calpain-2 catalytic subunit,CAPN2,n.s.,n.s.
Q14258,0.20395284013726567,21.69217284763052,1.744909138413688,0.08632471776825748,0.44946190690410076,-4.591558549071571,Q14258,E3 ubiquitin/ISG15 ligase TRIM25,TRIM25,n.s.,n.s.
O15144,0.1997590295082965,23.183897158464642,1.7361749384373377,0.08787002839058358,0.45459389951225176,-4.605341673950091,O15144,Actin-related protein 2/3 complex subunit 2,ARPC2,n.s.,n.s.
O60701,-0.9536094195295632,22.633864140882636,-1.7357635557427011,0.08795473746764332,0.45459389951225176,-4.606017726826533,O60701,UDP-glucose 6-dehydrogenase,UGDH,n.s.,n.s.
P50502;Q8NFI4;Q8IZP2,0.31820096604855763,22.771229841492836,1.7297799947740422,0.08902730269023539,0.45745266727374345,-4.61542174340703,P50502;Q8NFI4;Q8IZP2,Hsc70-interacting protein;Putative protein FAM10A5;Putative protein FAM10A4,ST13;ST13P5;ST13P4,n.s.,n.s.
P14618,0.3725566886150311,27.15500031076806,1.729064593707624,0.08915626045377707,0.45745266727374345,-4.616544152802902,P14618,Pyruvate kinase isozymes M1/M2,PKM2,n.s.,n.s.
Q99829,0.5048834452419193,20.633539508604496,1.7196678599455026,0.09086448794905057,0.4645282336815592,-4.631248302603579,Q99829,Copine-1,CPNE1,n.s.,n.s.
Q9NRV9,-0.7391037583269409,20.617309620721283,-1.7099074246420463,0.09266734058215821,0.47085868830662286,-4.646445516617312,Q9NRV9,Heme-binding protein 1,HEBP1,n.s.,n.s.
Q96TC7,-0.40213291759894787,20.319347677884064,-1.7079569876098848,0.09303111672058227,0.47085868830662286,-4.649473086481658,Q96TC7,Regulator of microtubule dynamics protein 3,FAM82A2,n.s.,n.s.
Q8TE77,-0.5779586413121685,20.404594305383394,-1.7063977936229868,0.09332276729799113,0.47085868830662286,-4.651891117724033,Q8TE77,Protein phosphatase Slingshot homolog 3,SSH3,n.s.,n.s.
Q86UP2,-0.3642994382239557,24.909617371035793,-1.704047251664127,0.0937638637651918,0.47085868830662286,-4.655532640470405,Q86UP2,Kinectin,KTN1,n.s.,n.s.
P22087,-0.36018099272954274,22.1225103972064,-1.702321024082908,0.0940888947013905,0.47085868830662286,-4.658204087658239,P22087,rRNA 2-O-methyltransferase fibrillarin,FBL,n.s.,n.s.
Q08J23,0.3439703742727893,21.65466416735367,1.7022356354956574,0.09410499652903448,0.47085868830662286,-4.658336168815062,Q08J23,tRNA (cytosine(34)-C(5))-methyltransferase,NSUN2,n.s.,n.s.
P30519,-0.2786679341571414,20.383785390600387,-1.6972515723423618,0.09503827943211078,0.4710124460935967,-4.666013359122905,P30519,Heme oxygenase 2,HMOX2,n.s.,n.s.
Q07065,0.38255108291972917,25.441434407070133,1.696111757338232,0.09526570859176725,0.4710124460935967,-4.667793209358969,Q07065,Cytoskeleton-associated protein 4,CKAP4,n.s.,n.s.
Q16832,-0.308941196543973,22.93666536951152,-1.6954417754684177,0.09539340717559185,0.4710124460935967,-4.668825996196926,Q16832,Discoidin domain-containing receptor 2,DDR2,n.s.,n.s.
P26641,0.2887960012678583,25.072186513029393,1.693300001911589,0.09580257323419868,0.4710124460935967,-4.672125110387276,P26641,Elongation factor 1-gamma,EEF1G,n.s.,n.s.
O15143,0.304124131828587,21.660135632659916,1.6875316476068936,0.09690121578338477,0.4710124460935967,-4.680970830366969,O15143,Actin-related protein 2/3 complex subunit 1B,ARPC1B,n.s.,n.s.
P62714;P67775,-0.32308954212457053,21.293995454600473,-1.686018700384295,0.09720439282951558,0.4710124460935967,-4.683312919522534,P62714,Serine/threonine-protein phosphatase 2A catalytic subunit beta isoform,PPP2CB,n.s.,n.s.
P48643,0.2530971140924976,24.40712875332419,1.6831158081564115,0.09776793907341472,0.4710124460935967,-4.687761150707745,P48643,T-complex protein 1 subunit epsilon,CCT5,n.s.,n.s.
Q16718,-0.30118766217900017,20.77607853679741,-1.6828215063077336,0.09782064255565644,0.4710124460935967,-4.688202808026475,Q16718,NADH dehydrogenase [ubiquinone] 1 alpha subcomplex subunit 5,NDUFA5,n.s.,n.s.
P23193;Q15560,-0.28902672614111324,19.89695530265268,-1.6816089075128304,0.09805209353641874,0.4710124460935967,-4.690049224846031,P23193,Transcription elongation factor A protein 1,TCEA1,n.s.,n.s.
Q9ULZ3,-0.538105225392826,21.459580560520394,-1.6806405740391763,0.0982505764437777,0.4710124460935967,-4.691548610318492,Q9ULZ3,Apoptosis-associated speck-like protein containing a CARD,PYCARD,n.s.,n.s.
P21860,-0.3775869092580528,21.254129519676894,-1.679603554312285,0.0984533609765763,0.4710124460935967,-4.693133905442421,P21860,Receptor tyrosine-protein kinase erbB-3,ERBB3,n.s.,n.s.
P13693,0.39679429610767514,21.076989620873814,1.6794096050953207,0.09849132491669178,0.4710124460935967,-4.693430298344866,P13693,Translationally-controlled tumor protein,TPT1,n.s.,n.s.
P18206,0.2822754538336838,25.275274945798845,1.6779590697957458,0.09877563558286133,0.4710124460935967,-4.695646026509754,P18206,Vinculin,VCL,n.s.,n.s.
P57088,0.24730551359918707,20.48199210162906,1.677729799921737,0.09880913114366026,0.4710124460935967,-4.695974210276673,P57088,Transmembrane protein 33,TMEM33,n.s.,n.s.
Q9UKM9,0.24448346469514703,23.19915877348469,1.674552438764321,0.0994353843267302,0.47240177537042527,-4.700823100651229,Q9UKM9,RNA-binding protein Raly,RALY,n.s.,n.s.
Q96AE4,-0.29294947084783374,20.91740195041119,-1.671613032490905,0.10001794444904309,0.4726148445942059,-4.705302029879993,Q96AE4,Far upstream element-binding protein 1,FUBP1,n.s.,n.s.
Q99442,0.2826723757988745,20.604477408936752,1.6702422122222402,0.10028893927691859,0.4726148445942059,-4.707385375848311,Q99442,Translocation protein SEC62,SEC62,n.s.,n.s.
P34913,-0.3399939119123445,20.666709972884476,-1.6693089404542896,0.1004850838967128,0.4726148445942059,-4.708823476669227,P34913,Epoxide hydrolase 2,EPHX2,n.s.,n.s.
O75915,-0.421377839362183,22.977606645653104,-1.6670802727920244,0.10092941478181008,0.473127588894133,-4.712208637313626,O75915,PRA1 family protein 3,ARL6IP5,n.s.,n.s.
A0MZ66,-0.41977328144653114,21.468508416121413,-1.664685961015186,0.10140855880567315,0.4737995909761749,-4.715840850772336,A0MZ66,Shootin-1,KIAA1598,n.s.,n.s.
Q13422,-0.6479148129664054,22.682720531920836,-1.6577582745605193,0.10280538935776808,0.4787406085274283,-4.7263237276145675,Q13422,DNA-binding protein Ikaros,IKZF1,n.s.,n.s.
Q5JPE7;P69849;Q15155,0.22970810322258473,22.225107884459902,1.6457458829528022,0.10525308846395656,0.485691080821805,-4.744388432874034,Q5JPE7;P69849;Q15155,Nodal modulator 2;Nodal modulator 3;Nodal modulator 1,NOMO2;NOMO3;NOMO1,n.s.,n.s.
Q03518,0.5252947754004644,20.55808108146918,1.6447696471290145,0.10546659423052178,0.485691080821805,-4.745871453920273,Q03518,Antigen peptide transporter 1,TAP1,n.s.,n.s.
O75298,-0.3392206592468092,20.72773936644546,-1.643070619039919,0.10581881577039717,0.485691080821805,-4.748418185199404,O75298,Reticulon-2,RTN2,n.s.,n.s.
Q96A49,0.3769078170612268,21.274915635077583,1.6425062024268058,0.10593603530318825,0.485691080821805,-4.749263681525334,Q96A49,Synapse-associated protein 1,SYAP1,n.s.,n.s.
Q8TB61,-0.278520188829642,20.056277290358143,-1.6419891593513392,0.1060349961355161,0.485691080821805,-4.750024533499963,Q8TB61,Adenosine 3-phospho 5-phosphosulfate transporter 1,SLC35B2,n.s.,n.s.
P60228,-0.2053354911622769,21.811937378347285,-1.6403979737653198,0.1063632487412741,0.485691080821805,-4.752401372286763,P60228,Eukaryotic translation initiation factor 3 subunit E,EIF3E,n.s.,n.s.
P27105,-0.7397628545454538,22.149606035144476,-1.6382587657336012,0.10682154775788162,0.4862103351173257,-4.7556179087174435,P27105,Erythrocyte band 7 integral membrane protein,STOM,n.s.,n.s.
P61160,0.24571178054916132,22.922804683223838,1.6278666795486934,0.1090023325513657,0.49454112935683925,-4.771085456756363,P61160,Actin-related protein 2,ACTR2,n.s.,n.s.
P21333,0.4347117814883994,27.257041248673602,1.626047379861152,0.10940096610848231,0.4947588563431684,-4.773803288780565,P21333,Filamin-A,FLNA,n.s.,n.s.
Q9P1F3,0.486434301042312,20.530155190363658,1.6215751055516117,0.1103581992011035,0.4974933516701503,-4.780432604010467,Q9P1F3,Costars family protein ABRACL,ABRACL,n.s.,n.s.
Q9UJZ1,-0.35905388599630683,22.95167206502004,-1.6148046623591765,0.1118202333301567,0.5001946018850624,-4.790436998045171,Q9UJZ1,Stomatin-like protein 2,STOML2,n.s.,n.s.
P50552,0.24494959506727554,20.1764570161508,1.6136144731213309,0.11206726826289098,0.5001946018850624,-4.792176152163019,P50552,Vasodilator-stimulated phosphoprotein,VASP,n.s.,n.s.
Q9BS26,0.30815085400403674,22.443775350283737,1.608088720092083,0.1132859501002857,0.5001946018850624,-4.800323301437267,Q9BS26,Endoplasmic reticulum resident protein 44,ERP44,n.s.,n.s.
P23284,0.2427823133893945,23.647353986411602,1.6074449143119671,0.11342726927187873,0.5001946018850624,-4.801269058995251,P23284,Peptidyl-prolyl cis-trans isomerase B,PPIB,n.s.,n.s.
Q9P2E9;Q8N4C6,0.33838147289566933,24.49621447740785,1.6069586228525208,0.11353410756362889,0.5001946018850624,-4.801983198163603,Q9P2E9,Ribosome-binding protein 1,RRBP1,n.s.,n.s.
Q7Z7H5,-0.35615022245029593,22.077208455073468,-1.6065427092734355,0.11362554834645452,0.5001946018850624,-4.802593828685798,Q7Z7H5,Transmembrane emp24 domain-containing protein 4,TMED4,n.s.,n.s.
O00161,-0.30025148283653635,20.639647051542262,-1.6055133543897648,0.11385211338175365,0.5001946018850624,-4.804104475577703,O00161,Synaptosomal-associated protein 23,SNAP23,n.s.,n.s.
P08240,0.222199673505191,20.249606517617718,1.602420271441834,0.11452350989668256,0.5001946018850624,-4.808623872192387,P08240,Signal recognition particle receptor subunit alpha,SRPR,n.s.,n.s.
P43487,0.335354216804145,20.556370812808833,1.6023037124894604,0.11456091262759761,0.5001946018850624,-4.808809187282296,P43487,Ran-specific GTPase-activating protein,RANBP1,n.s.,n.s.
O60437,-0.5478632394118605,21.23421253453855,-1.599198965568229,0.11524993390315298,0.5001946018850624,-4.813351996217182,O60437,Periplakin,PPL,n.s.,n.s.
P30047,-0.3447139230305396,24.294285760237518,-1.598429785232195,0.11542115024417192,0.5001946018850624,-4.8144762080105465,P30047,GTP cyclohydrolase 1 feedback regulatory protein,GCHFR,n.s.,n.s.
P62847,-0.27522077008844903,22.503696335256922,-1.5980289304834379,0.1154998286288295,0.5001946018850624,-4.815048853804056,P62847,40S ribosomal protein S24,RPS24,n.s.,n.s.
P26640,0.37082883900642116,23.59887119863361,1.5977803645538253,0.11556586833063807,0.5001946018850624,-4.8154249994292115,P26640,Valine--tRNA ligase,VARS,n.s.,n.s.
P40121,-0.34662118752253335,24.095050423518924,-1.5909629375501357,0.11709392682577302,0.5027929173082293,-4.825363953178716,P40121,Macrophage-capping protein,CAPG,n.s.,n.s.
Q14152,-0.14055268058727322,23.427641345260387,-1.5901296067708908,0.11727021457132882,0.5027929173082293,-4.826562643189243,Q14152,Eukaryotic translation initiation factor 3 subunit A,EIF3A,n.s.,n.s.
O14599;P47804,0.2701443185850074,21.28798386474424,1.5872346694670953,0.11792559651856038,0.5027929173082293,-4.830770503302182,O14599;P47804,Testis-specific basic protein Y 2;RPE-retinal G protein-coupled receptor,BPY2;RGR,n.s.,n.s.
P12814;P35609;Q08043,0.3033077933802879,24.976888500449494,1.5840699014908421,0.11865544102490552,0.5027929173082293,-4.835373782599133,P12814,Alpha-actinin-1,ACTN1,n.s.,n.s.
Q9H0D6,0.2957594173295419,21.729378474819093,1.5832451819190743,0.11883609721561894,0.5027929173082293,-4.83656061870444,Q9H0D6,5-3 exoribonuclease 2,XRN2,n.s.,n.s.
P16615;O14983,0.27982456553195334,23.764477220888978,1.58272186542875,0.11896276851143885,0.5027929173082293,-4.837326724133618,P16615,Sarcoplasmic/endoplasmic reticulum calcium ATPase 2,ATP2A2,n.s.,n.s.
P51149,0.17782510946272367,24.724316722227538,1.582604826143379,0.11897787241071148,0.5027929173082293,-4.837483298622068,P51149,Ras-related protein Rab-7a,RAB7A,n.s.,n.s.
Q9H4A6,-0.3836778430477956,19.936740178803635,-1.579566697040511,0.11968459226568984,0.5027929173082293,-4.841891788658473,Q9H4A6,Golgi phosphoprotein 3,GOLPH3,n.s.,n.s.
O60832,-0.24730446382234916,22.24480260680508,-1.5790737000401995,0.1197860851312094,0.5027929173082293,-4.842591714086716,O60832,H/ACA ribonucleoprotein complex subunit 4,DKC1,n.s.,n.s.
P31025,-0.34896685785869863,22.286064132725347,-1.578721150872896,0.11987862912783842,0.5027929173082293,-4.843113758375899,P31025,Lipocalin-1,LCN1,n.s.,n.s.
P21399,-0.33315824479976186,21.833723601165524,-1.5762950761175265,0.12043677109694147,0.5027929173082293,-4.846616570171459,P21399,Cytoplasmic aconitate hydratase,ACO1,n.s.,n.s.
P55735,-0.28596806579541223,22.325061034590004,-1.5751838608011512,0.12068460169152372,0.5027929173082293,-4.848210307920686,P55735,Protein SEC13 homolog,SEC13,n.s.,n.s.
O43830,0.33861098906729126,20.19764574573428,1.5747272149992237,0.12079858183379853,0.5027929173082293,-4.848877663170252,O43830,Zinc finger protein 73,ZNF73,n.s.,n.s.
P34820,0.439356936789423,22.460592190320753,1.56719527660782,0.12254888950967938,0.5085778914651694,-4.859711227905179,P34820,Bone morphogenetic protein 8B,BMP8B,n.s.,n.s.
O75323,-0.3174076761977638,21.507542209739185,-1.5566768184439275,0.1250271801962272,0.5120442423422066,-4.874761054893704,O75323,Protein NipSnap homolog 2,GBAS,n.s.,n.s.
Q99733,-0.30520416921582694,22.413033499463296,-1.5564886025320075,0.12507188892666796,0.5120442423422066,-4.875029510918807,Q99733,Nucleosome assembly protein 1-like 4,NAP1L4,n.s.,n.s.
P29966,0.5764592605174528,20.48197206373731,1.5563564524790319,0.1251032874378515,0.5120442423422066,-4.875217981381905,P29966,Myristoylated alanine-rich C-kinase substrate,MARCKS,n.s.,n.s.
O95793,0.2829350206767707,20.18535529353527,1.5542201380888594,0.12561174562993038,0.5120442423422066,-4.878262731285106,O95793,Double-stranded RNA-binding protein Staufen homolog 1,STAU1,n.s.,n.s.
P06744;Q8N196,0.29636621865169843,25.549542061604683,1.5514967567417044,0.12626232441316448,0.5120442423422066,-4.882138643275379,P06744,Glucose-6-phosphate isomerase,GPI,n.s.,n.s.
P80303,-0.4877314296791688,21.142477186185154,-1.5509635328835938,0.12639001903340283,0.5120442423422066,-4.882896798689695,P80303,Nucleobindin-2,NUCB2,n.s.,n.s.
Q14126,-0.39176815996034975,22.573817672051803,-1.5491281189431017,0.1268303467440583,0.5120442423422066,-4.885504628324671,Q14126,Desmoglein-2,DSG2,n.s.,n.s.
Q9BV40,0.2972485199306547,21.78050989212673,1.5474506807676323,0.1272305828421002,0.5120442423422066,-4.887882688522237,Q9BV40,Vesicle-associated membrane protein 8,VAMP8,n.s.,n.s.
P26196,0.2424254708192244,21.726102999346082,1.547368698408129,0.12724198535909703,0.5120442423422066,-4.8879917349478035,P26196,Probable ATP-dependent RNA helicase DDX6,DDX6,n.s.,n.s.
Q9UNL2,0.22308000198771083,21.714566576471878,1.54544613779954,0.12770576552736937,0.5120442423422066,-4.890717663773676,Q9UNL2,Translocon-associated protein subunit gamma,SSR3,n.s.,n.s.
P48039,-0.19103361114968465,24.03828301686746,-1.5432774944244214,0.12823052645484878,0.5120442423422066,-4.893788779924501,P48039,Melatonin receptor type 1A,MTNR1A,n.s.,n.s.
Q9NQC3,-0.303905032729201,24.214206532125115,-1.5423798100037367,0.12845985296949333,0.5120442423422066,-4.895068594285515,Q9NQC3,Reticulon-4,RTN4,n.s.,n.s.
P51858;Q9Y3E1,0.3673646475159309,20.958292888348137,1.5418620272152517,0.12858556804853594,0.5120442423422066,-4.895800836996198,P51858,Hepatoma-derived growth factor,HDGF,n.s.,n.s.
P26583,0.42664047938665206,21.894774032745847,1.540919095413217,0.12881475920688418,0.5120442423422066,-4.897133742344203,P26583,High mobility group protein B2,HMGB2,n.s.,n.s.
Q16643,0.3511022387907552,20.7822134979331,1.540866415226744,0.12882757337454523,0.5120442423422066,-4.897208187740702,Q16643,Drebrin,DBN1,n.s.,n.s.
P55060,0.31494846813424004,25.94699084883081,1.5368001400588822,0.12981974328634982,0.514538364542246,-4.902947438522378,P55060,Exportin-2,CSE1L,n.s.,n.s.
Q9BTT0,0.38834277080541213,20.88708647085873,1.5268501685495712,0.13227321025251704,0.5227941167123292,-4.916932463625869,Q9BTT0,Acidic leucine-rich nuclear phosphoprotein 32 family member E,ANP32E,n.s.,n.s.
P43243,-0.2319137390330681,25.14188774492825,-1.5201864696881002,0.1339368563703993,0.5267881021809137,-4.926251920875108,P43243,Matrin-3,MATR3,n.s.,n.s.
P51153,-0.3048402786787179,20.846459622460245,-1.5176324542192707,0.13457887297981383,0.5267881021809137,-4.92981389671169,P51153,Ras-related protein Rab-13,RAB13,n.s.,n.s.
P78371,0.19217254629610636,25.153620885594872,1.5130645830057725,0.13572259483201346,0.5267881021809137,-4.936163831228479,P78371,T-complex protein 1 subunit beta,CCT2,n.s.,n.s.
Q00341,0.22507833343227546,24.083877329963084,1.5109535769672189,0.1362693205386419,0.5267881021809137,-4.939102633475579,Q00341,Vigilin,HDLBP,n.s.,n.s.
Q16181;Q6ZU15,0.19680925550204265,23.30830349168168,1.5093466077099684,0.13666697049462082,0.5267881021809137,-4.941324587978522,Q16181,Septin-7,41524.0,n.s.,n.s.
Q9Y230,-0.1833841663164968,23.552111768344073,-1.5081059218566404,0.13698358931313495,0.5267881021809137,-4.943044343439626,Q9Y230,RuvB-like 2,RUVBL2,n.s.,n.s.
P31150,0.3862944183108077,23.166603550147187,1.5080112608904865,0.1370193486459159,0.5267881021809137,-4.943182751433011,P31150,Rab GDP dissociation inhibitor alpha,GDI1,n.s.,n.s.
O95864,-0.34725825139584643,21.0356361367868,-1.507099428462933,0.13725244670933767,0.5267881021809137,-4.944445708008075,O95864,Fatty acid desaturase 2,FADS2,n.s.,n.s.
Q5TDH0,-0.3052794744181817,20.249851289316407,-1.5070212180786695,0.13727245477919023,0.5267881021809137,-4.944554002575293,Q5TDH0,Protein DDI1 homolog 2,DDI2,n.s.,n.s.
Q15067,0.45620444821321016,20.350855374613964,1.504105358633289,0.1380200493265592,0.5267881021809137,-4.948587780023898,Q15067,Peroxisomal acyl-coenzyme A oxidase 1,ACOX1,n.s.,n.s.
P61769,0.5317851139861354,22.49704637474901,1.5024577468829354,0.13844390072063487,0.5267881021809137,-4.950863896215765,P61769,Beta-2-microglobulin;Beta-2-microglobulin form pI 5.3,B2M,n.s.,n.s.
Q92599,0.33233883159067545,20.76700525411222,1.49994759134201,0.13909162064893482,0.5267881021809137,-4.954327173670652,Q92599,Septin-8,41525.0,n.s.,n.s.
P54132,-0.16256704703107516,23.08453093614267,-1.498824945852794,0.13937051418270882,0.5267881021809137,-4.9558677422897865,P54132,Bloom syndrome protein,BLM,n.s.,n.s.
O15018,-0.3239287649734699,20.8673483064689,-1.4969537074789465,0.13986729024892888,0.5267881021809137,-4.958450885497619,O15018,PDZ domain-containing protein 2;Processed PDZ domain-containing protein 2,PDZD2,n.s.,n.s.
Q14247,0.399474712815465,23.484329086327605,1.496882713289025,0.13988572513547257,0.5267881021809137,-4.958548579336599,Q14247,Src substrate cortactin,CTTN,n.s.,n.s.
Q9UM00,0.2562339951005086,20.739466823490194,1.4947588035964898,0.1404281807251151,0.5267881021809137,-4.961463813455529,Q9UM00,Transmembrane and coiled-coil domain-containing protein 1,TMCO1,n.s.,n.s.
P51608,0.29626284672796643,19.85587872964464,1.4947179199452367,0.14044877341608691,0.5267881021809137,-4.961525464829778,P51608,Methyl-CpG-binding protein 2,MECP2,n.s.,n.s.
P02743,-0.5579718125881463,21.06210475507731,-1.4940280652247173,0.1406285753553832,0.5267881021809137,-4.962473275534817,P02743,Serum amyloid P-component;Serum amyloid P-component(1-203),APCS,n.s.,n.s.
P05161,-0.6276140290131487,21.677636048511292,-1.4934685960102143,0.14077452730167084,0.5267881021809137,-4.963241650080927,P05161,Ubiquitin-like protein ISG15,ISG15,n.s.,n.s.
P62158,0.28404680401179405,25.723175314585998,1.492759327389602,0.14095973005041207,0.5267881021809137,-4.964215378053465,P62158,Calmodulin,CALM1,n.s.,n.s.
Q14204,0.19829306498900223,25.576587759704605,1.4921125531955661,0.1411239565020449,0.5267881021809137,-4.965100356782978,Q14204,Cytoplasmic dynein 1 heavy chain 1,DYNC1H1,n.s.,n.s.
Q9Y6N3,-0.36912405618105737,24.657006372235312,-1.489017250540754,0.14194003745221342,0.5280094718855529,-4.969345679766185,Q9Y6N3,Calcium-activated chloride channel regulator family member 3,CLCA3P,n.s.,n.s.
P62805,-0.1824557201548238,30.26343805346633,-1.4879860314696418,0.14219957428526583,0.5280094718855529,-4.970751456336396,P62805,Histone H4,HIST1H4A,n.s.,n.s.
P43246,0.3491313492653312,20.700378417764785,1.4839360671988264,0.1432797416734235,0.5306239252000015,-4.976292871436386,P43246,DNA mismatch repair protein Msh2,MSH2,n.s.,n.s.
P62136,0.18485293147923088,22.458262957242304,1.475741108930329,0.14544984093611896,0.5372505904734656,-4.987446061400207,P62136,Serine/threonine-protein phosphatase PP1-alpha catalytic subunit,PPP1CA,n.s.,n.s.
P35637,-0.3118780907483867,23.02142242155346,-1.4741524416756426,0.14588730909475137,0.5374595120958072,-4.989607747143701,P35637,RNA-binding protein FUS,FUS,n.s.,n.s.
P39023;Q92901,-0.1366101721201538,24.411741959992383,-1.4669323974876658,0.14782389870935758,0.540979307213076,-4.999377031196168,P39023,60S ribosomal protein L3,RPL3,n.s.,n.s.
Q14011,-0.34730729564171625,22.953187649525077,-1.466405948733405,0.14797825683600727,0.540979307213076,-5.000092556005772,Q14011,Cold-inducible RNA-binding protein,CIRBP,n.s.,n.s.
P12429,0.6049307926774894,20.912601738295166,1.4663519226330284,0.1479929217464545,0.540979307213076,-5.000165500730143,P12429,Annexin A3,ANXA3,n.s.,n.s.
Q15582,0.5487211227098996,22.412267247602436,1.4621513749981596,0.14913661572294368,0.5425410718789445,-5.005829377052171,Q15582,Transforming growth factor-beta-induced protein ig-h3,TGFBI,n.s.,n.s.
Q10567,0.2558750481533245,21.636947599691858,1.4597091467901295,0.14979420232650245,0.5425410718789445,-5.009111678634806,Q10567,AP-1 complex subunit beta-1,AP1B1,n.s.,n.s.
O14950;P19105,0.2203741477702934,24.52483210523521,1.4592456047996232,0.1499318200324314,0.5425410718789445,-5.00973863377385,O14950;P19105,Myosin regulatory light chain 12B;Myosin regulatory light chain 12A,MYL12B;MYL12A,n.s.,n.s.
P50851;Q8NFP9,-0.3840727658488916,23.58748369212979,-1.4591494218639536,0.14995819846405978,0.5425410718789445,-5.0098679098902075,P50851,Lipopolysaccharide-responsive and beige-like anchor protein,LRBA,n.s.,n.s.
O60841,0.1541302548080843,20.016456739945657,1.456593143368123,0.1506490990136272,0.5436467486143938,-5.01329684916249,O60841,Eukaryotic translation initiation factor 5B,EIF5B,n.s.,n.s.
P35222,-0.3510754533353406,22.75147631239936,-1.4470282257334683,0.15331163435821046,0.5505670289111595,-5.0260965036710115,P35222,Catenin beta-1,CTNNB1,n.s.,n.s.
Q9H4A4,-0.31792857781127637,24.068511391899204,-1.4467756904545614,0.15338211789024883,0.5505670289111595,-5.026433281288909,Q9H4A4,Aminopeptidase B,RNPEP,n.s.,n.s.
Q9BRX8,0.46468757082371326,20.822514200459885,1.4453835132052502,0.15377113376249804,0.5505670289111595,-5.028288893241949,Q9BRX8,Redox-regulatory protein FAM213A,FAM213A,n.s.,n.s.
P0C0S5;Q71UI9,-0.2491083505401832,24.448555700146,-1.4434374803164052,0.1543162028082118,0.5505670289111595,-5.030879959379925,P0C0S5;Q71UI9,Histone H2A.Z;Histone H2A.V,H2AFZ;H2AFV,n.s.,n.s.
P31942,0.23846716615992491,23.462053933194134,1.4427192683301178,0.15451774872347213,0.5505670289111595,-5.03183541379171,P31942,Heterogeneous nuclear ribonucleoprotein H3,HNRNPH3,n.s.,n.s.
Q08257,-0.4387453565918733,22.945886217503187,-1.438882626186894,0.15559787196312527,0.5530191368764982,-5.036931929746218,Q08257,Quinone oxidoreductase,CRYZ,n.s.,n.s.
P35270,-0.5726286841857977,19.939669356413077,-1.4357976161638633,0.15647064758766932,0.5547238285080438,-5.041020874087919,P35270,Sepiapterin reductase,SPR,n.s.,n.s.
O14579,-0.23266791261550424,22.48429232515533,-1.4300845214098854,0.1580855490483097,0.558432018362222,-5.048569182777475,O14579,Coatomer subunit epsilon,COPE,n.s.,n.s.
P55036;A2A3N6,-0.1710955262348861,21.937033889023592,-1.4279635405239803,0.15869266435409982,0.558432018362222,-5.051365415771482,P55036;A2A3N6,26S proteasome non-ATPase regulatory subunit 4;Putative PIP5K1A and PSMD4-like protein,PSMD4;PIPSL,n.s.,n.s.
P02545,-0.22032419857412933,28.353809024383914,-1.4279641348075125,0.15870392584213397,0.558432018362222,-5.051366998910273,P02545,Prelamin-A/C;Lamin-A/C,LMNA,n.s.,n.s.
P08670;P41219;P07197;Q16352,0.3548381883025371,27.86700505972427,1.4257036687788802,0.1593529533181478,0.559320938139071,-5.054342766646904,P08670,Vimentin,VIM,n.s.,n.s.
O95786,-0.3227369344328288,21.019338171165252,-1.4235005073754394,0.1599875084574997,0.5601547752693103,-5.0572388877103895,O95786,Probable ATP-dependent RNA helicase DDX58,DDX58,n.s.,n.s.
Q8NFF5,0.31800182060495885,20.586338463561486,1.4138088139307752,0.16280221707501397,0.5685988324080314,-5.069929534495648,Q8NFF5,FAD synthase;Molybdenum cofactor biosynthesis protein-like region;FAD synthase region,FLAD1,n.s.,n.s.
Q9NSE2,-0.31033386994378276,23.346336717878586,-1.4108907039911898,0.1636571744223356,0.5701735138516433,-5.073734839813946,Q9NSE2,Cytokine-inducible SH2-containing protein,CISH,n.s.,n.s.
P09960,-0.34994456211376956,22.629342916391245,-1.408653675714137,0.16431493448884177,0.5701997866180332,-5.076647047110908,P09960,Leukotriene A-4 hydrolase,LTA4H,n.s.,n.s.
Q92664,0.47484404675920544,18.447619855280653,1.4066919289014732,0.16489343286002214,0.5701997866180332,-5.079197353205072,Q92664,Transcription factor IIIA,GTF3A,n.s.,n.s.
P26599,-0.12237501804548145,25.88000486394133,-1.4046575318774883,0.16548364861458578,0.5701997866180332,-5.081837458048121,P26599,Polypyrimidine tract-binding protein 1,PTBP1,n.s.,n.s.
O00231,0.11521902269507223,23.513079470384994,1.4038115337302515,0.1657343160399556,0.5701997866180332,-5.082934815638214,O00231,26S proteasome non-ATPase regulatory subunit 11,PSMD11,n.s.,n.s.
P27816,0.40255198446720897,22.990204659433058,1.4005857606097836,0.16670415079478212,0.5701997866180332,-5.087114331691598,P27816,Microtubule-associated protein 4,MAP4,n.s.,n.s.
Q15417,-0.45053704487315116,21.249706953962505,-1.400208376127495,0.16681656139780224,0.5701997866180332,-5.0876025802384195,Q15417,Calponin-3,CNN3,n.s.,n.s.
Q6UW68,-0.3639344178994719,22.398101124697266,-1.3989232049932876,0.16719981081206384,0.5701997866180332,-5.0892643774251844,Q6UW68,Transmembrane protein 205,TMEM205,n.s.,n.s.
P12830,-0.362265156921481,23.093411306714483,-1.3982600770675018,0.1673978267830759,0.5701997866180332,-5.090121283225836,P12830,Cadherin-1;E-Cad/CTF1;E-Cad/CTF2;E-Cad/CTF3,CDH1,n.s.,n.s.
Q13242,0.2579149420720874,22.035014667717633,1.3976187546495704,0.16758018801464844,0.5701997866180332,-5.090948985779031,Q13242,Serine/arginine-rich splicing factor 9,SRSF9,n.s.,n.s.
P19484,0.28444111757718815,21.754685480967034,1.395931401784253,0.16809462253943852,0.5701997866180332,-5.093127444655534,P19484,Transcription factor EB,TFEB,n.s.,n.s.
Q9H0U3,0.2577228493235779,20.849597810067326,1.395288383435367,0.16828742231512359,0.5701997866180332,-5.0939567161362564,Q9H0U3,Magnesium transporter protein 1,MAGT1,n.s.,n.s.
A8MWD9;P62308,-0.15873303914825598,21.020464307779008,-1.393620465398619,0.16877698438703762,0.5701997866180332,-5.096105478491214,A8MWD9;P62308,Small nuclear ribonucleoprotein G-like protein;Small nuclear ribonucleoprotein G,SNRPG,n.s.,n.s.
P30050,0.15680987851143513,24.831113442454125,1.3931510924253794,0.16891815081951655,0.5701997866180332,-5.096709932108936,P30050,60S ribosomal protein L12,RPL12,n.s.,n.s.
P81605,-0.5388616999198774,21.527411942212005,-1.3913897343279993,0.16946002527532483,0.5706637128006762,-5.098977011668062,P81605,Dermcidin;Survival-promoting peptide;DCD-1,DCD,n.s.,n.s.
Q9NR23,-0.34676390672360213,21.693734260304446,-1.3869615884851623,0.17079950106548122,0.5738049904842715,-5.104663276560004,Q9NR23,Growth/differentiation factor 3,GDF3,n.s.,n.s.
Q13155,-0.1350200316121466,21.050752995138197,-1.3833035189124143,0.17190086233793114,0.5738819050236174,-5.109347806304118,Q13155,Aminoacyl tRNA synthase complex-interacting multifunctional protein 2,AIMP2,n.s.,n.s.
P12525;P17538,0.6235903134379299,21.92014137713801,1.3817782864119776,0.17237772643002067,0.5738819050236174,-5.1112978023322,P12525,Protein L-Myc-2,MYCL2,n.s.,n.s.
Q9UNS2,-0.15233683270943743,20.554568780015423,-1.3817376152228358,0.17237886027761282,0.5738819050236174,-5.111349710243717,Q9UNS2,COP9 signalosome complex subunit 3,COPS3,n.s.,n.s.
P26038,0.3578144304938604,22.5908883102294,1.3815441656346852,0.17244927549965539,0.5738819050236174,-5.111596926023392,P26038,Moesin,MSN,n.s.,n.s.
P46459,-0.21683095391820828,23.24416641468062,-1.3790043268096688,0.17322243886891875,0.5750984970448102,-5.114838933752535,P46459,Vesicle-fusing ATPase,NSF,n.s.,n.s.
P61020,-0.20716493931474034,21.82963121261242,-1.3695887287844482,0.17612207563616813,0.583352696532003,-5.126809412008072,P61020,Ras-related protein Rab-5B,RAB5B,n.s.,n.s.
Q9Y4L1,0.30222561763063993,23.9808732047746,1.36460500824602,0.17768672019014217,0.5871568201130928,-5.133113738159954,Q9Y4L1,Hypoxia up-regulated protein 1,HYOU1,n.s.,n.s.
P36537,-0.17205746294073165,24.248782420148007,-1.3548405520190099,0.1807502936217603,0.5948165176548936,-5.145405382095953,P36537,UDP-glucuronosyltransferase 2B10,UGT2B10,n.s.,n.s.
Q14677,-0.16540131561901106,21.103757256021638,-1.354529845422446,0.1808478285428415,0.5948165176548936,-5.145795224871551,Q14677,Clathrin interactor 1,CLINT1,n.s.,n.s.
Q9HC07,0.29868271732789964,21.51546244087571,1.3520472480066361,0.18164729146441042,0.5952271679315146,-5.148905140887239,Q9HC07,Transmembrane protein 165,TMEM165,n.s.,n.s.
P62820,0.17073562368961248,25.672795816495285,1.351483595798613,0.18181637801451653,0.5952271679315146,-5.149611893045594,P62820,Ras-related protein Rab-1A,RAB1A,n.s.,n.s.
P30419;Q06945,0.4951334225309445,24.5089392411975,1.3492653913121848,0.18253368464937392,0.5959640786061423,-5.1523848703062765,P30419,Glycylpeptide N-tetradecanoyltransferase 1,NMT1,n.s.,n.s.
Q13009,-0.2481082055470516,22.98343328635887,-1.3469558139270363,0.18327209093582686,0.5959640786061423,-5.155268750412775,Q13009,T-lymphoma invasion and metastasis-inducing protein 1,TIAM1,n.s.,n.s.
Q8IV36,0.13401097408965157,20.08846591441222,1.346806999294684,0.18330858264710542,0.5959640786061423,-5.1554558661851,Q8IV36,Protein hid-1 homolog,C17orf28,n.s.,n.s.
P62140,0.16907192290338457,21.084982568569625,1.3432640636519182,0.18444596221711498,0.5973475839590032,-5.159870497889614,P62140,Serine/threonine-protein phosphatase PP1-beta catalytic subunit,PPP1CB,n.s.,n.s.
P05090,-0.6869916922482098,23.594398194744763,-1.342879689805103,0.18458082679385215,0.5973475839590032,-5.16034717448619,P05090,Apolipoprotein D,APOD,n.s.,n.s.
O15321,-0.33137221002047923,22.367968472849753,-1.3388869560881524,0.18586965798883115,0.6001420764811002,-5.1653077406117704,O15321,Transmembrane 9 superfamily member 1,TM9SF1,n.s.,n.s.
Q13085,0.4712230459473119,21.2017983323051,1.3356996987763345,0.18690337730615691,0.6021019757511128,-5.169257660868677,Q13085,Acetyl-CoA carboxylase 1;Biotin carboxylase,ACACA,n.s.,n.s.
Q15287,-0.15749611918261408,21.09973353617759,-1.328057629331424,0.18938857682617466,0.6084703918266583,-5.1786946416162305,Q15287,RNA-binding protein with serine-rich domain 1,RNPS1,n.s.,n.s.
Q9UJ70,0.22256194973039456,22.048229896034186,1.3258296249724602,0.19012109215827988,0.6084703918266583,-5.181435839376178,Q9UJ70,N-acetyl-D-glucosamine kinase,NAGK,n.s.,n.s.
O75534,0.1837211406849839,20.657462306624577,1.325669106188299,0.1901739495361845,0.6084703918266583,-5.181633165099327,O75534,Cold shock domain-containing protein E1,CSDE1,n.s.,n.s.
Q8IZ83,-0.2633749910540075,21.137038054868892,-1.3228157266393985,0.1911264587150853,0.6100196901019264,-5.185134699838884,Q8IZ83,Aldehyde dehydrogenase family 16 member A1,ALDH16A1,n.s.,n.s.
P98095,0.3551396147697403,20.797000876062615,1.3216175244880868,0.1915228367931633,0.6100196901019264,-5.186603925517909,P98095,Fibulin-2,FBLN2,n.s.,n.s.
Q96EX3,-0.27596330411696357,21.001061275663435,-1.317248430181608,0.1929734376541252,0.6124100966687744,-5.191950697045769,Q96EX3,WD repeat-containing protein 34,WDR34,n.s.,n.s.
P14866;Q8WVV9,-0.13662633228443966,24.875772240597072,-1.3167110692816433,0.19314138413721094,0.6124100966687744,-5.192609767466245,P14866,Heterogeneous nuclear ribonucleoprotein L,HNRNPL,n.s.,n.s.
P52788,-0.685777949136213,18.24523493104482,-1.3124320314443838,0.19458213229782467,0.6143148517016946,-5.197825621032157,P52788,Spermine synthase,SMS,n.s.,n.s.
P68400,0.16370910982026032,22.05476009884436,1.3111214281179413,0.19501061154774005,0.6143148517016946,-5.199423577820236,P68400,Casein kinase II subunit alpha,CSNK2A1,n.s.,n.s.
P51571,0.18074777369688988,23.570243740893478,1.3103283646101722,0.19527783987872518,0.6143148517016946,-5.200387886211034,P51571,Translocon-associated protein subunit delta,SSR4,n.s.,n.s.
Q9BY44,0.2102672642773058,20.54979374229573,1.307859617133669,0.196108385755307,0.6143148517016946,-5.203386984052765,Q9BY44,Eukaryotic translation initiation factor 2A,EIF2A,n.s.,n.s.
P13667,0.2530177361639865,25.52970599513591,1.3065948205570455,0.19654529072709176,0.6143148517016946,-5.2049186339786315,P13667,Protein disulfide-isomerase A4,PDIA4,n.s.,n.s.
P11388,0.3793976967974366,21.42670462625552,1.3062245884132908,0.19667030670859398,0.6143148517016946,-5.205367515865017,P11388,DNA topoisomerase 2-alpha,TOP2A,n.s.,n.s.
O75352,-0.27441968087005364,20.701331660250908,-1.305871075782457,0.19678973279175477,0.6143148517016946,-5.205796014976203,O75352,Mannose-P-dolichol utilization defect 1 protein,MPDU1,n.s.,n.s.
P33121;Q9ULC5,0.41955207867314215,21.015479686645385,1.301313883166171,0.19833415774724136,0.6177693081266171,-5.211310118213779,P33121,Long-chain-fatty-acid--CoA ligase 1,ACSL1,n.s.,n.s.
P60903,-0.49423217460400437,22.1585921102522,-1.2998215871616317,0.1988418663719465,0.6179865053982743,-5.213111828118276,P60903,Protein S100-A10,S100A10,n.s.,n.s.
P15924,-0.3251101891047803,26.38736448452664,-1.295377660044605,0.20035955211081868,0.6213347868755279,-5.218465656686214,P15924,Desmoplakin,DSP,n.s.,n.s.
P08195,0.38215832221285595,20.886107480978772,1.2933671540920335,0.20104902256498766,0.6221056378052578,-5.220882154950742,P08195,4F2 cell-surface antigen heavy chain,SLC3A2,n.s.,n.s.
Q00688,-0.24458089492078372,21.828033035033524,-1.2907662543528897,0.20193903690323764,0.6234782412377986,-5.224004494435894,Q00688,Peptidyl-prolyl cis-trans isomerase FKBP3,FKBP3,n.s.,n.s.
A0AVT1,0.1842798851791727,20.825420609379016,1.2894795212875296,0.20237635328625922,0.6234782412377986,-5.225548371122425,A0AVT1,Ubiquitin-like modifier-activating enzyme 6,UBA6,n.s.,n.s.
Q8N8S7,0.3536436261293616,20.939826901939004,1.2828371380689647,0.2046891557621635,0.6292296269725767,-5.233480889270809,Q8N8S7,Protein enabled homolog,ENAH,n.s.,n.s.
P46782,0.1260227136239962,24.276067218556538,1.2792595141048588,0.20592618474509394,0.6304490063901712,-5.237743179175284,P46782,"40S ribosomal protein S5;40S ribosomal protein S5, N-terminally processed",RPS5,n.s.,n.s.
P06493;Q00526;P24941;Q14004;Q9NYV4;Q00537;Q00536;Q07002;O94921;Q96Q40;Q00534,-0.1555411652407237,27.247064434929882,-1.2791071917327836,0.20597944149246558,0.6304490063901712,-5.237924243823484,P06493,Cyclin-dependent kinase 1,CDK1,n.s.,n.s.
Q14108,-0.3165747848497489,22.613741854853476,-1.2724701743935594,0.20832075228861377,0.6349868901756814,-5.2457898339789955,Q14108,Lysosome membrane protein 2,SCARB2,n.s.,n.s.
Q9BUN8,0.2982704945152719,20.70787320301973,1.2705559784386768,0.20899651525621352,0.6349868901756814,-5.2480523169235855,Q9BUN8,Derlin-1,DERL1,n.s.,n.s.
O43852,0.3806732907531085,21.338443402140662,1.269090311313181,0.20951503610007488,0.6349868901756814,-5.249782492184456,O43852,Calumenin,CALU,n.s.,n.s.
O75746,-0.3635361711304981,20.04211709953366,-1.2672502931124232,0.2101673468323771,0.6349868901756814,-5.25195191325565,O75746,Calcium-binding mitochondrial carrier protein Aralar1,SLC25A12,n.s.,n.s.
Q9NUH8,-0.28206738032958256,20.419365935565153,-1.2662583235222094,0.2105196383492526,0.6349868901756814,-5.253120236038384,Q9NUH8,Transmembrane protein 14B,TMEM14B,n.s.,n.s.
P04080,0.469300249997751,21.448570200395153,1.2649657418170446,0.2109793479463793,0.6349868901756814,-5.254641320080046,P04080,Cystatin-B,CSTB,n.s.,n.s.
Q03519;Q9NRJ7;Q9NUS5,0.3492574573759235,20.126381525217266,1.2647897679711109,0.21104199101928955,0.6349868901756814,-5.2548482892968025,Q03519,Antigen peptide transporter 2,TAP2,n.s.,n.s.
Q13200,0.1112131498338833,24.013118883918914,1.264702565325741,0.21106226186562338,0.6349868901756814,-5.254955143158079,Q13200,26S proteasome non-ATPase regulatory subunit 2,PSMD2,n.s.,n.s.
Q07507,0.5495202437170796,21.00658731775635,1.2616050061161703,0.2121780873294719,0.6358406946479465,-5.2585893116668005,Q07507,Dermatopontin,DPT,n.s.,n.s.
P39687;O43423;O95626,-0.2631451224435324,22.735897761451188,-1.258235888759906,0.2133848775575259,0.6358406946479465,-5.262537208084241,P39687,Acidic leucine-rich nuclear phosphoprotein 32 family member A,ANP32A,n.s.,n.s.
Q9UMY4,0.11146936438866462,20.72721951354965,1.2571855571432506,0.21375139971391133,0.6358406946479465,-5.2637704555196,Q9UMY4,Sorting nexin-12,SNX12,n.s.,n.s.
Q13232,-0.3612473164437624,21.711078585582488,-1.2561538019858092,0.21413320118793405,0.6358406946479465,-5.264971997085162,Q13232,Nucleoside diphosphate kinase 3,NME3,n.s.,n.s.
Q96HR9,-0.4754114790144186,22.68904556278045,-1.2560478777362931,0.2141713233212483,0.6358406946479465,-5.265095763050229,Q96HR9,Receptor expression-enhancing protein 6,REEP6,n.s.,n.s.
Q8NFU3,-0.3295089113780101,22.317550190601136,-1.2544965617432966,0.2147302174770883,0.6358406946479465,-5.266907252118195,Q8NFU3,Thiosulfate sulfurtransferase/rhodanese-like domain-containing protein 1,TSTD1,n.s.,n.s.
Q7Z2K6,0.3745844967213401,22.023938401907024,1.2541131988851402,0.21486849810335587,0.6358406946479465,-5.26735458372412,Q7Z2K6,Endoplasmic reticulum metallopeptidase 1,ERMP1,n.s.,n.s.
P28070,-0.23172051054039855,22.568958912607485,-1.2538842660761034,0.21495110655355806,0.6358406946479465,-5.267621655228263,P28070,Proteasome subunit beta type-4,PSMB4,n.s.,n.s.
Q8TAT6,0.17280457974626273,20.347127761096935,1.2451311952838464,0.21811655034669178,0.6438545032200462,-5.277803251868653,Q8TAT6,Nuclear protein localization protein 4 homolog,NPLOC4,n.s.,n.s.
P62330,-0.2710095545404059,21.7958416387201,-1.2417803702345904,0.2193522060569773,0.6461502353786952,-5.2816764237890474,P62330,ADP-ribosylation factor 6,ARF6,n.s.,n.s.
P62854;Q5JNZ5,0.2137470582035803,22.801967812577292,1.239636094092491,0.22013577126703618,0.6464968630719404,-5.284154284273622,P62854;Q5JNZ5,40S ribosomal protein S26;Putative 40S ribosomal protein S26-like 1,RPS26;RPS26P11,n.s.,n.s.
O95201,-0.23738087600512614,22.825366301669742,-1.2389625816461731,0.2203862446049634,0.6464968630719404,-5.284929897826584,O95201,Zinc finger protein 205,ZNF205,n.s.,n.s.
Q9BUL8,0.15930726458334732,20.29100833604796,1.2366502837103235,0.22122684223242045,0.6476163369086001,-5.287599568834554,Q9BUL8,Programmed cell death protein 10,PDCD10,n.s.,n.s.
P05198,0.14908240469722855,21.851797708814633,1.2324320372700048,0.22278593678133016,0.6493474255814359,-5.292448506453839,P05198,Eukaryotic translation initiation factor 2 subunit 1,EIF2S1,n.s.,n.s.
Q96PU5,-0.512557604181783,18.080615928095476,-1.2317092834530676,0.22306446924835002,0.6493474255814359,-5.293272563344102,Q96PU5,E3 ubiquitin-protein ligase NEDD4-like,NEDD4L,n.s.,n.s.
P61289,-0.1782072204514975,20.280829802061685,-1.2301338289675279,0.22363876007429853,0.6493474255814359,-5.29508373831351,P61289,Proteasome activator complex subunit 3,PSME3,n.s.,n.s.
P17987,0.1651495941358796,25.06381552807563,1.230101364670851,0.22365899988134502,0.6493474255814359,-5.295116890796119,P17987,T-complex protein 1 subunit alpha,TCP1,n.s.,n.s.
Q14697,0.16668961201380483,25.187132518587255,1.2227300818215303,0.22641297930861673,0.6552416290759158,-5.30353616971347,Q14697,Neutral alpha-glucosidase AB,GANAB,n.s.,n.s.
Q8IY81,0.26722367444336825,20.128066834254625,1.2221836350470985,0.22661794116870795,0.6552416290759158,-5.304158487868701,Q8IY81,Putative rRNA methyltransferase 3,FTSJ3,n.s.,n.s.
P04075,-0.2784138600783592,27.430512728378172,-1.2120926799591019,0.23042730734606157,0.6648935187429302,-5.315603182276976,P04075,Fructose-bisphosphate aldolase A,ALDOA,n.s.,n.s.
P62316,-0.1920741071394758,21.647939048223108,-1.2073367569123947,0.2322283540868212,0.6659866950046244,-5.32097172309437,P62316,Small nuclear ribonucleoprotein Sm D2,SNRPD2,n.s.,n.s.
Q02880,0.21290443741629872,21.09975773229388,1.206098789167045,0.23270246267341402,0.6659866950046244,-5.322363923396818,Q02880,DNA topoisomerase 2-beta,TOP2B,n.s.,n.s.
P36871,0.29416391656025453,20.1053550439319,1.20611349701033,0.23270639556612566,0.6659866950046244,-5.322342088321168,P36871,Phosphoglucomutase-1,PGM1,n.s.,n.s.
O94979,-0.1764914541686302,22.793809775954955,-1.2057117920657372,0.2328496697970179,0.6659866950046244,-5.322799492075033,O94979,Protein transport protein Sec31A,SEC31A,n.s.,n.s.
P06748,-0.17847006936327858,25.4878062351163,-1.2049125267635963,0.2331661426876573,0.6659866950046244,-5.3236918468239525,P06748,Nucleophosmin,NPM1,n.s.,n.s.
Q12929,-0.2626672298791064,23.624598770989273,-1.2005496507168607,0.23484187058023007,0.6694179381589992,-5.3285845128546105,Q12929,Epidermal growth factor receptor kinase substrate 8,EPS8,n.s.,n.s.
O96019,0.16558394643458385,21.21064264094664,1.1958928423806536,0.2366297640795613,0.6727849348253584,-5.333794230394801,O96019,Actin-like protein 6A,ACTL6A,n.s.,n.s.
P21266,-0.5081350514719993,22.87394983208402,-1.1950241344377601,0.23697669213905254,0.6727849348253584,-5.33475684339851,P21266,Glutathione S-transferase Mu 3,GSTM3,n.s.,n.s.
P38919,-0.15509593929454013,24.500157171340003,-1.1916821465170553,0.23826621484844912,0.6738241685090904,-5.338481926023388,P38919,Eukaryotic initiation factor 4A-III,EIF4A3,n.s.,n.s.
Q8NBS9,0.2804786314470036,23.705802143643243,1.1916226849979044,0.23829784556062092,0.6738241685090904,-5.338543032250741,Q8NBS9,Thioredoxin domain-containing protein 5,TXNDC5,n.s.,n.s.
Q8TD06,-0.35960021631550987,22.292975643996122,-1.1903226666818967,0.23880419112588694,0.673905427357253,-5.33998739118129,Q8TD06,Anterior gradient protein 3 homolog,AGR3,n.s.,n.s.
Q5VW32,-0.2605385908272133,21.741772793713007,-1.1889945627694651,0.23932227979832313,0.674019434721425,-5.341461408862708,Q5VW32,BRO1 domain-containing protein BROX,BROX,n.s.,n.s.
P62993,0.25111869377165874,20.903864891281493,1.1870191826510461,0.24009437270313883,0.6745274211965754,-5.343650927119885,P62993,Growth factor receptor-bound protein 2,GRB2,n.s.,n.s.
Q9C0C2,-0.2782859172306331,21.586702436237182,-1.1851809787830803,0.24081446596436132,0.6745274211965754,-5.345685294087216,Q9C0C2,182 kDa tankyrase-1-binding protein,TNKS1BP1,n.s.,n.s.
P07911,-0.2587173173948045,20.678354371724307,-1.184869096160677,0.24093679679877675,0.6745274211965754,-5.346030162086128,P07911,"Uromodulin;Uromodulin, secreted form",UMOD,n.s.,n.s.
P30536,0.2558944063878137,21.15582110997185,1.1821014839442194,0.24202431509363584,0.6759107499534013,-5.349086706837338,P30536,Translocator protein,TSPO,n.s.,n.s.
P28838,-0.37393630685293644,22.435755032503934,-1.1792336876324359,0.24315493444901312,0.6759107499534013,-5.352246732546067,P28838,Cytosol aminopeptidase,LAP3,n.s.,n.s.
P50151,0.42542074119377205,20.460742792704735,1.17855214671474,0.24342418911408964,0.6759107499534013,-5.352996650384003,P50151,Guanine nucleotide-binding protein G(I)/G(S)/G(O) subunit gamma-10,GNG10,n.s.,n.s.
P08754;P63096;P19087;P38405;A8MTJ3,-0.14623491064583405,21.320262867844633,-1.177523196948636,0.24382085494216987,0.6759107499534013,-5.354134403912463,P08754,Guanine nucleotide-binding protein G(k) subunit alpha,GNAI3,n.s.,n.s.
P17931,-0.3832869563099912,23.407138704532088,-1.1772439711884002,0.24394160899921738,0.6759107499534013,-5.35443491708832,P17931,Galectin-3,LGALS3,n.s.,n.s.
P30101,0.15472209169167783,27.292407374193534,1.1763025158078309,0.24430509034460288,0.6759107499534013,-5.355474897465068,P30101,Protein disulfide-isomerase A3,PDIA3,n.s.,n.s.
Q3LXA3,-0.44366640864248197,21.231741298925076,-1.1674462516582118,0.24784209234654586,0.6831135513449778,-5.365158698235394,Q3LXA3,Bifunctional ATP-dependent dihydroxyacetone kinase/FAD-AMP lyase (cyclizing);ATP-dependent dihydroxyacetone kinase;FAD-AMP lyase (cyclizing),DAK,n.s.,n.s.
P25686,-0.14241369172558294,27.652269332865096,-1.1673342000911058,0.24787678121093454,0.6831135513449778,-5.365287382022515,P25686,DnaJ homolog subfamily B member 2,DNAJB2,n.s.,n.s.
Q9UQB8,-0.2722189375831867,20.116473580312896,-1.1622798226796691,0.24991680091413337,0.6861333522126591,-5.370779128296701,Q9UQB8,Brain-specific angiogenesis inhibitor 1-associated protein 2,BAIAP2,n.s.,n.s.
P55011;Q13621,-0.7089039894797402,18.784498638539482,-1.1621755127542146,0.24995881701964157,0.6861333522126591,-5.370892360260401,P55011,Solute carrier family 12 member 2,SLC12A2,n.s.,n.s.
P51570,-0.24934148497369435,20.87997751074759,-1.1584988998675707,0.2514429948873469,0.6861333522126591,-5.374877271071242,P51570,Galactokinase,GALK1,n.s.,n.s.
P62241,0.10326947239553519,25.15125428292975,1.1581026835730486,0.251593203084179,0.6861333522126591,-5.375312683101059,P62241,40S ribosomal protein S8,RPS8,n.s.,n.s.
Q8NI27,-0.12452031247097395,20.336846606577513,-1.1575324425429057,0.2518240716933409,0.6861333522126591,-5.375929473017873,Q8NI27,THO complex subunit 2,THOC2,n.s.,n.s.
Q9UBX3,-0.2813259225652125,22.212503546291984,-1.1573941212952694,0.2518902030093249,0.6861333522126591,-5.376072341673924,Q9UBX3,Mitochondrial dicarboxylate carrier,SLC25A10,n.s.,n.s.
P40227;Q92526,0.13761344453076063,25.02819999663511,1.1512468215116163,0.25437916155550555,0.6894178779564517,-5.382708866702103,P40227,T-complex protein 1 subunit zeta,CCT6A,n.s.,n.s.
P22102,0.10510271151121131,20.419897692554876,1.15036492496572,0.2547388573720503,0.6894178779564517,-5.383657410538744,P22102,Trifunctional purine biosynthetic protein adenosine-3;Phosphoribosylamine--glycine ligase;Phosphoribosylformylglycinamidine cyclo-ligase;Phosphoribosylglycinamide formyltransferase,GART,n.s.,n.s.
Q13564,0.1775071151545511,20.71969164569757,1.1487481811748395,0.25539964747129495,0.6894178779564517,-5.385394246913167,Q13564,NEDD8-activating enzyme E1 regulatory subunit,NAE1,n.s.,n.s.
P07910;O60812;Q86SE5,-0.12249649878857838,25.786663925749238,-1.1481070522240704,0.2556620258135643,0.6894178779564517,-5.3860823549406796,P07910,Heterogeneous nuclear ribonucleoproteins C1/C2,HNRNPC,n.s.,n.s.
P61923,-0.13298072249662596,22.84796710807909,-1.1475323590796094,0.2558973790073664,0.6894178779564517,-5.386698848002504,P61923,Coatomer subunit zeta-1,COPZ1,n.s.,n.s.
Q8WUM4,-0.22478729602418568,25.042857103414118,-1.1472338903757213,0.25602970688797905,0.6894178779564517,-5.387012050581755,Q8WUM4,Programmed cell death 6-interacting protein,PDCD6IP,n.s.,n.s.
Q9Y5S9,-0.24846269703578372,21.139521526254264,-1.145166240624514,0.25687801961295204,0.6894178779564517,-5.389227076494517,Q9Y5S9,RNA-binding protein 8A,RBM8A,n.s.,n.s.
Q02161,0.18782191695471795,21.817488788551387,1.1448332141938902,0.25700482197384383,0.6894178779564517,-5.389590379101032,Q02161,Blood group Rh(D) polypeptide,RHD,n.s.,n.s.
P11488,-0.41150319790717305,22.481522195513538,-1.142677990181143,0.2579015480997775,0.6905105965252107,-5.391887634584949,P11488,Guanine nucleotide-binding protein G(t) subunit alpha-1,GNAT1,n.s.,n.s.
P62879;Q9HAV0,0.1751710237142916,22.53677127992326,1.1383236457574257,0.25968969024752453,0.6933733303088623,-5.396537228380332,P62879;Q9HAV0,Guanine nucleotide-binding protein G(I)/G(S)/G(T) subunit beta-2;Guanine nucleotide-binding protein subunit beta-4,GNB2;GNB4,n.s.,n.s.
Q9UMX0;Q9NRR5,0.16934171831987044,22.099384115832983,1.137541910479305,0.2600134520833497,0.6933733303088623,-5.397368936966536,Q9UMX0;Q9NRR5,Ubiquilin-1;Ubiquilin-4,UBQLN1;UBQLN4,n.s.,n.s.
P42025,-0.1690810291272946,21.27796721619712,-1.136339235318309,0.2605121091530443,0.6933733303088623,-5.3986474306592465,P42025,Beta-centractin,ACTR1B,n.s.,n.s.
Q9Y3A6,-0.18885490853522668,19.89886369326188,-1.1353192477135212,0.260936384403973,0.6933733303088623,-5.399730120560848,Q9Y3A6,Transmembrane emp24 domain-containing protein 5,TMED5,n.s.,n.s.
P11279,0.327618652063677,22.222960201439864,1.1333607470684606,0.2617599163319433,0.6942542141811503,-5.401801076669394,P11279,Lysosome-associated membrane glycoprotein 1,LAMP1,n.s.,n.s.
P62913,0.0977794131900076,23.476530978503003,1.1303708690925027,0.2629967766254661,0.6962259884025003,-5.404972967839329,P62913,60S ribosomal protein L11,RPL11,n.s.,n.s.
P05023;P13637;P50993;Q13733;P54707;P20648,0.217708592598715,24.536097644301854,1.1255940301404346,0.2650073407819437,0.7002347525155853,-5.410005611897473,P05023,Sodium/potassium-transporting ATPase subunit alpha-1,ATP1A1,n.s.,n.s.
Q7Z3K3,-0.43097458020034196,18.533566994187314,-1.123875175022903,0.2657298633803225,0.7008314714572618,-5.4118140850309455,Q7Z3K3,Pogo transposable element with ZNF domain,POGZ,n.s.,n.s.
Q99460,-0.14429740611315367,22.862698259946775,-1.1222285334356241,0.26641348288632416,0.7013235528966482,-5.413551309789462,Q99460,26S proteasome non-ATPase regulatory subunit 1,PSMD1,n.s.,n.s.
P63010,-0.13395750012326246,23.028672588146446,-1.1191332708609167,0.26772051177618017,0.7034518475161828,-5.416796786957432,P63010,AP-2 complex subunit beta,AP2B1,n.s.,n.s.
O76021,0.2183194735766243,20.95572063962319,1.1137414898405955,0.2700178613082932,0.7052026112090493,-5.422422480540161,O76021,Ribosomal L1 domain-containing protein 1,RSL1D1,n.s.,n.s.
Q00266,-0.19916666370146885,24.575478558880217,-1.113118748153963,0.2702829496484872,0.7052026112090493,-5.4230714013175625,Q00266,S-adenosylmethionine synthase isoform type-1,MAT1A,n.s.,n.s.
P05386,0.1507799628894091,24.269394383769257,1.1129813462046465,0.2703373794826168,0.7052026112090493,-5.423217587027543,P05386,60S acidic ribosomal protein P1,RPLP1,n.s.,n.s.
P02671,0.36740494562965864,20.00066856196392,1.1128768352424159,0.2703859763742705,0.7052026112090493,-5.423323390364222,P02671,Fibrinogen alpha chain;Fibrinopeptide A;Fibrinogen alpha chain,FGA,n.s.,n.s.
Q14974,-0.1175222862065759,24.300257141910414,-1.110594269337414,0.27134967944444766,0.7063889048061099,-5.425705796925928,Q14974,Importin subunit beta-1,KPNB1,n.s.,n.s.
P14324,0.34170599245604194,21.966230450264227,1.1087714688890382,0.2721385984427715,0.7063889048061099,-5.427591773128685,P14324,Farnesyl pyrophosphate synthase,FDPS,n.s.,n.s.
Q13573,0.102148837361554,20.47387608833895,1.1072963284699453,0.27276055602524707,0.7063889048061099,-5.429129187792512,Q13573,SNW domain-containing protein 1,SNW1,n.s.,n.s.
P22626,-0.11964866467479851,27.690079599336336,-1.1038200013349369,0.27425331378746404,0.7063889048061099,-5.432727214182238,P22626,Heterogeneous nuclear ribonucleoproteins A2/B1,HNRNPA2B1,n.s.,n.s.
Q14019,0.36151885254330907,21.328531696301628,1.103634423985754,0.2743428738321744,0.7063889048061099,-5.432911563295894,Q14019,Coactosin-like protein,COTL1,n.s.,n.s.
Q8NE35,-0.3004682269716952,20.401518266988507,-1.1029545848739253,0.27463552395630203,0.7063889048061099,-5.433613817430858,Q8NE35,Cytoplasmic polyadenylation element-binding protein 3,CPEB3,n.s.,n.s.
Q9UBI6,-0.2884170493707394,20.90768993379246,-1.1009225747075118,0.2755115466865284,0.7063889048061099,-5.435710358526297,Q9UBI6,Guanine nucleotide-binding protein G(I)/G(S)/G(O) subunit gamma-12,GNG12,n.s.,n.s.
P61221,0.32321665132687727,21.175959243155866,1.0998705816637353,0.27596584081052167,0.7063889048061099,-5.436794307449137,P61221,ATP-binding cassette sub-family E member 1,ABCE1,n.s.,n.s.
Q9Y3Z3,0.34196714264333394,21.823784752712722,1.098967126616552,0.27635640837614905,0.7063889048061099,-5.437724415266708,Q9Y3Z3,SAM domain and HD domain-containing protein 1,SAMHD1,n.s.,n.s.
Q9NQG5,-0.26063950473003317,21.478956352856812,-1.098938780283132,0.27636866887478606,0.7063889048061099,-5.437753586015774,Q9NQG5,Regulation of nuclear pre-mRNA domain-containing protein 1B,RPRD1B,n.s.,n.s.
Q14980,-0.22796391719336384,25.755731885544794,-1.0961650137364642,0.2775702333866665,0.7063889048061099,-5.440604542912679,Q14980,Nuclear mitotic apparatus protein 1,NUMA1,n.s.,n.s.
Q12805,-0.4527779110190444,19.906848834040638,-1.0951191088817367,0.27802425419221405,0.7063889048061099,-5.441677764451126,Q12805,EGF-containing fibulin-like extracellular matrix protein 1,EFEMP1,n.s.,n.s.
P20700,-0.16336375787481927,26.179675784889618,-1.0947917669110991,0.2781664578506118,0.7063889048061099,-5.442013454468842,P20700,Lamin-B1,LMNB1,n.s.,n.s.
O75844,0.1874942992375992,20.9668305468282,1.0940052833730922,0.2784994994484453,0.7063889048061099,-5.442826493189675,O75844,CAAX prenyl protease 1 homolog,ZMPSTE24,n.s.,n.s.
P40879,-0.1938414761626106,25.629056829643343,-1.0940033371222673,0.27850917547152015,0.7063889048061099,-5.44282159705806,P40879,Chloride anion exchanger,SLC26A3,n.s.,n.s.
P20042;A6NK07,0.1254928124093624,20.778032201043196,1.0931957407658721,0.2788509000545735,0.7063889048061099,-5.443656335691303,P20042;A6NK07,Eukaryotic translation initiation factor 2 subunit 2,EIF2S2,n.s.,n.s.
Q96PK6,0.1486156085639898,23.230926643213582,1.0881604026496923,0.2810486030181867,0.7090527862568633,-5.448800830769647,Q96PK6,RNA-binding protein 14,RBM14,n.s.,n.s.
P62314,0.12188859601953084,23.350665087601037,1.0873972762505515,0.2813827240857769,0.7090527862568633,-5.44957851635969,P62314,Small nuclear ribonucleoprotein Sm D1,SNRPD1,n.s.,n.s.
O75131;Q9UBL6;Q9HCH3;Q86YQ8;O95741;Q96A23;Q8IYJ1;Q96FN4,-0.21528653262220132,22.052581569969934,-1.0868280021570815,0.28164173036981227,0.7090527862568633,-5.4501507229684805,O75131,Copine-3,CPNE3,n.s.,n.s.
P09972,-0.3563710802030755,22.385401322774786,-1.0862102796740427,0.2819125535720059,0.7090527862568633,-5.450779526935117,P09972,Fructose-bisphosphate aldolase C,ALDOC,n.s.,n.s.
Q12907,-0.20862975414798157,24.13754054333062,-1.0811558711972686,0.28413532784876416,0.7133717928729648,-5.455911747298215,Q12907,Vesicular integral-membrane protein VIP36,LMAN2,n.s.,n.s.
Q15365;P57723,0.15336376774088123,24.86938952370236,1.0780810411684987,0.28549348469492675,0.7153858366571342,-5.459022697278081,Q15365,Poly(rC)-binding protein 1,PCBP1,n.s.,n.s.
Q8TEM1,-0.23386493997299596,22.869368446911572,-1.0760184534375152,0.2864070526420316,0.7153858366571342,-5.461104757281871,Q8TEM1,Nuclear pore membrane glycoprotein 210,NUP210,n.s.,n.s.
P21926,-0.2528501848826892,23.790859264681586,-1.0759023484273693,0.28645853842046837,0.7153858366571342,-5.461221844824266,P21926,CD9 antigen,CD9,n.s.,n.s.
P30041,-0.28444484903094747,23.50148813720741,-1.0732501366587188,0.2876363862995578,0.7157121660378197,-5.463893203453757,P30041,Peroxiredoxin-6,PRDX6,n.s.,n.s.
O60716;Q9UQB3;Q99569,-0.2309454278249028,23.36747432814345,-1.0715661720441014,0.28838597342485717,0.7157121660378197,-5.4655860450952085,O60716,Catenin delta-1,CTNND1,n.s.,n.s.
O60763,0.18285216272201055,23.57287318529786,1.071087914665264,0.28859910746410994,0.7157121660378197,-5.466066359030946,O60763,General vesicular transport factor p115,USO1,n.s.,n.s.
P54920;Q9H115,-0.19501687125764633,23.354887022116422,-1.069971155236358,0.2890972123017125,0.7157121660378197,-5.4671871202953035,P54920,Alpha-soluble NSF attachment protein,NAPA,n.s.,n.s.
Q9UI30,0.13289178748394193,20.815396633395597,1.0698868456005857,0.28912539662760967,0.7157121660378197,-5.467279417229791,Q9UI30,tRNA methyltransferase 112 homolog,TRMT112,n.s.,n.s.
P56537,0.21185427157896441,20.550435845266207,1.0663295154795356,0.29072560959620325,0.7184130212613709,-5.4708340220869545,P56537,Eukaryotic translation initiation factor 6,EIF6,n.s.,n.s.
O95926,0.3341686178165588,18.330539232508123,1.063259923641203,0.2921031189922361,0.71876485793898,-5.473898788352258,O95926,Pre-mRNA-splicing factor SYF2,SYF2,n.s.,n.s.
P15170,-0.1937381433139187,20.577623296550428,-1.0625721106649035,0.2924123979248174,0.71876485793898,-5.4745843579035345,P15170,Eukaryotic peptide chain release factor GTP-binding subunit ERF3A,GSPT1,n.s.,n.s.
P50991,0.13526436272629283,24.080135606355764,1.0621751646880075,0.2925822242221744,0.71876485793898,-5.474987091379645,P50991,T-complex protein 1 subunit delta,CCT4,n.s.,n.s.
O75694,-0.22652440627451398,21.17070853991007,-1.0612443441458344,0.29301007371485444,0.71876485793898,-5.475906589999373,O75694,Nuclear pore complex protein Nup155,NUP155,n.s.,n.s.
P50895,0.2912338865248465,22.486648808522272,1.0594922840534986,0.2938000264234417,0.71876485793898,-5.477648919801372,P50895,Basal cell adhesion molecule,BCAM,n.s.,n.s.
P35573,0.5847969260605268,21.59822495668563,1.0592167361672773,0.29392439619474947,0.71876485793898,-5.477922686041121,P35573,"Glycogen debranching enzyme;4-alpha-glucanotransferase;Amylo-alpha-1,6-glucosidase",AGL,n.s.,n.s.
O75083,0.1497041380983326,24.48541962070021,1.0567339062202241,0.29504666670787205,0.7202609804927466,-5.480386380763932,O75083,WD repeat-containing protein 1,WDR1,n.s.,n.s.
Q10713,0.14325332961883674,19.9175369316059,1.0544171362315062,0.2960872124011077,0.7215527749533039,-5.48268812974078,Q10713,Mitochondrial-processing peptidase subunit alpha,PMPCA,n.s.,n.s.
O43463,-0.22277683081615152,21.01260607760365,-1.050169673722927,0.298027959136825,0.7236554842521742,-5.486873290502903,O43463,Histone-lysine N-methyltransferase SUV39H1,SUV39H1,n.s.,n.s.
Q13409;O14576,0.16328282259112825,21.116711989088387,1.0468301338552377,0.29954333083558093,0.7236554842521742,-5.490166482189817,Q13409,Cytoplasmic dynein 1 intermediate chain 2,DYNC1I2,n.s.,n.s.
P36959,-0.1998724801052738,21.095153100996534,-1.046779822590054,0.2995755949680585,0.7236554842521742,-5.490208015117307,P36959,GMP reductase 1,GMPR,n.s.,n.s.
O60664,-0.20703148366090218,23.793643037579226,-1.0460924621139673,0.29989007893817693,0.7236554842521742,-5.490882934954661,O60664,Perilipin-3,PLIN3,n.s.,n.s.
P20618,-0.25536138086771487,21.995016472637605,-1.0451093227880308,0.3003402813894593,0.7236554842521742,-5.491847540225175,P20618,Proteasome subunit beta type-1,PSMB1,n.s.,n.s.
P24534,-0.10862494458647731,24.6710146612448,-1.0448718340800396,0.30043986429552305,0.7236554842521742,-5.492088316645886,P24534,Elongation factor 1-beta,EEF1B2,n.s.,n.s.
Q15019,0.11440531515640018,24.179107096895205,1.044653087102438,0.3005401231550489,0.7236554842521742,-5.492302775726981,Q15019,Septin-2,41519.0,n.s.,n.s.
P14923,-0.20348725202440576,24.11373056127819,-1.0428748930243328,0.30136519756889213,0.7244059519075073,-5.49403660651658,P14923,Junction plakoglobin,JUP,n.s.,n.s.
P63104,0.1549445023772975,27.010333584065503,1.036398440038354,0.30434938917899085,0.7303350138291771,-5.500356138974168,P63104,14-3-3 protein zeta/delta,YWHAZ,n.s.,n.s.
P14625;Q58FF3,0.14924978468882344,26.525670615321584,1.0328423085309706,0.3059965035537186,0.7330408599563616,-5.503810014753137,P14625,Endoplasmin,HSP90B1,n.s.,n.s.
P50995,-0.24928381473007022,22.570266305945346,-1.0305902564232012,0.30704273056862535,0.7343004963259837,-5.505991406763665,P50995,Annexin A11,ANXA11,n.s.,n.s.
P46779,-0.09886236401304771,23.40749186919041,-1.0281186896581027,0.3081846354336257,0.7347080442600601,-5.508388132561886,P46779,60S ribosomal protein L28,RPL28,n.s.,n.s.
P13473,-0.2351984186727556,22.127052013078046,-1.0279882798709337,0.30825454443795575,0.7347080442600601,-5.508506042546682,P13473,Lysosome-associated membrane glycoprotein 2,LAMP2,n.s.,n.s.
Q15631,0.133733747057466,22.859090875260783,1.024457755558883,0.30989492909476074,0.7373722511850039,-5.5119162722373005,Q15631,Translin,TSN,n.s.,n.s.
P51659,-0.23415440547342214,24.763704289549754,-1.0228342823012386,0.3106644798012288,0.7377074136935924,-5.513468983367443,P51659,Peroxisomal multifunctional enzyme type 2;(3R)-hydroxyacyl-CoA dehydrogenase;Enoyl-CoA hydratase 2,HSD17B4,n.s.,n.s.
P20073,-0.1537258040965206,23.209496161580105,-1.0219276470333651,0.3110814395093462,0.7377074136935924,-5.514346859180829,P20073,Annexin A7,ANXA7,n.s.,n.s.
P23771,-0.2569462831044227,21.661616580666696,-1.0195156140744652,0.3122229774589136,0.7391721832122937,-5.516651926665584,P23771,Trans-acting T-cell-specific transcription factor GATA-3,GATA3,n.s.,n.s.
P62495,-0.11020430732535402,22.676712314093606,-1.0175148367741966,0.313156118412113,0.7392951779902573,-5.518574083935697,P62495,Eukaryotic peptide chain release factor subunit 1,ETF1,n.s.,n.s.
O75822,-0.11942403917404576,21.90794809000748,-1.0171612269530061,0.3133228323445598,0.7392951779902573,-5.518912006728089,O75822,Eukaryotic translation initiation factor 3 subunit J,EIF3J,n.s.,n.s.
P61619;Q9H9S3,0.14113098761201925,21.910474149123335,1.0149974918377582,0.3143442588541811,0.7400300537768342,-5.520977290163377,P61619,Protein transport protein Sec61 subunit alpha isoform 1,SEC61A1,n.s.,n.s.
Q7L1Q6,0.16997625499210045,20.553288462336468,1.0136286941536403,0.3149923322765131,0.7400300537768342,-5.522280947596812,Q7L1Q6,Basic leucine zipper and W2 domain-containing protein 1,BZW1,n.s.,n.s.
P08134,-0.15022228777442947,20.37512987122327,-1.0125335284048003,0.31551014638232433,0.7400300537768342,-5.523323984492883,P08134,Rho-related GTP-binding protein RhoC,RHOC,n.s.,n.s.
O95747,0.16232022264460966,20.618409128085677,1.0120656737363665,0.3157321703569484,0.7400300537768342,-5.523768666855952,O95747,Serine/threonine-protein kinase OSR1,OXSR1,n.s.,n.s.
P22234,0.2142615320464607,22.70652184619883,1.010881048547659,0.31630263811887016,0.7401376822317178,-5.524886702268745,P22234,Multifunctional protein ADE2;Phosphoribosylaminoimidazole-succinocarboxamide synthase;Phosphoribosylaminoimidazole carboxylase,PAICS,n.s.,n.s.
Q96S97,0.24478795605821801,20.741495712420335,1.0093525580069982,0.3170285435775654,0.740608071172094,-5.526337395965326,Q96S97,Myeloid-associated differentiation marker,MYADM,n.s.,n.s.
P23396,0.07353356284442825,25.003767379893535,1.0058959308973627,0.3186653809283352,0.740881571429396,-5.529618341175306,P23396,40S ribosomal protein S3,RPS3,n.s.,n.s.
Q7Z6Z7,0.1400723933182917,22.01193098269276,1.003464685198328,0.3198263804263958,0.740881571429396,-5.531913883319531,Q7Z6Z7,E3 ubiquitin-protein ligase HUWE1,HUWE1,n.s.,n.s.
Q9H307,0.1621675502525619,20.989522261053025,1.0031645847891728,0.31996988480698396,0.740881571429396,-5.53219686204082,Q9H307,Pinin,PNN,n.s.,n.s.
O14773,-0.3445099770547877,20.65255439128088,-1.0028710519633253,0.32011916809054464,0.740881571429396,-5.532465511116862,O14773,Tripeptidyl-peptidase 1,TPP1,n.s.,n.s.
O60312,0.1884624503445984,21.438139038640454,1.0026525865181972,0.3202201553138666,0.740881571429396,-5.532674613187789,O60312,Probable phospholipid-transporting ATPase VA,ATP10A,n.s.,n.s.
Q8N163,-0.20161531523811504,23.44137747752627,-1.0025013303736596,0.3202960726944944,0.740881571429396,-5.53281392763952,Q8N163,DBIRD complex subunit KIAA1967,KIAA1967,n.s.,n.s.
Q99816,-0.1485446898956866,21.468490749626223,-1.001346859947298,0.32084002220068514,0.740925157651664,-5.53390913650578,Q99816,Tumor susceptibility gene 101 protein,TSG101,n.s.,n.s.
P67870,0.11665199288921002,20.263323991100222,0.9992171332134067,0.32186153027050646,0.7411616988950979,-5.5359115050864025,P67870,Casein kinase II subunit beta,CSNK2B,n.s.,n.s.
Q15437,-0.16003235491785972,23.97662640486632,-0.9989617780962853,0.3219929988821367,0.7411616988950979,-5.536143247884155,Q15437,Protein transport protein Sec23B,SEC23B,n.s.,n.s.
Q96DG6,-0.30456948412205165,21.636300819668786,-0.9952548634806886,0.3237766056481377,0.7440534048363555,-5.539617821029874,Q96DG6,Carboxymethylenebutenolidase homolog,CMBL,n.s.,n.s.
P62263,0.13479249879081223,23.071759543423482,0.9912744355806871,0.3256903811154649,0.7472343540714163,-5.54334297588172,P62263,40S ribosomal protein S14,RPS14,n.s.,n.s.
O75962,-0.1320652495645156,22.512293640551384,-0.9894986121577154,0.32655057405203747,0.7479916558237417,-5.544996675800609,O75962,Triple functional domain protein,TRIO,n.s.,n.s.
P62750,-0.09327038593205828,24.085282475228222,-0.9871641163532616,0.32768368531243164,0.7480723200000429,-5.547166276327406,P62750,60S ribosomal protein L23a,RPL23A,n.s.,n.s.
Q92688,-0.17603099922611065,19.80052425344617,-0.9862893465817559,0.3281119439190806,0.7480723200000429,-5.5479752135880265,Q92688,Acidic leucine-rich nuclear phosphoprotein 32 family member B,ANP32B,n.s.,n.s.
O94776,0.1344991118367247,21.077659827476104,0.9851301038893417,0.3286730809158953,0.7480723200000429,-5.5490525871579095,O94776,Metastasis-associated protein MTA2,MTA2,n.s.,n.s.
Q14789,-0.2399820160846282,22.411916605415392,-0.9842107278152955,0.32912965282177353,0.7480723200000429,-5.549895882563337,Q14789,Golgin subfamily B member 1,GOLGB1,n.s.,n.s.
O75643,0.1014713805017351,23.85806944707124,0.9839733355033634,0.32923664827783605,0.7480723200000429,-5.5501236810993895,O75643,U5 small nuclear ribonucleoprotein 200 kDa helicase,SNRNP200,n.s.,n.s.
O14828,-0.2139628257173669,22.76198625726069,-0.9755133604051897,0.33338643014635394,0.7514865706990562,-5.557912058243695,O14828,Secretory carrier-associated membrane protein 3,SCAMP3,n.s.,n.s.
P62195,-0.10332783635034914,22.666257656532334,-0.9752409501446746,0.3335117111112209,0.7514865706990562,-5.558170116334049,P62195,26S protease regulatory subunit 8,PSMC5,n.s.,n.s.
P30040,0.15815970589692085,23.12796321366003,0.9745570985251877,0.3338542462944891,0.7514865706990562,-5.558791507833043,P30040,Endoplasmic reticulum resident protein 29,ERP29,n.s.,n.s.
Q12996,0.13933300817145167,20.112025921336638,0.9735059826299107,0.334365446618616,0.7514865706990562,-5.559760551182713,Q12996,Cleavage stimulation factor subunit 3,CSTF3,n.s.,n.s.
P31948,0.20981644359094886,23.02986474695532,0.9718844095894615,0.3351732909733045,0.7514865706990562,-5.5612364717970175,P31948,Stress-induced-phosphoprotein 1,STIP1,n.s.,n.s.
Q07960,-0.1942280753973229,23.473016431311034,-0.9717191344921587,0.33525482131500417,0.7514865706990562,-5.561387592322392,Q07960,Rho GTPase-activating protein 1,ARHGAP1,n.s.,n.s.
Q5T4S7,0.12152711757437373,20.623802498501355,0.9709389250609449,0.3356312832195353,0.7514865706990562,-5.562108741005721,Q5T4S7,E3 ubiquitin-protein ligase UBR4,UBR4,n.s.,n.s.
O94973,-0.12433959668398842,21.205682705666927,-0.9698585459201042,0.3361649722582256,0.7514865706990562,-5.56309521622357,O94973,AP-2 complex subunit alpha-2,AP2A2,n.s.,n.s.
Q96IX5,-0.10186105037353954,22.140470917399035,-0.9687869211391718,0.3366948900692671,0.7514865706990562,-5.564072649899207,Q96IX5,Up-regulated during skeletal muscle growth protein 5,USMG5,n.s.,n.s.
Q9Y2Q3,-0.25455505529609823,22.332896973946703,-0.9679151717811186,0.33713494169516767,0.7514865706990562,-5.564858913064025,Q9Y2Q3,Glutathione S-transferase kappa 1,GSTK1,n.s.,n.s.
O75388,-0.13864446446663692,24.414767644079582,-0.966081904254164,0.33804351914399167,0.7514865706990562,-5.566527171243049,O75388,Probable G-protein coupled receptor 32,GPR32,n.s.,n.s.
P02792,0.3560580798341526,22.0288424497517,0.965687240581664,0.3382393275551415,0.7514865706990562,-5.56688591217159,P02792,Ferritin light chain,FTL,n.s.,n.s.
O75382,0.22846383334961828,20.079993482724802,0.9642971771774038,0.3389295886373672,0.7514865706990562,-5.568148322432027,O75382,Tripartite motif-containing protein 3,TRIM3,n.s.,n.s.
O95782,0.16995055578170692,21.016846122238665,0.9632359947056762,0.33945009971214246,0.7514865706990562,-5.569117575567809,O95782,AP-2 complex subunit alpha-1,AP2A1,n.s.,n.s.
Q86XP3,0.16242781350331725,20.72679217153483,0.9616717567228968,0.34022802070739344,0.7514865706990562,-5.57053526315161,Q86XP3,ATP-dependent RNA helicase DDX42,DDX42,n.s.,n.s.
Q96CN7,0.3731124470261591,21.05015217482029,0.9603322552078315,0.3409035349431627,0.7514865706990562,-5.571739479883121,Q96CN7,Isochorismatase domain-containing protein 1,ISOC1,n.s.,n.s.
Q53GS9,0.09550970088752564,19.857967846852322,0.9596566697068138,0.34123213826525844,0.7514865706990562,-5.572358042804267,Q53GS9,U4/U6.U5 tri-snRNP-associated protein 2,USP39,n.s.,n.s.
P25685,-0.15495914018384482,21.50872279390166,-0.9593958057695421,0.34136236132912834,0.7514865706990562,-5.572593653724328,P25685,DnaJ homolog subfamily B member 1,DNAJB1,n.s.,n.s.
Q13263,-0.17671374556599062,25.76429176323034,-0.9583667349925016,0.34188486969232657,0.7514865706990562,-5.573514412629323,Q13263,Transcription intermediary factor 1-beta,TRIM28,n.s.,n.s.
Q99832,0.12573679933879234,24.078251110175692,0.9581491547423406,0.3419858488212354,0.7514865706990562,-5.573718090101948,Q99832,T-complex protein 1 subunit eta,CCT7,n.s.,n.s.
Q56VL3,-0.18225560694373044,21.066174237286145,-0.9576797153437098,0.3422283183179724,0.7514865706990562,-5.574133986008646,Q56VL3,OCIA domain-containing protein 2,OCIAD2,n.s.,n.s.
Q9H8H3,-0.21901561204573738,20.90836537083604,-0.9567206109527686,0.34270816366590207,0.7514865706990562,-5.574998214543087,Q9H8H3,Methyltransferase-like protein 7A,METTL7A,n.s.,n.s.
Q01995,0.3819622176641637,23.035794237782756,0.9558527669107046,0.3431427311235321,0.7514865706990562,-5.575779488794346,Q01995,Transgelin,TAGLN,n.s.,n.s.
Q86VP6;O75155,0.1798663667503817,24.86470849364751,0.9539567306255884,0.3440934158721096,0.7514865706990562,-5.577484005227684,Q86VP6,Cullin-associated NEDD8-dissociated protein 1,CAND1,n.s.,n.s.
P05026,-0.24903203214576664,22.030062774038427,-0.9531666595330156,0.34449007138472565,0.7514865706990562,-5.578193304710637,P05026,Sodium/potassium-transporting ATPase subunit beta-1,ATP1B1,n.s.,n.s.
Q9P258,0.19607721906879405,22.096843110788228,0.9529743135126935,0.34458668408383375,0.7514865706990562,-5.578365900530405,Q9P258,Protein RCC2,RCC2,n.s.,n.s.
P07900;Q58FG0;Q58FF6;Q58FG1,0.15256614815215386,27.02125014243969,0.9496938341011941,0.34623715368460095,0.7539207158163147,-5.581304351324852,P07900,Heat shock protein HSP 90-alpha,HSP90AA1,n.s.,n.s.
Q9H0A0,0.20918077052729345,20.781799381902065,0.9480730759537026,0.3470544909668506,0.7542046372254548,-5.582752508874528,Q9H0A0,N-acetyltransferase 10,NAT10,n.s.,n.s.
P32455;Q9H0R5,0.36800355419498487,19.965747395360246,0.9463675907584443,0.3479159150264771,0.7542046372254548,-5.584273786627991,P32455,Interferon-induced guanylate-binding protein 1,GBP1,n.s.,n.s.
Q8NBJ4,-0.27437697282135787,21.99771983440964,-0.9462584316842486,0.3479710976851673,0.7542046372254548,-5.584371065322566,Q8NBJ4,Golgi membrane protein 1,GOLM1,n.s.,n.s.
P37198,0.06807210975737732,20.473395971137343,0.943580182408896,0.34931846599817806,0.7544360910709943,-5.586762493963727,P37198,Nuclear pore glycoprotein p62,NUP62,n.s.,n.s.
P68104;Q5VTE0,0.1104560888245878,27.64724956744998,0.9433385032614382,0.3494409736041534,0.7544360910709943,-5.586977240932364,P68104;Q5VTE0,Elongation factor 1-alpha 1;Putative elongation factor 1-alpha-like 3,EEF1A1;EEF1A1P5,n.s.,n.s.
Q9Y6D6,0.17711197977782334,20.381226710898936,0.9428797491306373,0.3496819302341816,0.7544360910709943,-5.5873766580856135,Q9Y6D6,Brefeldin A-inhibited guanine nucleotide-exchange protein 1,ARFGEF1,n.s.,n.s.
P40763,-0.1636665935351047,22.877720052070405,-0.9394352665619752,0.351431711379216,0.7570536561161432,-5.5904300740341775,P40763,Signal transducer and activator of transcription 3,STAT3,n.s.,n.s.
O43175,0.37476248446932203,22.052567494059723,0.9376108782986794,0.3523607942655168,0.7577428613009818,-5.592042949731884,O43175,D-3-phosphoglycerate dehydrogenase,PHGDH,n.s.,n.s.
P09429;B2RPK0,0.2335448536216589,23.331925719104365,0.9366991457043171,0.35282569799769314,0.7577428613009818,-5.592847842080557,P09429;B2RPK0,High mobility group protein B1;Putative high mobility group protein B1-like 1,HMGB1;HMGB1P1,n.s.,n.s.
P53396,0.22032485970244764,23.72381377300734,0.935232002582807,0.3535746480292904,0.7577944197231722,-5.594141468227041,P53396,ATP-citrate synthase,ACLY,n.s.,n.s.
P46778,-0.13475059687975133,23.62436524929851,-0.9332040247082987,0.35460616988357574,0.7577944197231722,-5.595931657308874,P46778,60S ribosomal protein L21,RPL21,n.s.,n.s.
B9A064;P0CG04,0.3665135244739588,22.647645519762555,0.9324565709859294,0.3549942743065174,0.7577944197231722,-5.596583282609434,B9A064;P0CG04,Immunoglobulin lambda-like polypeptide 5;Ig lambda-1 chain C regions,IGLL5;IGLC1,n.s.,n.s.
Q15233,-0.13968554388798893,24.170891826985578,-0.9314798709616181,0.3554947309945038,0.7577944197231722,-5.597440907814148,Q15233,Non-POU domain-containing octamer-binding protein,NONO,n.s.,n.s.
O14980,0.10620615352202378,23.450822886698717,0.9310282150073188,0.35571808559495144,0.7577944197231722,-5.597845247968021,O14980,Exportin-1,XPO1,n.s.,n.s.
Q15907,0.11675192671259893,24.534730649675897,0.9303395412979109,0.35607207673739416,0.7577944197231722,-5.598448479695157,Q15907,Ras-related protein Rab-11B,RAB11B,n.s.,n.s.
Q9Y285,-0.14840502853392934,22.163994505085597,-0.9289459434746542,0.35678702574536736,0.7581724297089056,-5.599669888332776,Q9Y285,Phenylalanine--tRNA ligase alpha subunit,FARSA,n.s.,n.s.
O00203,-0.12953020672484783,21.197559738539542,-0.9275929937070453,0.35748267833350367,0.75850835959184,-5.600853321760894,O00203,AP-3 complex subunit beta-1,AP3B1,n.s.,n.s.
P55083,-0.13189474477935548,24.78390554007396,-0.9257065168982582,0.358462295259659,0.7592830071909025,-5.602492616731267,P55083,Microfibril-associated glycoprotein 4,MFAP4,n.s.,n.s.
Q15165,0.2657862502657551,20.326129555880833,0.9235561540584821,0.35957167936754275,0.7592830071909025,-5.6043664151771,Q15165,Serum paraoxonase/arylesterase 2,PON2,n.s.,n.s.
P12111,0.42713640982707446,27.095202489485217,0.9218167696728505,0.36047065494067543,0.7592830071909025,-5.605879002800641,P12111,Collagen alpha-3(VI) chain,COL6A3,n.s.,n.s.
P12110,0.4312291369295238,24.524746672098264,0.9210596218076472,0.3608624276473086,0.7592830071909025,-5.60653656354729,P12110,Collagen alpha-2(VI) chain,COL6A2,n.s.,n.s.
O15145,0.12105259171074678,22.65789812810912,0.9208355429530592,0.36097029496805577,0.7592830071909025,-5.6067390827020445,O15145,Actin-related protein 2/3 complex subunit 3,ARPC3,n.s.,n.s.
P08865,-0.08100904420813038,25.47372695585159,-0.9201531223632069,0.36132371565965615,0.7592830071909025,-5.607331154446844,P08865,40S ribosomal protein SA,RPSA,n.s.,n.s.
Q9HCF4,-0.26452987569287956,20.07175326491473,-0.919607467166682,0.36161458599028096,0.7592830071909025,-5.607796251893372,Q9HCF4,E3 ubiquitin-protein ligase RNF213,RNF213,n.s.,n.s.
P62258,-0.14568355921237952,26.400585994095746,-0.9174292140720539,0.362744723985163,0.7594542839675281,-5.609682190098815,P62258,14-3-3 protein epsilon,YWHAE,n.s.,n.s.
Q9Y265,-0.1340916245611865,23.494657348664003,-0.9173636374306936,0.3627726345812289,0.7594542839675281,-5.609744974200332,Q9Y265,RuvB-like 1,RUVBL1,n.s.,n.s.
P25788,0.09565796859747522,22.229287256694626,0.9159992341847464,0.3634797843508505,0.7598073714356297,-5.610925911448002,P25788,Proteasome subunit alpha type-3,PSMA3,n.s.,n.s.
P11532,-0.1602484211601798,23.886084460769485,-0.9148540569564462,0.36408371076956914,0.7599439584258315,-5.611906175807041,P11532,Dystrophin,DMD,n.s.,n.s.
P49720,-0.14656682853062364,22.348801286218013,-0.9122758974364599,0.36541938104067373,0.7603126720804195,-5.614134667055612,P49720,Proteasome subunit beta type-3,PSMB3,n.s.,n.s.
P51532,0.10287060330129094,20.474713163863505,0.9109675458724106,0.3661025118498695,0.7603126720804195,-5.615259189258731,P51532,Transcription activator BRG1,SMARCA4,n.s.,n.s.
P27338,-0.5732982266475375,21.131837813301726,-0.9105740966210849,0.3663161378436496,0.7603126720804195,-5.615589072237286,P27338,Amine oxidase [flavin-containing] B,MAOB,n.s.,n.s.
Q29RF7,0.09382050080967375,19.83796710854835,0.9094515904487612,0.36689506085434365,0.7603126720804195,-5.616560188283656,Q29RF7,Sister chromatid cohesion protein PDS5 homolog A,PDS5A,n.s.,n.s.
O14933,0.22057366459869598,19.81982082191988,0.9093531390835439,0.3669545922656029,0.7603126720804195,-5.6166366328041795,O14933,Ubiquitin/ISG15-conjugating enzyme E2 L6,UBE2L6,n.s.,n.s.
Q13177,0.18355907267928373,22.504208198289376,0.9071340405079341,0.36811680877784914,0.760633259499057,-5.618537090163766,Q13177,Serine/threonine-protein kinase PAK 2;PAK-2p27;PAK-2p34,PAK2,n.s.,n.s.
Q9NTJ5,-0.20759831925812833,21.128659130404557,-0.906600845596867,0.36839641092078557,0.760633259499057,-5.6189930522125,Q9NTJ5,Phosphatidylinositide phosphatase SAC1,SACM1L,n.s.,n.s.
P24821,0.7273038874779303,22.56380512828522,0.9054085012208039,0.3690221551884608,0.760633259499057,-5.620011745304222,P24821,Tenascin,TNC,n.s.,n.s.
Q16696,-0.16695103815570178,21.45795895037176,-0.9049349548191348,0.36926561499422683,0.760633259499057,-5.620421194799784,Q16696,Cytochrome P450 2A13,CYP2A13,n.s.,n.s.
P11766,-0.22097597409203118,21.021971756334494,-0.9032431964474722,0.370160244115876,0.761364583742713,-5.621858372140635,P11766,Alcohol dehydrogenase class-3,ADH5,n.s.,n.s.
Q9H993,-0.46380753444488576,22.75265586038424,-0.8984967559097295,0.3726628020236633,0.7648515188469447,-5.62589124438568,Q9H993,UPF0364 protein C6orf211,C6orf211,n.s.,n.s.
Q9H3P7,-0.1706220912105536,22.391981365669686,-0.897972925087772,0.37293964916137345,0.7648515188469447,-5.626335060093594,Q9H3P7,Golgi resident protein GCP60,ACBD3,n.s.,n.s.
Q14683,-0.1165239068461581,20.779380435304837,-0.895084435901625,0.3744606894717547,0.766856361167846,-5.62878573493221,Q14683,Structural maintenance of chromosomes protein 1A,SMC1A,n.s.,n.s.
O75400,0.12734186986243046,21.36015872274083,0.8931940699799704,0.3754634612073293,0.7677955706717996,-5.6303802487073895,O75400,Pre-mRNA-processing factor 40 homolog A,PRPF40A,n.s.,n.s.
P04632;Q96L46,-0.1938157379222254,22.860147627158266,-0.8876265923554465,0.37843450202701734,0.7684791823354843,-5.635049485811241,P04632,Calpain small subunit 1,CAPNS1,n.s.,n.s.
P30153,-0.09993934651777181,24.755406080404107,-0.8873991278607675,0.3785480648938002,0.7684791823354843,-5.635247849446801,P30153,Serine/threonine-protein phosphatase 2A 65 kDa regulatory subunit A alpha isoform,PPP2R1A,n.s.,n.s.
P84243,-0.11768858013986616,28.768628329059105,-0.8866066032626364,0.3789718143209182,0.7684791823354843,-5.635910497922107,P84243,Histone H3.3,H3F3A,n.s.,n.s.
O95470,0.13474547914759682,20.567400238902742,0.8862976912909626,0.37913615695630487,0.7684791823354843,-5.6361695467154,O95470,Sphingosine-1-phosphate lyase 1,SGPL1,n.s.,n.s.
Q15427,0.1078861875528574,21.629471234317826,0.8857378968159451,0.37943527001410926,0.7684791823354843,-5.636637564180086,Q15427,Splicing factor 3B subunit 4,SF3B4,n.s.,n.s.
O60684;O15131,0.14296223696018018,19.80427441964619,0.8842775103761782,0.38021629411917757,0.7684791823354843,-5.637857171229193,O60684;O15131,Importin subunit alpha-7;Importin subunit alpha-6,KPNA6;KPNA5,n.s.,n.s.
P23352,0.30751790984025007,21.591906561034584,0.8836873677301205,0.3805399717184864,0.7684791823354843,-5.638341600179032,P23352,Anosmin-1,KAL1,n.s.,n.s.
Q7Z406,0.2045028254241359,23.869549863067387,0.8811478594728054,0.3819012166041894,0.7684791823354843,-5.640456391919191,Q7Z406,Myosin-14,MYH14,n.s.,n.s.
P01857,0.2779169328211424,25.77875334228272,0.8807980703545923,0.38208895289666367,0.7684791823354843,-5.640747217623882,P01857,Ig gamma-1 chain C region,IGHG1,n.s.,n.s.
O95433,0.16863686214160722,21.703179262568067,0.879908071465345,0.3825647121320299,0.7684791823354843,-5.641488888795756,O95433,Activator of 90 kDa heat shock protein ATPase homolog 1,AHSA1,n.s.,n.s.
Q9Y5B9,0.16320460431911243,22.648768388158917,0.8787317807751879,0.3831991415248607,0.7684791823354843,-5.642462906407333,Q9Y5B9,FACT complex subunit SPT16,SUPT16H,n.s.,n.s.
P19338,0.11054364120768412,26.709213746609198,0.8785241186330892,0.3833037041462559,0.7684791823354843,-5.642642336092769,P19338,Nucleolin,NCL,n.s.,n.s.
Q9BT78,-0.1382500700767757,21.576773111998918,-0.8784637284670658,0.38333558282892466,0.7684791823354843,-5.642693022012113,Q9BT78,COP9 signalosome complex subunit 4,COPS4,n.s.,n.s.
O75955,-0.19151451136907838,22.172037652218556,-0.8770064317654638,0.38412769932860324,0.7684791823354843,-5.64389250362622,O75955,Flotillin-1,FLOT1,n.s.,n.s.
P07195,0.5315924248768376,22.140025890046545,0.8763743592787003,0.3844682249079193,0.7684791823354843,-5.644415545458361,P07195,L-lactate dehydrogenase B chain,LDHB,n.s.,n.s.
Q9Y3E2,0.40101937353530204,19.61335065094715,0.8754121553303538,0.3849869706671427,0.7684791823354843,-5.645211068250612,Q9Y3E2,BolA-like protein 1,BOLA1,n.s.,n.s.
P08519,-0.16434083732018223,21.361807403189168,-0.8752774847733843,0.3850565428144489,0.7684791823354843,-5.645325455978361,P08519,Apolipoprotein(a),LPA,n.s.,n.s.
P01880;Q5XXA6,-0.49129127697831265,22.597731130418747,-0.8736767107632226,0.38592369739214505,0.7691219449439501,-5.646643736238631,P01880,Ig delta chain C region,IGHD,n.s.,n.s.
P25787,0.10991779468609408,23.35962862987936,0.8689101452611877,0.38849621272754176,0.771218137958232,-5.650572251728797,P25787,Proteasome subunit alpha type-2,PSMA2,n.s.,n.s.
P47756,0.11470619071256749,23.059154966292464,0.8678336770362797,0.3890804064183849,0.771218137958232,-5.651454806537658,P47756,F-actin-capping protein subunit beta,CAPZB,n.s.,n.s.
P05388;Q8NHW5,0.07563953510202381,25.25600647295543,0.8677264912494336,0.38913860560462754,0.771218137958232,-5.651542625777912,P05388;Q8NHW5,60S acidic ribosomal protein P0;60S acidic ribosomal protein P0-like,RPLP0;RPLP0P6,n.s.,n.s.
P11215,-0.22210579634356264,22.130571271920626,-0.8676977982382239,0.38916181022413976,0.771218137958232,-5.651558360995686,P11215,Integrin alpha-M,ITGAM,n.s.,n.s.
Q15185,0.3175735989183579,21.484059757430863,0.8666567672562923,0.38972735070346587,0.7712556687834367,-5.652410726217847,Q15185,Prostaglandin E synthase 3,PTGES3,n.s.,n.s.
Q9H1E3,-0.26805683158308113,20.535864251385785,-0.863632311560906,0.39137329511730656,0.7721514787429546,-5.654881413865286,Q9H1E3,Nuclear ubiquitous casein and cyclin-dependent kinase substrate 1,NUCKS1,n.s.,n.s.
Q9UBM7,0.22965786128753862,20.14083930474691,0.8626952611765994,0.3918841264326214,0.7721514787429546,-5.655645188324917,Q9UBM7,7-dehydrocholesterol reductase,DHCR7,n.s.,n.s.
P52943,-0.2860294934513945,21.449735844977,-0.8622459109239525,0.39212923610787576,0.7721514787429546,-5.65601116019177,P52943,Cysteine-rich protein 2,CRIP2,n.s.,n.s.
P98179,-0.23637974413363239,22.73574272767682,-0.8602723568280999,0.39320689156883304,0.7721514787429546,-5.657616318116275,P98179,Putative RNA-binding protein 3,RBM3,n.s.,n.s.
P68366;A6NHL2;Q9H853,-0.3398083343741405,21.712568121439865,-0.8594568680490814,0.3936527247678341,0.7721514787429546,-5.658278537525779,P68366,Tubulin alpha-4A chain,TUBA4A,n.s.,n.s.
Q9NSD9,-0.12940857812119688,22.66792689705314,-0.8591819673425357,0.3937955439399202,0.7721514787429546,-5.658509353192236,Q9NSD9,Phenylalanine--tRNA ligase beta subunit,FARSB,n.s.,n.s.
P07951,-0.172735957408225,23.710512594706735,-0.8577840115299663,0.39456826928008404,0.7721514787429546,-5.659635071349009,P07951,Tropomyosin beta chain,TPM2,n.s.,n.s.
P29373,-0.3495841180623209,21.53314883430861,-0.8576647331016678,0.3946336001082622,0.7721514787429546,-5.659731697017952,P29373,Cellular retinoic acid-binding protein 2,CRABP2,n.s.,n.s.
P62249,0.06907978757267585,24.269248091161682,0.8567904420720406,0.3951051507104275,0.7721514787429546,-5.660447252330388,P62249,40S ribosomal protein S16,RPS16,n.s.,n.s.
Q96RP8,0.14164207012590424,20.02476303205439,0.8539705401332289,0.39665343159096755,0.7741051064659131,-5.662724874720318,Q96RP8,Potassium voltage-gated channel subfamily A member 7,KCNA7,n.s.,n.s.
P43307,0.12498576139891071,22.813771115221137,0.8514957487786856,0.39801413908420613,0.7756877765853796,-5.664718936317087,P43307,Translocon-associated protein subunit alpha,SSR1,n.s.,n.s.
P37802;Q9UI15,0.15619977068568502,25.633884210810496,0.8484883520869951,0.3996797705241343,0.7778595258062806,-5.667126130275835,P37802,Transgelin-2,TAGLN2,n.s.,n.s.
Q10471,-0.18483706326861338,21.05068687837305,-0.8451925126707268,0.4015018602132585,0.7797451468802505,-5.669763050039346,Q10471,Polypeptide N-acetylgalactosaminyltransferase 2;Polypeptide N-acetylgalactosaminyltransferase 2 soluble form,GALNT2,n.s.,n.s.
P62888,-0.08272289064604621,23.953440772603862,-0.8443935962591854,0.40193690898939505,0.7797451468802505,-5.670408359701085,P62888,60S ribosomal protein L30,RPL30,n.s.,n.s.
Q9NUQ9;Q9H0Q0,0.21075358376367603,22.35582709382586,0.8420715994721524,0.40323195105136667,0.7797451468802505,-5.6722508008428845,Q9NUQ9,Protein FAM49B,FAM49B,n.s.,n.s.
Q9BQE3,-0.21241949588158704,20.916236727692322,-0.8410460372933255,0.40380147461588234,0.7797451468802505,-5.673066342571955,Q9BQE3,Tubulin alpha-1C chain,TUBA1C,n.s.,n.s.
Q9NP72,0.18786380847783946,23.219982380224163,0.8400511124489699,0.40435445641481693,0.7797451468802505,-5.673856595706139,Q9NP72,Ras-related protein Rab-18,RAB18,n.s.,n.s.
Q9UBV8,-0.16689317794555336,19.88045306955549,-0.8397299340775943,0.40453306741120854,0.7797451468802505,-5.674111508035492,Q9UBV8,Peflin,PEF1,n.s.,n.s.
Q9UM54,-0.2368286795548613,24.090164477282286,-0.8389520516659845,0.40496585744020797,0.7797451468802505,-5.6747285028886365,Q9UM54,Unconventional myosin-VI,MYO6,n.s.,n.s.
P11021,0.13171035381264318,27.49628516957529,0.8384335043975273,0.4052545190595972,0.7797451468802505,-5.6751394907542325,P11021,78 kDa glucose-regulated protein,HSPA5,n.s.,n.s.
P68371,-0.10440154962081749,28.344811598305625,-0.8377601560197533,0.40562220964571505,0.7797451468802505,-5.675680375050293,P68371,Tubulin beta-4B chain,TUBB4B,n.s.,n.s.
Q15366;P57721,0.1546072583998246,22.460101138314432,0.8344709342690448,0.40746357155750323,0.7806033994676709,-5.678272953676671,Q15366,Poly(rC)-binding protein 2,PCBP2,n.s.,n.s.
Q6NXG1,0.12145739289127988,20.881225606482328,0.8344120526587784,0.40749013685435587,0.7806033994676709,-5.678325937633657,Q6NXG1,Epithelial splicing regulatory protein 1,ESRP1,n.s.,n.s.
Q9NZ08,0.203413850763976,20.055424169208894,0.833485017119263,0.4080155556427365,0.7806033994676709,-5.679049082605788,Q9NZ08,Endoplasmic reticulum aminopeptidase 1,ERAP1,n.s.,n.s.
P57764,-0.19219209849957153,20.523082259693187,-0.8326319486727475,0.4084926897733997,0.7806033994676709,-5.679720776657489,P57764,Gasdermin-D,GSDMD,n.s.,n.s.
Q13098,-0.11552749607309565,20.537536009426564,-0.8315627833002951,0.40908389905582676,0.7806033994676709,-5.680569204252531,Q13098,COP9 signalosome complex subunit 1,GPS1,n.s.,n.s.
O75843,0.14512941394765733,19.985180352170627,0.8304797210853203,0.4096950844030648,0.7806033994676709,-5.681415426829141,O75843,AP-1 complex subunit gamma-like 2,AP1G2,n.s.,n.s.
P53621,-0.10592080301506002,25.152349180882403,-0.8285282160173929,0.4107867299807775,0.7806033994676709,-5.682948845223127,P53621,Coatomer subunit alpha;Xenin;Proxenin,COPA,n.s.,n.s.
P46777,-0.07277861238940986,24.25768557001132,-0.825312697972321,0.4125932428455251,0.7806033994676709,-5.685463771355254,P46777,60S ribosomal protein L5,RPL5,n.s.,n.s.
Q12906;Q96SI9,-0.07367292626537747,25.168936495837833,-0.8251521037492648,0.4126836551070745,0.7806033994676709,-5.685589061385571,Q12906,Interleukin enhancer-binding factor 3,ILF3,n.s.,n.s.
P40938,-0.11644286042470853,25.735179706986653,-0.8247847236223514,0.41289773609840497,0.7806033994676709,-5.6858681123362,P40938,Replication factor C subunit 3,RFC3,n.s.,n.s.
P51888,0.49824553016823003,21.20987080281482,0.8242190998620984,0.41321636165618825,0.7806033994676709,-5.686309015767003,P51888,Prolargin,PRELP,n.s.,n.s.
Q6PIU2,0.29416868614862324,19.90730679455808,0.8226541992581342,0.41409867533194855,0.7806033994676709,-5.687527317836267,Q6PIU2,Neutral cholesterol ester hydrolase 1,NCEH1,n.s.,n.s.
Q9BW60,0.16834833150237571,19.819883365995544,0.822645699304874,0.41410347085034305,0.7806033994676709,-5.687533929029938,Q9BW60,Elongation of very long chain fatty acids protein 1,ELOVL1,n.s.,n.s.
P62937,0.1771612036668877,24.87776532891903,0.8212650793044451,0.41488283889469835,0.7806033994676709,-5.688606879551358,P62937,Peptidyl-prolyl cis-trans isomerase A,PPIA,n.s.,n.s.
Q92804,0.12363496701106058,22.904112841884714,0.8197303401667306,0.4157430953667989,0.7806033994676709,-5.689804977580652,Q92804,TATA-binding protein-associated factor 2N,TAF15,n.s.,n.s.
P38117,0.15695900591850886,20.269490556049554,0.8196966282101205,0.4157693174744417,0.7806033994676709,-5.689823670170841,P38117,Electron transfer flavoprotein subunit beta,ETFB,n.s.,n.s.
P29728,-0.29654258878717243,21.07404796259587,-0.8187846305729563,0.41628530008715126,0.7806033994676709,-5.690530146616534,P29728,2-5-oligoadenylate synthase 2,OAS2,n.s.,n.s.
O43684,-0.10469328276271739,22.05401608104344,-0.817379153677472,0.41707410517937127,0.7806033994676709,-5.691624811107828,O43684,Mitotic checkpoint protein BUB3,BUB3,n.s.,n.s.
Q9UL25,0.31131197109274567,21.500147386267006,0.816386314084626,0.4176440497557472,0.7806033994676709,-5.692384333680558,Q9UL25,Ras-related protein Rab-21,RAB21,n.s.,n.s.
P62424,-0.07671890017904559,25.046331552898238,-0.8143922636751311,0.4187687007217463,0.7806033994676709,-5.693929327484219,P62424,60S ribosomal protein L7a,RPL7A,n.s.,n.s.
Q12888,0.11214030204245873,20.385690911550707,0.8139389285874364,0.4190262608121379,0.7806033994676709,-5.694278375722983,Q12888,Tumor suppressor p53-binding protein 1,TP53BP1,n.s.,n.s.
P06753,0.14524769969681728,24.112974965014416,0.8138458585025633,0.4190862483280633,0.7806033994676709,-5.694342622815226,P06753,Tropomyosin alpha-3 chain,TPM3,n.s.,n.s.
Q9H3N1,0.15908775832004807,21.71630772070099,0.8132772779981283,0.419409438696174,0.7806033994676709,-5.694780092690342,Q9H3N1,Thioredoxin-related transmembrane protein 1,TMX1,n.s.,n.s.
P10599,0.2471681043984688,21.718078123081714,0.8123797117714157,0.41991993587587817,0.7806033994676709,-5.69547007921079,P10599,Thioredoxin,TXN,n.s.,n.s.
P55209,-0.21206830627851758,22.736595795264204,-0.8106956395939615,0.4208787744576402,0.7806033994676709,-5.696762670239316,P55209,Nucleosome assembly protein 1-like 1,NAP1L1,n.s.,n.s.
Q92945,0.1299800139682361,23.732367851483268,0.8098185250359953,0.42137868784527743,0.7806033994676709,-5.697434852925415,Q92945,Far upstream element-binding protein 2,KHSRP,n.s.,n.s.
Q13310,0.1132819449748581,20.778613465099642,0.8091559159557359,0.4217495281075999,0.7806033994676709,-5.697949527345578,Q13310,Polyadenylate-binding protein 4,PABPC4,n.s.,n.s.
Q00610,-0.1082293242347312,27.38738084681458,-0.8063880634812319,0.4233315496800958,0.7806033994676709,-5.700063004279876,Q00610,Clathrin heavy chain 1,CLTC,n.s.,n.s.
Q8WUY1,0.22655549808087727,20.800359324207385,0.8057858542500929,0.4236817135615075,0.7806033994676709,-5.700516176627702,Q8WUY1,UPF0670 protein THEM6,THEM6,n.s.,n.s.
P11309,-0.24476321368774023,22.53691212743257,-0.8053985597748496,0.42390329139542926,0.7806033994676709,-5.700811314063955,P11309,Serine/threonine-protein kinase pim-1,PIM1,n.s.,n.s.
P10768,0.16928982357698175,26.88002267761236,0.8052390571212721,0.42399456582702943,0.7806033994676709,-5.700932822653166,P10768,S-formylglutathione hydrolase,ESD,n.s.,n.s.
P51148,-0.1126117848903121,24.04556468712997,-0.805034293476826,0.4241089642889364,0.7806033994676709,-5.701091691173607,P51148,Ras-related protein Rab-5C,RAB5C,n.s.,n.s.
Q09666,-0.1913951727470362,27.820913895340844,-0.803788958929515,0.42482491672394507,0.7806033994676709,-5.702036424659481,Q09666,Neuroblast differentiation-associated protein AHNAK,AHNAK,n.s.,n.s.
Q8NE71,0.10458109590484099,20.271609335963127,0.8036687271570132,0.4248868091551834,0.7806033994676709,-5.7021351440995245,Q8NE71,ATP-binding cassette sub-family F member 1,ABCF1,n.s.,n.s.
Q9BPW8,-0.1622992061400943,21.746627918762226,-0.8027305080648183,0.4254316188452437,0.7806033994676709,-5.702840735830328,Q9BPW8,Protein NipSnap homolog 1,NIPSNAP1,n.s.,n.s.
Q9Y266,0.16593463351957283,21.066170067778984,0.8007356580212958,0.4265764735409818,0.7816875378783447,-5.704353798177378,Q9Y266,Nuclear migration protein nudC,NUDC,n.s.,n.s.
Q9BZZ5,0.13119153307498976,22.0518780280235,0.7986157696642552,0.4277881583767311,0.782891169221229,-5.705964930170064,Q9BZZ5,Apoptosis inhibitor 5,API5,n.s.,n.s.
P62277,-0.07549043315682269,24.484280004417087,-0.7975602422459831,0.42839572124770453,0.7829875164255325,-5.706761966499307,P62277,40S ribosomal protein S13,RPS13,n.s.,n.s.
O14617,0.10192413405437861,20.490264429379785,0.7945891852467043,0.430108628848375,0.7846054596668165,-5.708999903889905,O14617,AP-3 complex subunit delta-1,AP3D1,n.s.,n.s.
Q3ZCQ8,0.1687343170794975,21.039875626823026,0.7937276857452407,0.4306129724250559,0.7846054596668165,-5.709640082207843,Q3ZCQ8,Mitochondrial import inner membrane translocase subunit TIM50,TIMM50,n.s.,n.s.
O00299,0.1236992486520272,24.205313220332545,0.793145824898608,0.43094913624506226,0.7846054596668165,-5.710076952833176,O00299,Chloride intracellular channel protein 1,CLIC1,n.s.,n.s.
Q01105,0.12168047523944736,24.155245683708234,0.7921267772938869,0.4315382562180259,0.7846655663964363,-5.710841316195418,Q01105,Protein SET,SET,n.s.,n.s.
P09493,-0.25767017881805643,22.681110796266548,-0.7881720461788377,0.433829051961648,0.78781569152881,-5.713798570740973,P09493,Tropomyosin alpha-1 chain,TPM1,n.s.,n.s.
Q9Y6C9,-0.12848060830427244,23.23666037098669,-0.7845790906243585,0.43591652849864704,0.7896125180417681,-5.716472755655798,Q9Y6C9,Mitochondrial carrier homolog 2,MTCH2,n.s.,n.s.
P45973,-0.1341164104554089,20.927209634547086,-0.7845319105472095,0.43593774029378973,0.7896125180417681,-5.716514327568747,P45973,Chromobox protein homolog 5,CBX5,n.s.,n.s.
P55072,0.12715434848905005,26.269881435227965,0.7834149771101175,0.43659414128689755,0.7897876068664262,-5.717336626643805,P55072,Transitional endoplasmic reticulum ATPase,VCP,n.s.,n.s.
Q14257,0.18314308109711774,20.313241540569305,0.7824146685350203,0.4371769028820083,0.7898292061030905,-5.718077938689571,Q14257,Reticulocalbin-2,RCN2,n.s.,n.s.
O95825,-0.1379706593098966,23.869433674042174,-0.7806569731088844,0.43820201680981885,0.7899879280076865,-5.7193782942487035,O95825,Quinone oxidoreductase-like protein 1,CRYZL1,n.s.,n.s.
P22314,0.10967023490405481,26.11736097702958,0.7795269008882167,0.4388618400874085,0.7899879280076865,-5.7202128194054715,P22314,Ubiquitin-like modifier-activating enzyme 1,UBA1,n.s.,n.s.
P32969,0.06568547646355327,24.440713232260553,0.7787127514297516,0.4393308148669891,0.7899879280076865,-5.7208203908916415,P32969,60S ribosomal protein L9,RPL9,n.s.,n.s.
Q6ZRV2,0.21405538255583423,19.604470249781887,0.7778618415556311,0.439835096749426,0.7899879280076865,-5.721440262653862,Q6ZRV2,Protein FAM83H,FAM83H,n.s.,n.s.
Q15758,0.2383801308379745,20.428842866608633,0.7761287838178396,0.4408494484528849,0.7899879280076865,-5.722715106550554,Q15758,Neutral amino acid transporter B(0),SLC1A5,n.s.,n.s.
O43324,-0.1362121107026546,21.952725776172734,-0.7753155569019861,0.4413197455767983,0.7899879280076865,-5.723318817197583,O43324,Eukaryotic translation elongation factor 1 epsilon-1,EEF1E1,n.s.,n.s.
P60953,0.11359111750384443,22.67617360165038,0.7751965517138686,0.44138893239001775,0.7899879280076865,-5.723406754956734,P60953,Cell division control protein 42 homolog,CDC42,n.s.,n.s.
Q9UJS0,0.19881259506359683,22.558294132285027,0.7746027276811998,0.4417437811467503,0.7899879280076865,-5.723835376574413,Q9UJS0,Calcium-binding mitochondrial carrier protein Aralar2,SLC25A13,n.s.,n.s.
O00764,0.2915560689828176,18.484356164480506,0.7709607846483466,0.4438824144907252,0.7914445358802007,-5.726500192540241,O00764,Pyridoxal kinase,PDXK,n.s.,n.s.
P04626;P00533;P80192;Q5TCX8;Q02779,0.5547491082585907,18.45851440236349,0.7705131397936816,0.4441457000210698,0.7914445358802007,-5.726826887165874,P04626,Receptor tyrosine-protein kinase erbB-2,ERBB2,n.s.,n.s.
O95154,-0.3562433481357097,20.67637669489568,-0.7696998487311388,0.4446242770106077,0.7914445358802007,-5.727419958148989,O95154,Aflatoxin B1 aldehyde reductase member 3,AKR7A3,n.s.,n.s.
Q15257,-0.1553483704208567,22.2047411419833,-0.7686889263910308,0.4452195697940855,0.7914445358802007,-5.728156292222965,Q15257,Serine/threonine-protein phosphatase 2A activator,PPP2R4,n.s.,n.s.
Q15005,0.16982297975768645,20.819764719477423,0.76691160717942,0.4462672936014994,0.7914445358802007,-5.729448557394042,Q15005,Signal peptidase complex subunit 2,SPCS2,n.s.,n.s.
P18621,-0.06649816763514593,23.467458983247056,-0.7661663944578286,0.4467003954918618,0.7914445358802007,-5.729996478375094,P18621,60S ribosomal protein L17,RPL17,n.s.,n.s.
Q9P0S9,-0.12286776184520676,20.768564588770662,-0.7659204516013234,0.44684557730205643,0.7914445358802007,-5.73017489732713,Q9P0S9,Transmembrane protein 14C,TMEM14C,n.s.,n.s.
P25786,-0.11814469657090143,22.742356772289963,-0.7655817386546849,0.4470455670421828,0.7914445358802007,-5.730420524461764,P25786,Proteasome subunit alpha type-1,PSMA1,n.s.,n.s.
P48444,-0.08852018458968303,24.121455723884257,-0.7616439197504925,0.4493744449422542,0.7919153130628853,-5.733268338746927,P48444,Coatomer subunit delta,ARCN1,n.s.,n.s.
Q96QR8,0.1585993462493569,20.98723248919302,0.7613995348327928,0.44952578928890996,0.7919153130628853,-5.73343769264855,Q96QR8,Transcriptional activator protein Pur-beta,PURB,n.s.,n.s.
P12236;Q9H0C2,0.11920158180045348,25.446191047626233,0.7597478836723782,0.4505048626319641,0.7919153130628853,-5.734627522807264,P12236,ADP/ATP translocase 3,SLC25A6,n.s.,n.s.
Q9UBE0,0.13437063192820276,19.5555787874086,0.7589502030470844,0.45097160368817446,0.7919153130628853,-5.735208142763157,Q9UBE0,SUMO-activating enzyme subunit 1,SAE1,n.s.,n.s.
P61077;P62837;P51668;Q9Y2X8,0.13861316323088246,21.46326611484085,0.7579044313483841,0.4515941267003566,0.7919153130628853,-5.7359577563816035,P61077;P62837,Ubiquitin-conjugating enzyme E2 D3;Ubiquitin-conjugating enzyme E2 D2,UBE2D3;UBE2D2,n.s.,n.s.
P29992;O95837;Q03113;P19086,0.18366114965088087,21.647123887298886,0.7576041377607134,0.4517774886579665,0.7919153130628853,-5.7361680799388415,P29992,Guanine nucleotide-binding protein subunit alpha-11,GNA11,n.s.,n.s.
P37837,-0.1556268091337465,22.90268045190808,-0.7571956330627242,0.45202023224635013,0.7919153130628853,-5.736461159651602,P37837,Transaldolase,TALDO1,n.s.,n.s.
P18669;P15259;Q8N0Y7,0.22358446663337261,21.826987830693138,0.7568674992540139,0.452215272253495,0.7919153130628853,-5.736696465569243,P18669;P15259,Phosphoglycerate mutase 1;Phosphoglycerate mutase 2,PGAM1;PGAM2,n.s.,n.s.
Q15435,-0.18301886031697379,20.424768085866162,-0.7565432307803767,0.452408062679583,0.7919153130628853,-5.736928901535025,Q15435,Protein phosphatase 1 regulatory subunit 7,PPP1R7,n.s.,n.s.
Q6PI47,0.12619653990460478,20.07253275131,0.7544162580721195,0.45366821473313557,0.7919153130628853,-5.738456981652017,Q6PI47,BTB/POZ domain-containing protein KCTD18,KCTD18,n.s.,n.s.
P52907,0.14394759001574187,23.823945110821683,0.7538753568026488,0.4539960271708401,0.7919153130628853,-5.738837534025934,P52907,F-actin-capping protein subunit alpha-1,CAPZA1,n.s.,n.s.
Q8N684,0.1515483860820659,20.940934949224527,0.7537907947194225,0.45404641266327017,0.7919153130628853,-5.738897922907746,Q8N684,Cleavage and polyadenylation specificity factor subunit 7,CPSF7,n.s.,n.s.
P62081,0.07162501359380258,24.90148609920553,0.7528149371768661,0.4546216076468873,0.7919396152959975,-5.739601162326398,P62081,40S ribosomal protein S7,RPS7,n.s.,n.s.
P19971,0.2670575491035727,22.894674772393053,0.7512290627387138,0.45557432872028847,0.7926206878228447,-5.740724204794757,P19971,Thymidine phosphorylase,TYMP,n.s.,n.s.
P21810,0.3993706625388391,24.61370414005927,0.7490027466781373,0.456904598226229,0.7939561429768585,-5.742306420007584,P21810,Biglycan,BGN,n.s.,n.s.
P12268,-0.20652415288705583,22.85127696065922,-0.7466814838845314,0.4582939823138237,0.7939712414017274,-5.743951214151684,P12268,Inosine-5-monophosphate dehydrogenase 2,IMPDH2,n.s.,n.s.
Q92520,-0.13676301486466258,20.814840490829805,-0.7461957537188847,0.45858502185077077,0.7939712414017274,-5.744294758737636,Q92520,Protein FAM3C,FAM3C,n.s.,n.s.
P10620,-0.22648705781646328,23.403541822906575,-0.7461684408456455,0.4586013903206292,0.7939712414017274,-5.744314069933915,P10620,Microsomal glutathione S-transferase 1,MGST1,n.s.,n.s.
P49368,0.0900028530126562,24.39226550676111,0.7409485000768674,0.46172946344807997,0.798407197212305,-5.747998743685787,P49368,T-complex protein 1 subunit gamma,CCT3,n.s.,n.s.
O43615,0.12662942057535886,20.2552126069424,0.7393950617098183,0.4626668261629432,0.7990488270696607,-5.74908610506564,O43615,Mitochondrial import inner membrane translocase subunit TIM44,TIMM44,n.s.,n.s.
P15104,-0.23773067568125228,21.745623473431827,-0.7362857792674197,0.46454604394872345,0.8013135305765877,-5.751256001620755,P15104,Glutamine synthetase,GLUL,n.s.,n.s.
P00738;P00739,0.28653968226643656,19.909619289368155,0.7331691429750886,0.46642986173690937,0.8035113002366682,-5.753426420896287,P00738,Haptoglobin;Haptoglobin alpha chain;Haptoglobin beta chain,HP,n.s.,n.s.
Q00839,-0.07774989570657809,26.653927969281686,-0.7311182216766688,0.46766561091159775,0.8035113002366682,-5.75485634988307,Q00839,Heterogeneous nuclear ribonucleoprotein U,HNRNPU,n.s.,n.s.
Q9BXP5,-0.09133644716838063,21.90151083274382,-0.7301229518179208,0.46826902857091,0.8035113002366682,-5.7555456445158475,Q9BXP5,Serrate RNA effector molecule homolog,SRRT,n.s.,n.s.
Q9P035,-0.1618761456185922,24.19818587066898,-0.7288791470051049,0.46903000739293743,0.8035113002366682,-5.75639920118419,Q9P035,3-hydroxyacyl-CoA dehydratase 3,PTPLAD1,n.s.,n.s.
Q9BR76;A9Z1Z3,0.20219666089955624,22.474573893200716,0.7277387787726887,0.469722560973977,0.8035113002366682,-5.757186548557968,Q9BR76,Coronin-1B,CORO1B,n.s.,n.s.
P51610,0.0925532513372751,21.316936695624264,0.7265246740157246,0.470454299223103,0.8035113002366682,-5.758030023206031,P51610,Host cell factor 1;HCF N-terminal chain 1;HCF N-terminal chain 2;HCF N-terminal chain 3;HCF N-terminal chain 4;HCF N-terminal chain 5;HCF N-terminal chain 6;HCF C-terminal chain 1;HCF C-terminal chain 2;HCF C-terminal chain 3;HCF C-terminal chain 4;HCF C-terminal chain 5;HCF C-terminal chain 6,HCFC1,n.s.,n.s.
Q9BSJ8,0.1293866703872304,23.327840724415097,0.7262546340561581,0.4706247604344935,0.8035113002366682,-5.758209439737975,Q9BSJ8,Extended synaptotagmin-1,ESYT1,n.s.,n.s.
Q96CW1,-0.08181539377107683,21.541397002759226,-0.7261882709452542,0.4706588951901851,0.8035113002366682,-5.758261672509933,Q96CW1,AP-2 complex subunit mu,AP2M1,n.s.,n.s.
Q9BWF3;Q9BQ04,0.1581074565361753,20.99094367900036,0.7235177328174978,0.47229107197149434,0.8035113002366682,-5.760090375422076,Q9BWF3;Q9BQ04,RNA-binding protein 4;RNA-binding protein 4B,RBM4;RBM4B,n.s.,n.s.
Q9HDC9,0.13739861004009413,24.448367766074515,0.7233924973589833,0.4723673989738829,0.8035113002366682,-5.760176276839409,Q9HDC9,Adipocyte plasma membrane-associated protein,APMAP,n.s.,n.s.
Q6DD88,0.1670444180588717,22.50276844912574,0.723097339053306,0.4725473160890905,0.8035113002366682,-5.76037867391612,Q6DD88,Atlastin-3,ATL3,n.s.,n.s.
Q6P996;Q6P474,-0.18748297142210646,24.075104788269137,-0.7229228337186767,0.47265370602156953,0.8035113002366682,-5.76049829826585,Q6P996,Pyridoxal-dependent decarboxylase domain-containing protein 1,PDXDC1,n.s.,n.s.
P18124,-0.07597425372936684,25.3395436352195,-0.7171424203749637,0.4761793257175636,0.8072735879579378,-5.76445123603544,P18124,60S ribosomal protein L7,RPL7,n.s.,n.s.
P63220,-0.12596244300958404,21.428932031347003,-0.716185451645167,0.4767659730352908,0.8072735879579378,-5.765101044489133,P63220,40S ribosomal protein S21,RPS21,n.s.,n.s.
P00751,-0.19084308782302983,20.53902655783545,-0.7160868820521974,0.47683198520286574,0.8072735879579378,-5.765162090529192,P00751,Complement factor B;Complement factor B Ba fragment;Complement factor B Bb fragment,CFB,n.s.,n.s.
Q8TCQ1,0.09999293620940364,20.282764715870172,0.7133488780751845,0.4785052135056359,0.8072735879579378,-5.767024284496652,Q8TCQ1,E3 ubiquitin-protein ligase MARCH1,41334.0,n.s.,n.s.
Q9HCY8,0.2558039895700226,21.386976356543894,0.712811328362587,0.4788414061216948,0.8072735879579378,-5.767381410905978,Q9HCY8,Protein S100-A14,S100A14,n.s.,n.s.
P10909,0.24022405525621693,22.22496901578767,0.7123859814262637,0.4791026871388949,0.8072735879579378,-5.767668868131147,P10909,Clusterin;Clusterin beta chain;Clusterin alpha chain,CLU,n.s.,n.s.
P48730,0.22344308348751696,24.771807042570057,0.7119174577743567,0.4793905830614741,0.8072735879579378,-5.767985310052899,P48730,Casein kinase I isoform delta,CSNK1D,n.s.,n.s.
O75396,-0.15448063919603072,25.85179300193859,-0.7118307946033857,0.47944384600195034,0.8072735879579378,-5.768043820158557,O75396,Vesicle-trafficking protein SEC22b,SEC22B,n.s.,n.s.
P12109,0.3077051891824034,25.18903864509407,0.7076067744591696,0.48204393012837743,0.8086958518853453,-5.770887165554216,P12109,Collagen alpha-1(VI) chain,COL6A1,n.s.,n.s.
P23634,0.16775930732767108,21.05541196824512,0.7071379339323206,0.4823330080643379,0.8086958518853453,-5.771201735295313,P23634,Plasma membrane calcium-transporting ATPase 4,ATP2B4,n.s.,n.s.
Q8N6H7,-0.10194045774376548,20.86801000126317,-0.7067329743151912,0.4825767395344447,0.8086958518853453,-5.771479605066635,Q8N6H7,ADP-ribosylation factor GTPase-activating protein 2,ARFGAP2,n.s.,n.s.
Q15836,-0.11749131857553152,21.91558886781187,-0.7061726063088004,0.4829224837009578,0.8086958518853453,-5.771855099188382,Q15836,Vesicle-associated membrane protein 3,VAMP3,n.s.,n.s.
P54578,-0.14902259414670382,22.67284230040251,-0.7057307385533229,0.48320123777019885,0.8086958518853453,-5.772144667397172,P54578,Ubiquitin carboxyl-terminal hydrolase 14,USP14,n.s.,n.s.
P08621,0.080483505751765,22.866294153838496,0.7032924547384587,0.48470169897738735,0.8086958518853453,-5.773780430648953,P08621,U1 small nuclear ribonucleoprotein 70 kDa,SNRNP70,n.s.,n.s.
Q12874,-0.07980116000710424,21.92105212586373,-0.7031191552947389,0.4848088709459685,0.8086958518853453,-5.77389603188384,Q12874,Splicing factor 3A subunit 3,SF3A3,n.s.,n.s.
P51572,0.13132998615075664,24.47728185660512,0.7030241506743012,0.48487362912473575,0.8086958518853453,-5.773953110197603,P51572,B-cell receptor-associated protein 31,BCAP31,n.s.,n.s.
P42127,0.13790072104900375,24.285502188613666,0.7012964834874892,0.48594282916256504,0.8095222337052883,-5.775103906052409,P42127,Agouti-signaling protein,ASIP,n.s.,n.s.
P01024,0.2546667109457914,23.985911127974717,0.6985989589652654,0.4876148581339971,0.8113497226734314,-5.776895161412248,P01024,Complement C3;Complement C3 beta chain;Complement C3 alpha chain;C3a anaphylatoxin;Complement C3b alpha chain;Complement C3c alpha chain fragment 1;Complement C3dg fragment;Complement C3g fragment;Complement C3d fragment;Complement C3f fragment;Complement C3c alpha chain fragment 2,C3,n.s.,n.s.
Q8NC56,0.1317022371453227,20.997192738363378,0.6955480397815509,0.48950976859338347,0.8135433256599106,-5.778912912500791,Q8NC56,LEM domain-containing protein 2,LEMD2,n.s.,n.s.
Q9Y6K5,-0.24378832371075276,20.871817166726192,-0.6945530897300578,0.4901286056288774,0.8136134853439364,-5.779569055241623,Q9Y6K5,2-5-oligoadenylate synthase 3,OAS3,n.s.,n.s.
O00567,-0.11089335292890823,23.586158698689573,-0.6916745387072487,0.49192143063474136,0.8156300101358637,-5.781462185204662,O00567,Nucleolar protein 56,NOP56,n.s.,n.s.
Q99436,-0.14779924348056994,20.56824274762528,-0.6890896703642343,0.49353441608177384,0.8169177575910669,-5.783155586367396,Q99436,Proteasome subunit beta type-7,PSMB7,n.s.,n.s.
Q8NCL4,0.2541830466605397,21.45624303993098,0.688574840459365,0.4938560221298228,0.8169177575910669,-5.783492118158669,Q8NCL4,Polypeptide N-acetylgalactosaminyltransferase 6,GALNT6,n.s.,n.s.
Q9NVA2,0.13825847821480153,21.83021986786579,0.6870662892701122,0.494799052429707,0.817519277492174,-5.784476798119809,Q9NVA2,Septin-11,41528.0,n.s.,n.s.
Q13797,0.11330617107350349,25.221466032838048,0.6842110001293872,0.4965866604716189,0.8186421160857091,-5.7863347267050544,Q13797,Integrin alpha-9,ITGA9,n.s.,n.s.
P52803,-0.1460200718015443,21.66073856089187,-0.684127459455296,0.49663901585355563,0.8186421160857091,-5.786388971880785,P52803,Ephrin-A5,EFNA5,n.s.,n.s.
P12273,-0.33911840309371755,21.343319770965174,-0.6807547294711682,0.4987552434214185,0.8197428832950004,-5.788573537283319,P12273,Prolactin-inducible protein,PIP,n.s.,n.s.
P61313,0.07714110095546545,24.28504880994798,0.6805372098722468,0.4988861183066776,0.8197428832950004,-5.788720085719247,P61313,60S ribosomal protein L15,RPL15,n.s.,n.s.
P26368,0.0775986157333044,22.449559602047053,0.678580099003956,0.5001165669623937,0.8197428832950004,-5.789982447528922,P26368,Splicing factor U2AF 65 kDa subunit,U2AF2,n.s.,n.s.
P38606,-0.1197364350736656,26.150821390182866,-0.6785258964380849,0.5001564250527024,0.8197428832950004,-5.790011359633732,P38606,V-type proton ATPase catalytic subunit A,ATP6V1A,n.s.,n.s.
Q14166,-0.19240027979574492,20.974686187813862,-0.6784381384904321,0.5002116389206204,0.8197428832950004,-5.790067877511338,Q14166,Tubulin--tyrosine ligase-like protein 12,TTLL12,n.s.,n.s.
O96008,-0.1122220027916363,21.530611158120127,-0.6771803340605856,0.5009976209652471,0.8200784723688674,-5.790883121416975,O96008,Mitochondrial import receptor subunit TOM40 homolog,TOMM40,n.s.,n.s.
P34932,-0.11488846608484948,23.787904940924076,-0.6751158869571422,0.5023043080227806,0.8212646333952994,-5.79220218728626,P34932,Heat shock 70 kDa protein 4,HSPA4,n.s.,n.s.
Q6P2Q9,0.09188649822571548,23.025439051586833,0.6739166490916187,0.5030551559550767,0.8215403067738578,-5.792976024951121,Q6P2Q9,Pre-mRNA-processing-splicing factor 8,PRPF8,n.s.,n.s.
Q08945,0.1052573415498479,22.744740031103227,0.6722246420197919,0.5041238558469922,0.8223338272833595,-5.794056934459052,Q08945,FACT complex subunit SSRP1,SSRP1,n.s.,n.s.
Q9NY33,-0.22782898404536667,22.72109754129961,-0.6691174234869349,0.5060947138276637,0.8238540490481442,-5.79602967508495,Q9NY33,Dipeptidyl peptidase 3,DPP3,n.s.,n.s.
Q14978,-0.18368803510770704,20.78897216956265,-0.6689139277469789,0.506223572306691,0.8238540490481442,-5.796158932005047,Q14978,Nucleolar and coiled-body phosphoprotein 1,NOLC1,n.s.,n.s.
P00568,-0.21958855261967614,21.33017658840856,-0.666641252391128,0.5076638885243494,0.8252462519675772,-5.7975998675194615,P00568,Adenylate kinase isoenzyme 1,AK1,n.s.,n.s.
Q9UBQ7,-0.1292876966506462,20.42218440732917,-0.6642724554759799,0.5091674686553029,0.8267379726957795,-5.79909661167132,Q9UBQ7,Glyoxylate reductase/hydroxypyruvate reductase,GRHPR,n.s.,n.s.
P10586;P23468,-0.1712884011598419,20.427703153830787,-0.6606904265499022,0.511445680046535,0.8294825914317941,-5.801349989232225,P10586,Receptor-type tyrosine-protein phosphatase F,PTPRF,n.s.,n.s.
Q3SXM5,-0.29206349045488267,18.568120571705165,-0.6576999448462366,0.513351835979919,0.8316181866448514,-5.80322205366986,Q3SXM5,Inactive hydroxysteroid dehydrogenase-like protein 1,HSDL1,n.s.,n.s.
Q07020,0.057232058035513234,25.207181382214845,0.6509619723981739,0.5176550596970297,0.8376276252666387,-5.807415104672764,Q07020,60S ribosomal protein L18,RPL18,n.s.,n.s.
Q9Y224,-0.11496623844307763,21.697922136741568,-0.6495366862525148,0.5185694095649439,0.8381459758260433,-5.808294934268942,Q9Y224,UPF0568 protein C14orf166,C14orf166,n.s.,n.s.
Q8IXI1;Q8IXI2,-0.08563404661439122,20.480124380792113,-0.6473843840772258,0.5199506250910564,0.8394168558392227,-5.809621137168306,Q8IXI1,Mitochondrial Rho GTPase 2,RHOT2,n.s.,n.s.
Q71U36;Q13748;Q6PEY2,0.1592814578286621,22.114340087853325,0.6423790043176478,0.5231767549229924,0.8424959374789058,-5.812681929070729,Q71U36;Q13748;Q6PEY2,Tubulin alpha-1A chain;Tubulin alpha-3C/D chain;Tubulin alpha-3E chain,TUBA1A;TUBA3C;TUBA3E,n.s.,n.s.
Q9NR46,-0.1121171894672095,20.274215833313978,-0.6405942568018211,0.5243255309285253,0.8424959374789058,-5.813771844604502,Q9NR46,Endophilin-B2,SH3GLB2,n.s.,n.s.
P20339,0.11515744432496078,20.979744543697823,0.6399211894027341,0.5247590132906079,0.8424959374789058,-5.814182195078117,P20339,Ras-related protein Rab-5A,RAB5A,n.s.,n.s.
P28288,-0.17806198929935135,22.809992061529396,-0.6398587264405681,0.5248023805696572,0.8424959374789058,-5.814217037559982,P28288,ATP-binding cassette sub-family D member 3,ABCD3,n.s.,n.s.
P62699;Q8TD46,-0.05971729598837072,25.132592433780086,-0.6395016003448505,0.5250275753870747,0.8424959374789058,-5.814439607672268,P62699,Protein yippee-like 5,YPEL5,n.s.,n.s.
O00483,-0.13338335940864,22.13852200315955,-0.6388706763827349,0.5254404145864189,0.8424959374789058,-5.814817239682424,O00483,NADH dehydrogenase [ubiquinone] 1 alpha subcomplex subunit 4,NDUFA4,n.s.,n.s.
P42702,0.10070261262088565,24.776631002556858,0.6363831210297757,0.527048556573526,0.8436356228500367,-5.816324287059487,P42702,Leukemia inhibitory factor receptor,LIFR,n.s.,n.s.
P04406,0.09136211414543993,28.17320400231729,0.6359219088655347,0.5273470016681306,0.8436356228500367,-5.816603068872718,P04406,Glyceraldehyde-3-phosphate dehydrogenase,GAPDH,n.s.,n.s.
Q14195;Q14117,0.10096286521675779,20.126241809245546,0.6330116785222089,0.5292272561354969,0.8456847773580818,-5.818362664508857,Q14195,Dihydropyrimidinase-related protein 3,DPYSL3,n.s.,n.s.
P60900,0.07651218036169283,23.05784623267734,0.6307506673980432,0.5306940123335209,0.8464395423799445,-5.819720630304323,P60900,Proteasome subunit alpha type-6,PSMA6,n.s.,n.s.
P13798,0.16750033438873047,23.11667748673752,0.6296535452599483,0.5314119419246195,0.8464395423799445,-5.820372262701873,P13798,Acylamino-acid-releasing enzyme,APEH,n.s.,n.s.
Q05519,0.07327872109038225,21.402553736504284,0.6295110769241106,0.5314992448962657,0.8464395423799445,-5.820462901959443,Q05519,Serine/arginine-rich splicing factor 11,SRSF11,n.s.,n.s.
Q66K74,0.10621699382356908,19.55439139560765,0.6280093182750106,0.5324756315202854,0.8470384623169366,-5.8213602330947385,Q66K74,Microtubule-associated protein 1S;MAP1S heavy chain;MAP1S light chain,MAP1S,n.s.,n.s.
Q02790,0.1594463100093897,24.835084815218416,0.6270732794264291,0.5330899304868035,0.8470606890955853,-5.821913096981993,Q02790,"Peptidyl-prolyl cis-trans isomerase FKBP4;Peptidyl-prolyl cis-trans isomerase FKBP4, N-terminally processed",FKBP4,n.s.,n.s.
Q13838,-0.06562762962174062,24.56434673957668,-0.6254008908907068,0.5341737441260895,0.8478280685735796,-5.822913800003751,Q13838,Spliceosome RNA helicase DDX39B,DDX39B,n.s.,n.s.
O95994,0.31860612040539493,25.914463903361117,0.6242475488018391,0.5349306984219641,0.8480755230038104,-5.823593358680495,O95994,Anterior gradient protein 2 homolog,AGR2,n.s.,n.s.
P31949,-0.1495549403609182,20.895477602321872,-0.6230663482107144,0.5357011427073393,0.8483437849158875,-5.824293517868855,P31949,Protein S100-A11,S100A11,n.s.,n.s.
Q92785,0.06773892976971752,19.968372949697617,0.6200735545206625,0.5376505901327484,0.8490464105081961,-5.826066931980944,Q92785,Zinc finger protein ubi-d4,DPF2,n.s.,n.s.
Q96HC4,-0.16411501756935465,21.485733814960685,-0.6197068967384397,0.5378954938862186,0.8490464105081961,-5.8262776932672455,Q96HC4,PDZ and LIM domain protein 5,PDLIM5,n.s.,n.s.
Q14157,0.13131665137034432,22.17464017421181,0.618812926280894,0.5384802032716849,0.8490464105081961,-5.826803912707122,Q14157,Ubiquitin-associated protein 2-like,UBAP2L,n.s.,n.s.
Q9UH62,0.12009309708405169,20.472807158013694,0.6187035521370733,0.5385517628666445,0.8490464105081961,-5.826868242380681,Q9UH62,Armadillo repeat-containing X-linked protein 3,ARMCX3,n.s.,n.s.
O60613,0.128596366522423,20.209018680111388,0.6150851964428148,0.5409218797536521,0.8518312191209857,-5.828990098884631,O60613,15 kDa selenoprotein,41532.0,n.s.,n.s.
Q8IWE2,-0.0896574794824545,21.382867834124905,-0.6117802237124074,0.5430862854688804,0.854286230542464,-5.830922634827848,Q8IWE2,Protein NOXP20,FAM114A1,n.s.,n.s.
Q9UL46,0.2009716708779976,21.777058438169153,0.6093178157176662,0.5447106899950771,0.8548295085496195,-5.832346800296346,Q9UL46,Proteasome activator complex subunit 2,PSME2,n.s.,n.s.
Q15393,0.051749607355624505,24.058582814911983,0.6090118355032014,0.5449070024165527,0.8548295085496195,-5.832529156150251,Q15393,Splicing factor 3B subunit 3,SF3B3,n.s.,n.s.
P08708;P0CW22,-0.06178736172467936,23.61289530468996,-0.6084921215931963,0.5452491549926701,0.8548295085496195,-5.8328299496346565,P08708;P0CW22,40S ribosomal protein S17;40S ribosomal protein S17-like,RPS17;RPS17L,n.s.,n.s.
O95336,-0.09617667513201766,23.9132026181115,-0.6070964417086445,0.5461735953913007,0.8550019941965507,-5.833631352173371,O95336,6-phosphogluconolactonase,PGLS,n.s.,n.s.
P60983;O60234,0.12944999930486034,20.971198167639507,0.6038745670810663,0.5482989345041291,0.8550019941965507,-5.835486237477778,P60983,Glia maturation factor beta,GMFB,n.s.,n.s.
Q9BUP0,-0.17078686571454682,20.591266229468268,-0.6037242213675891,0.5483982137279789,0.8550019941965507,-5.83557255612148,Q9BUP0,EF-hand domain-containing protein D1,EFHD1,n.s.,n.s.
Q16706,-0.16665708757648545,20.032070357553604,-0.6007006476409833,0.5503967311707414,0.8550019941965507,-5.83730399173355,Q16706,Alpha-mannosidase 2,MAN2A1,n.s.,n.s.
Q96KP4,0.2044297972055631,22.438814783807732,0.6006198161823619,0.5504502094964666,0.8550019941965507,-5.837350161768609,Q96KP4,Cytosolic non-specific dipeptidase,CNDP2,n.s.,n.s.
Q96JQ2,0.09930552898794431,20.056787720444426,0.6006124446658025,0.5504505113248317,0.8550019941965507,-5.837358985994808,Q96JQ2,Calmin,CLMN,n.s.,n.s.
P08133,-0.10726148904706534,26.390234998788376,-0.5997352703860124,0.5510355990321767,0.8550019941965507,-5.837855003880669,P08133,Annexin A6,ANXA6,n.s.,n.s.
O14974,0.1683886245567905,19.45703374047464,0.5986444904149257,0.5517579060781632,0.8550019941965507,-5.838476540243052,O14974,Protein phosphatase 1 regulatory subunit 12A,PPP1R12A,n.s.,n.s.
Q8TCT9,0.1045220514169749,21.483759173847,0.5977694394285591,0.5523331536575828,0.8550019941965507,-5.838978925916316,Q8TCT9,Minor histocompatibility antigen H13,HM13,n.s.,n.s.
Q9UQ35,0.09475442108838905,23.076205937402396,0.5977026034288562,0.5523783612461833,0.8550019941965507,-5.83901600188443,Q9UQ35,Serine/arginine repetitive matrix protein 2,SRRM2,n.s.,n.s.
P14314,0.07949296252942517,23.6923577807609,0.5975882126140866,0.5524531825787264,0.8550019941965507,-5.839082021699677,P14314,Glucosidase 2 subunit beta,PRKCSH,n.s.,n.s.
Q10589,0.1359441958252603,21.766495759095363,0.5973275210218822,0.5526306298421362,0.8550019941965507,-5.839225473409897,Q10589,Bone marrow stromal antigen 2,BST2,n.s.,n.s.
Q9UIA9,0.08954915235417005,20.069784417921007,0.5955725363176344,0.5537897503628398,0.8558568869243888,-5.840225938085173,Q9UIA9,Exportin-7,XPO7,n.s.,n.s.
O15355,-0.09885713680903407,26.120253236627015,-0.5867402385811847,0.5596717146515418,0.861953683356666,-5.845187081992084,O15355,Protein phosphatase 1G,PPM1G,n.s.,n.s.
Q08379;A8MZ06,0.11634936627216774,20.795296234086216,0.5863549373282104,0.5599287996291402,0.861953683356666,-5.845402056841455,Q08379,Golgin subfamily A member 2,GOLGA2,n.s.,n.s.
O75874,-0.20678059703984175,21.980919847110105,-0.5858764142750451,0.5602481668735905,0.861953683356666,-5.845668849702138,O75874,Isocitrate dehydrogenase [NADP] cytoplasmic,IDH1,n.s.,n.s.
P55884,-0.06750185913714546,22.493803497541755,-0.5847999375299645,0.5609621000601858,0.861953683356666,-5.846273069800197,P55884,Eukaryotic translation initiation factor 3 subunit B,EIF3B,n.s.,n.s.
Q14160,-0.11169604446258674,20.711326347658822,-0.5837219774099373,0.5616871634266387,0.861953683356666,-5.846867357258653,Q14160,Protein scribble homolog,SCRIB,n.s.,n.s.
P62899,-0.07144632067962675,23.37515795476966,-0.5825751047732778,0.5624491134680267,0.861953683356666,-5.847508386552741,P62899,60S ribosomal protein L31,RPL31,n.s.,n.s.
O60264;P28370,0.09458584180724472,22.481278653560917,0.5808657924291597,0.5635928932856102,0.861953683356666,-5.848454306727662,O60264,SWI/SNF-related matrix-associated actin-dependent regulator of chromatin subfamily A member 5,SMARCA5,n.s.,n.s.
P20645,0.15033786057195186,21.207122851924574,0.5803941712774667,0.5639134772247802,0.861953683356666,-5.848710037460008,P20645,Cation-dependent mannose-6-phosphate receptor,M6PR,n.s.,n.s.
Q92544,-0.080182354138433,22.63167741276646,-0.5801230221658376,0.5640902734776162,0.861953683356666,-5.84886449437545,Q92544,Transmembrane 9 superfamily member 4,TM9SF4,n.s.,n.s.
P15559,0.20988301915244634,21.998847016940672,0.579701826356261,0.5643772059899651,0.861953683356666,-5.849092096653987,P15559,NAD(P)H dehydrogenase [quinone] 1,NQO1,n.s.,n.s.
Q9Y3I0,-0.0942246833769147,22.486201684971842,-0.5792778893980923,0.5646564622137198,0.861953683356666,-5.8493305802209825,Q9Y3I0,tRNA-splicing ligase RtcB homolog,C22orf28,n.s.,n.s.
Q96JB5,0.0875356984724398,20.91904730493569,0.5785452470920874,0.565147515958857,0.861953683356666,-5.849734085108186,Q96JB5,CDK5 regulatory subunit-associated protein 3,CDK5RAP3,n.s.,n.s.
Q14764,-0.20393290307498546,24.918251991976643,-0.5757153827385215,0.5670509624831426,0.861953683356666,-5.851283186371045,Q14764,Major vault protein,MVP,n.s.,n.s.
Q96G03,-0.0951153224315604,20.8816511303546,-0.5747851051572245,0.5676713737133392,0.861953683356666,-5.851796747002125,Q96G03,Phosphoglucomutase-2,PGM2,n.s.,n.s.
P61163,-0.0803322835717104,21.690657414664706,-0.5746284703180756,0.5677763046329367,0.861953683356666,-5.851882704077303,P61163,Alpha-centractin,ACTR1A,n.s.,n.s.
Q7Z3U7,-0.18656425362839002,17.733746217914675,-0.5742156348096639,0.5680537333306921,0.861953683356666,-5.8521083324849394,Q7Z3U7,Protein MON2 homolog,MON2,n.s.,n.s.
O60493,0.0837222711405623,20.081057328583356,0.574117455446509,0.5681197204264348,0.861953683356666,-5.852161967209083,O60493,Sorting nexin-3,SNX3,n.s.,n.s.
Q16629,0.05259005513551429,24.534469079025943,0.5694784616658679,0.5712419049272565,0.8657597506470021,-5.854685888608435,Q16629,Serine/arginine-rich splicing factor 7,SRSF7,n.s.,n.s.
Q1KMD3,0.10374900849194901,22.901676493208306,0.566904137400028,0.5729827801693778,0.8669124941826307,-5.856073157879506,Q1KMD3,Heterogeneous nuclear ribonucleoprotein U-like protein 2,HNRNPUL2,n.s.,n.s.
Q9Y678,0.10447854601910933,24.576491317822928,0.5661075606246391,0.573520529467662,0.8669124941826307,-5.856502595033222,Q9Y678,Coatomer subunit gamma-1,COPG1,n.s.,n.s.
P02786,0.2032826554496907,21.663000637106972,0.5649674214144209,0.574290636202855,0.8669124941826307,-5.857116209470815,P02786,"Transferrin receptor protein 1;Transferrin receptor protein 1, serum form",TFRC,n.s.,n.s.
P36956,0.13230166013351763,21.088256739437007,0.5647166508344269,0.5744600865065626,0.8669124941826307,-5.857251008303336,P36956,Sterol regulatory element-binding protein 1;Processed sterol regulatory element-binding protein 1,SREBF1,n.s.,n.s.
P18031,-0.22980230290002623,20.934566128044754,-0.5595896091278719,0.577929835771601,0.8711837573497528,-5.859994022466676,P18031,Tyrosine-protein phosphatase non-receptor type 1,PTPN1,n.s.,n.s.
Q99497,-0.15866884077508558,22.626601638207607,-0.5580033557180312,0.579005386322187,0.8711837573497528,-5.860837673316707,Q99497,Protein DJ-1,PARK7,n.s.,n.s.
P49792;A6NKT7;Q7Z3J3;Q68DN6;O14715;Q99666,-0.06909640790251714,20.76661999281222,-0.5567329538331695,0.5798628990235162,0.8711837573497528,-5.86151610486068,P49792;A6NKT7;Q7Z3J3;Q68DN6,E3 SUMO-protein ligase RanBP2;Putative peptidyl-prolyl cis-trans isomerase;RanBP2-like and GRIP domain-containing protein 3;RanBP2-like and GRIP domain-containing protein 4;RANBP2-like and GRIP domain-containing protein 2,RANBP2;RGPD3;RGPD4;RGPD2,n.s.,n.s.
P14384,-0.07457087308274524,22.904938345626906,-0.5552076429031809,0.5808987922887654,0.8711837573497528,-5.86232326739455,P14384,Carboxypeptidase M,CPM,n.s.,n.s.
Q92973,-0.06396912984835978,22.638991717044487,-0.5551608661463074,0.5809305741029533,0.8711837573497528,-5.862347986070398,Q92973,Transportin-1,TNPO1,n.s.,n.s.
O15042,0.08338976102480444,20.00976682190694,0.5550660779050882,0.5809949792105722,0.8711837573497528,-5.862398069586326,O15042,U2 snRNP-associated SURP motif-containing protein,U2SURP,n.s.,n.s.
Q8N335,-0.09697389387021005,21.087444113243656,-0.5535101608526122,0.5820530373139942,0.8718437745754202,-5.863218593947903,Q8N335,Glycerol-3-phosphate dehydrogenase 1-like protein,GPD1L,n.s.,n.s.
Q15008,-0.05642198135810972,21.478487014680546,-0.5517177148304564,0.5832722653218185,0.871949223699351,-5.864161827721914,Q15008,26S proteasome non-ATPase regulatory subunit 6,PSMD6,n.s.,n.s.
P21964,0.17398546287308037,20.2830702921555,0.5515210313267219,0.5834106881722094,0.871949223699351,-5.864260695865942,P21964,Catechol O-methyltransferase,COMT,n.s.,n.s.
P09211,0.2658373757361261,22.330640497217445,0.5489779710152044,0.585143286255833,0.871949223699351,-5.865592769296745,P09211,Glutathione S-transferase P,GSTP1,n.s.,n.s.
P62873;P16520,-0.07058463728952802,23.93762812972164,-0.5478948935152851,0.5858777431368818,0.871949223699351,-5.86616231879988,P62873,Guanine nucleotide-binding protein G(I)/G(S)/G(T) subunit beta-1,GNB1,n.s.,n.s.
P58107,0.25523517100517523,23.758931705909554,0.5468385955589158,0.5866027497321702,0.871949223699351,-5.866708674144547,P58107,Epiplakin,EPPK1,n.s.,n.s.
P35555;P35556,0.2886791668849398,25.36008826555692,0.5456476030221676,0.5874159841033247,0.871949223699351,-5.86732803218786,P35555,Fibrillin-1,FBN1,n.s.,n.s.
O00487,-0.07898135585366717,21.33654422168789,-0.5447298494992554,0.5880385527962932,0.871949223699351,-5.867808705202602,O00487,26S proteasome non-ATPase regulatory subunit 14,PSMD14,n.s.,n.s.
Q13724,0.11393669923691974,21.724521017170286,0.5431837353500949,0.5891000615393125,0.871949223699351,-5.868605090149389,Q13724,Mannosyl-oligosaccharide glucosidase,MOGS,n.s.,n.s.
Q06830,0.10743187656083819,26.033008707340553,0.5420595483749604,0.5898692130869969,0.871949223699351,-5.86918587300312,Q06830,Peroxiredoxin-1,PRDX1,n.s.,n.s.
P49916,0.11916981994322029,19.977420502171153,0.5416970267091061,0.5901173460964678,0.871949223699351,-5.869372906870388,P49916,DNA ligase 3,LIG3,n.s.,n.s.
O60762,-0.13359957534646583,20.97731788815323,-0.5414878147247343,0.5902605666056902,0.871949223699351,-5.869480788161749,O60762,Dolichol-phosphate mannosyltransferase,DPM1,n.s.,n.s.
P60981,-0.12830451568527934,22.95834094560775,-0.540536448720263,0.5909120515083066,0.871949223699351,-5.869970845192988,P60981,Destrin,DSTN,n.s.,n.s.
Q12792,-0.09661114920615432,21.99746580862795,-0.5395602261524765,0.5915768710276015,0.871949223699351,-5.870476717482475,Q12792,Twinfilin-1,TWF1,n.s.,n.s.
P42766,0.104662820512754,21.650734946174374,0.5386294832180684,0.5922189413538229,0.871949223699351,-5.870950572769326,P42766,60S ribosomal protein L35,RPL35,n.s.,n.s.
P41091;Q2VIR3,0.06095731221431677,23.138161742229787,0.5366900458015575,0.5935450979948207,0.871949223699351,-5.871947686409562,P41091;Q2VIR3,Eukaryotic translation initiation factor 2 subunit 3;Putative eukaryotic translation initiation factor 2 subunit 3-like protein,EIF2S3;EIF2S3L,n.s.,n.s.
Q96HY6,-0.1115464061732716,21.31869099036906,-0.5359604480193283,0.5940503784092223,0.871949223699351,-5.872316070300658,Q96HY6,DDRGK domain-containing protein 1,DDRGK1,n.s.,n.s.
O75533,0.04960157530956266,23.772190201776983,0.5326599716343718,0.5963144231504949,0.871949223699351,-5.873999501208544,O75533,Splicing factor 3B subunit 1,SF3B1,n.s.,n.s.
B7ZAQ6;P0CG08;A6NKF9,-0.08735237761460013,20.552383141987754,-0.5324078170637078,0.5964882589105426,0.871949223699351,-5.874127022434215,B7ZAQ6;P0CG08;A6NKF9,Golgi pH regulator A;Golgi pH regulator B;Putative Golgi pH regulator C,GPR89A;GPR89B;GPR89C,n.s.,n.s.
P46783;Q9NQ39,0.08033545564777711,22.427973484627422,0.5322628910752191,0.5965876095117768,0.871949223699351,-5.874200836908071,P46783;Q9NQ39,40S ribosomal protein S10;Putative 40S ribosomal protein S10-like,RPS10;RPS10P5,n.s.,n.s.
Q14103,-0.06208158876706804,24.868453971156733,-0.5312772816685711,0.5972659487815309,0.871949223699351,-5.874699938077197,Q14103,Heterogeneous nuclear ribonucleoprotein D0,HNRNPD,n.s.,n.s.
Q15102,0.1439746368847601,20.42843820250902,0.5310289863298883,0.5974412212451439,0.871949223699351,-5.874821383080266,Q15102,Platelet-activating factor acetylhydrolase IB subunit gamma,PAFAH1B3,n.s.,n.s.
P14867,-0.06681328866338276,23.45588315058533,-0.5303860722680455,0.5978796275393214,0.871949223699351,-5.875150447984808,P14867,Gamma-aminobutyric acid receptor subunit alpha-1,GABRA1,n.s.,n.s.
Q9Y5X3,-0.09235175332605294,20.334947558011987,-0.5298928658660375,0.598221968521377,0.871949223699351,-5.875396959542333,Q9Y5X3,Sorting nexin-5,SNX5,n.s.,n.s.
Q8WXF1,0.10202770062887367,22.490546268971805,0.529288644621318,0.5986400215381511,0.871949223699351,-5.875700051338557,Q8WXF1,Paraspeckle component 1,PSPC1,n.s.,n.s.
Q92896,0.15002657121541318,22.73401859009821,0.528935656146301,0.5988833072596471,0.871949223699351,-5.875877920846868,Q92896,Golgi apparatus protein 1,GLG1,n.s.,n.s.
O94874,0.10971216773740977,22.185927224138673,0.5288221674004734,0.5989615354248131,0.871949223699351,-5.875935082430663,O94874,E3 UFM1-protein ligase 1,UFL1,n.s.,n.s.
Q13228,0.18840738798102308,22.49381393398572,0.5284865176471459,0.599192927718336,0.871949223699351,-5.876104070183508,Q13228,Selenium-binding protein 1,SELENBP1,n.s.,n.s.
Q9H7Z7,-0.08093004815131977,19.98738575411514,-0.5279613446755266,0.5995507588645379,0.871949223699351,-5.876372368354144,Q9H7Z7,Prostaglandin E synthase 2;Prostaglandin E synthase 2 truncated form,PTGES2,n.s.,n.s.
Q13283,-0.09321525553205134,22.75328726160549,-0.5272518704257928,0.6000444338852373,0.871949223699351,-5.876724757526032,Q13283,Ras GTPase-activating protein-binding protein 1,G3BP1,n.s.,n.s.
Q92841,-0.05705404896227151,24.287367490680772,-0.5247725983079503,0.6017517529583497,0.8735305796545592,-5.877970872617026,Q92841,Probable ATP-dependent RNA helicase DDX17,DDX17,n.s.,n.s.
Q9UBC2,-0.12004982482983806,19.87165768847976,-0.5228383434776172,0.6030929200053714,0.8744303055872893,-5.878931794944527,Q9UBC2,Epidermal growth factor receptor substrate 15-like 1,EPS15L1,n.s.,n.s.
P50914,-0.046041384591724466,24.07329745847806,-0.5220831745380847,0.6036109976201416,0.8744303055872893,-5.879311616355114,P50914,60S ribosomal protein L14,RPL14,n.s.,n.s.
P62753,0.04518930085140127,23.78963978007279,0.5169865280638501,0.6071416448033635,0.8780548819076756,-5.881833709159088,P62753,40S ribosomal protein S6,RPS6,n.s.,n.s.
Q12797,-0.19339865149019175,22.436555094531304,-0.5166812827804317,0.6073575937221058,0.8780548819076756,-5.881980021971667,Q12797,Aspartyl/asparaginyl beta-hydroxylase,ASPH,n.s.,n.s.
O00232,-0.048575932177801207,22.5876003458087,-0.5129561517408878,0.6099403273330518,0.8803463035186202,-5.883810806319927,O00232,26S proteasome non-ATPase regulatory subunit 12,PSMD12,n.s.,n.s.
Q01081;P11274;Q8WU68,0.0733262422452654,24.330847876036692,0.5121245658117233,0.6105226603755338,0.8803463035186202,-5.884212929584003,Q01081,Splicing factor U2AF 35 kDa subunit,U2AF1,n.s.,n.s.
Q7L576;Q96F07,0.06430767403684001,21.558309150908585,0.5116992209712687,0.6108143381606869,0.8803463035186202,-5.884424257663728,Q7L576;Q96F07,Cytoplasmic FMR1-interacting protein 1;Cytoplasmic FMR1-interacting protein 2,CYFIP1;CYFIP2,n.s.,n.s.
Q8N357,0.11609900765492398,19.833228252169572,0.510426351753397,0.6117041472713323,0.8803551884058923,-5.8850400870611335,Q8N357,Transmembrane protein C2orf18,C2orf18,n.s.,n.s.
Q92616,0.09204456038566633,22.86760459707235,0.5094956937448213,0.6123520679432024,0.8803551884058923,-5.885492232969105,Q92616,Translational activator GCN1,GCN1L1,n.s.,n.s.
Q08211,-0.051245580757591114,25.764730687353953,-0.5090012948357391,0.6126922714490335,0.8803551884058923,-5.8857359602423,Q08211,ATP-dependent RNA helicase A,DHX9,n.s.,n.s.
P62917,-0.048607108828264245,24.51838593416924,-0.5066644092972259,0.6143210096086018,0.8806199532124465,-5.886866577371116,P62917,60S ribosomal protein L8,RPL8,n.s.,n.s.
O15372,-0.06203599347775324,20.79036469384968,-0.5039861265989016,0.6161900942925846,0.8806199532124465,-5.888156028603802,O15372,Eukaryotic translation initiation factor 3 subunit H,EIF3H,n.s.,n.s.
P13010,0.05979307569757353,25.336258230155305,0.502898906949122,0.6169495591118823,0.8806199532124465,-5.888677535147583,P13010,X-ray repair cross-complementing protein 5,XRCC5,n.s.,n.s.
P48556,-0.049212406217087334,21.387320901138594,-0.5028261482059837,0.6170003989246329,0.8806199532124465,-5.888712395492299,P48556,26S proteasome non-ATPase regulatory subunit 8,PSMD8,n.s.,n.s.
P31939,-0.12318577683059928,23.748098204858064,-0.5011702672642901,0.6181619955392401,0.8806199532124465,-5.889500649805916,P31939,Bifunctional purine biosynthesis protein PURH;Phosphoribosylaminoimidazolecarboxamide formyltransferase;IMP cyclohydrolase,ATIC,n.s.,n.s.
P62273,0.06861884692981945,20.992272762669245,0.5006274273926004,0.6185376320253705,0.8806199532124465,-5.889763494532462,P62273,40S ribosomal protein S29,RPS29,n.s.,n.s.
P61106,-0.07136928861588387,24.369785511471346,-0.5001026255844918,0.6189088394496711,0.8806199532124465,-5.890009950709933,P61106,Ras-related protein Rab-14,RAB14,n.s.,n.s.
P16070,-0.18810291501436183,21.881144002622126,-0.4998288268728897,0.619100434092178,0.8806199532124465,-5.890140388502022,P16070,CD44 antigen,CD44,n.s.,n.s.
Q5JWF2;P63092,0.09932847427944935,20.70477549219666,0.4995124985256663,0.6193218225384751,0.8806199532124465,-5.890290999302008,Q5JWF2;P63092,Guanine nucleotide-binding protein G(s) subunit alpha isoforms XLas;Guanine nucleotide-binding protein G(s) subunit alpha isoforms short,GNAS,n.s.,n.s.
Q92542,-0.10058192685915657,20.920967274207594,-0.49926104886753186,0.6194978296748509,0.8806199532124465,-5.890410652550424,Q92542,Nicastrin,NCSTN,n.s.,n.s.
A0FGR8,-0.10092732377398761,20.936419161189672,-0.49778760555133783,0.6205296449332998,0.8806199532124465,-5.891110596139764,A0FGR8,Extended synaptotagmin-2,ESYT2,n.s.,n.s.
Q00796,-0.13443512596419538,23.667220551238632,-0.49668526411899266,0.6213020884910574,0.8806199532124465,-5.891632911179001,Q00796,Sorbitol dehydrogenase,SORD,n.s.,n.s.
Q9Y3Q3,-0.1310387661222947,19.818691074175508,-0.4946628244645312,0.6227203862300652,0.8806199532124465,-5.892588206262162,Q9Y3Q3,Transmembrane emp24 domain-containing protein 3,TMED3,n.s.,n.s.
P51114;P51116,0.08647290577790656,21.696454238097807,0.49441470679392047,0.6228908327118512,0.8806199532124465,-5.89270850907059,P51114,Fragile X mental retardation syndrome-related protein 1,FXR1,n.s.,n.s.
P55327,-0.154723758552457,22.851468524159557,-0.494178134964608,0.6230605033813487,0.8806199532124465,-5.892816574519685,P55327,Tumor protein D52,TPD52,n.s.,n.s.
Q5VYK3,0.08448656697427026,21.20680081303412,0.493256810724752,0.6237036011728458,0.8806199532124465,-5.89325341524176,Q5VYK3,Proteasome-associated protein ECM29 homolog,ECM29,n.s.,n.s.
P52597,-0.0692051297812597,24.702000161432764,-0.49308797092035506,0.6238257966897898,0.8806199532124465,-5.893329409864333,P52597,"Heterogeneous nuclear ribonucleoprotein F;Heterogeneous nuclear ribonucleoprotein F, N-terminally processed",HNRNPF,n.s.,n.s.
P16422,0.11519245207147222,22.642100300870535,0.4924301733830693,0.6242877711486652,0.8806199532124465,-5.893638308219713,P16422,Epithelial cell adhesion molecule,EPCAM,n.s.,n.s.
O43488,-0.12911800235322346,20.52175023740435,-0.48876596647455267,0.6268639323223273,0.8806199532124465,-5.895351521495464,O43488,Aflatoxin B1 aldehyde reductase member 2,AKR7A2,n.s.,n.s.
Q13045,-0.06904474659025084,21.245185911136865,-0.48615815018458547,0.6286963274248234,0.8806199532124465,-5.8965666647194315,Q13045,Protein flightless-1 homolog,FLII,n.s.,n.s.
P13987,0.1487653478090465,23.0718044203785,0.48547983138938483,0.629178266194611,0.8806199532124465,-5.89687717744039,P13987,CD59 glycoprotein,CD59,n.s.,n.s.
P53367,0.11377271137439493,21.84960135884498,0.48530516140239327,0.6293013863872834,0.8806199532124465,-5.8969579860075685,P53367,Arfaptin-1,ARFIP1,n.s.,n.s.
Q93009,-0.10285824334104632,21.947553716652653,-0.48514530494517544,0.6294140741877685,0.8806199532124465,-5.897031916042803,Q93009,Ubiquitin carboxyl-terminal hydrolase 7,USP7,n.s.,n.s.
P63244,0.04033079832261066,25.433492426999067,0.4848930707697683,0.6295880012055777,0.8806199532124465,-5.8971520788376814,P63244,Guanine nucleotide-binding protein subunit beta-2-like 1,GNB2L1,n.s.,n.s.
O00159,0.10443823148904485,22.754111658003673,0.48455880019205083,0.6298275955027111,0.8806199532124465,-5.897302954556213,O00159,Unconventional myosin-Ic,MYO1C,n.s.,n.s.
P14174,-0.1527064023428082,21.79544655249991,-0.48412898592768666,0.6301307161729394,0.8806199532124465,-5.897501376090841,P14174,Macrophage migration inhibitory factor,MIF,n.s.,n.s.
P06703,-0.2433094213404381,22.59567896468088,-0.48379708309946184,0.630364829870411,0.8806199532124465,-5.897654477867574,P06703,Protein S100-A6,S100A6,n.s.,n.s.
P12956,0.055813185846773194,25.97267540794942,0.48315536538412246,0.6308137023864614,0.8806199532124465,-5.897953734852486,P12956,X-ray repair cross-complementing protein 6,XRCC6,n.s.,n.s.
Q6UXG2,0.1318668314600835,22.83059120521825,0.4829312467868953,0.6309757425214624,0.8806199532124465,-5.898053385128088,Q6UXG2,UPF0577 protein KIAA1324,KIAA1324,n.s.,n.s.
Q8WWY3,0.050167296031492725,20.654637487535812,0.4812336538685958,0.6321704079770001,0.8814154601339399,-5.8988369556913725,Q8WWY3,U4/U6 small nuclear ribonucleoprotein Prp31,PRPF31,n.s.,n.s.
O15027,-0.11320612646824202,21.603599070123252,-0.4794008835659866,0.633469355460351,0.8823546501032135,-5.8996725569012325,O15027,Protein transport protein Sec16A,SEC16A,n.s.,n.s.
Q9P2D6,0.041311667416163544,21.485477525148543,0.47652174970347333,0.6355023313155347,0.8833611983000199,-5.9009877812834315,Q9P2D6,Protein FAM135A,FAM135A,n.s.,n.s.
P06733;P13929,0.15633688583881167,22.99296498705438,0.4763079817348411,0.6356574932058019,0.8833611983000199,-5.90108140956891,P06733,Alpha-enolase,ENO1,n.s.,n.s.
Q99714,-0.12142231027222294,23.582893378280346,-0.47503252977381033,0.6365607911651824,0.8833611983000199,-5.901659759270614,Q99714,3-hydroxyacyl-CoA dehydrogenase type-2,HSD17B10,n.s.,n.s.
P18085,0.07770259481610609,21.454342150336913,0.4723890958246952,0.638430899499873,0.8833611983000199,-5.902856922314565,P18085,ADP-ribosylation factor 4,ARF4,n.s.,n.s.
O94905,0.17466091877491863,23.599707073492798,0.47231430377856076,0.6384877372512228,0.8833611983000199,-5.902887198683831,O94905,Erlin-2,ERLIN2,n.s.,n.s.
Q9UI08,-0.12384630031907662,21.164429603405353,-0.47062001288827193,0.6396900873023996,0.8833611983000199,-5.903648736576374,Q9UI08,Ena/VASP-like protein,EVL,n.s.,n.s.
Q8IXQ6,-0.11763013769367348,20.301847238281695,-0.4701653338366443,0.6400129148955659,0.8833611983000199,-5.903852640531824,Q8IXQ6,Poly [ADP-ribose] polymerase 9,PARP9,n.s.,n.s.
P46087,0.09780292556634151,20.225519042289058,0.4696661927765101,0.6403673915920537,0.8833611983000199,-5.904076258674676,P46087,Putative ribosomal RNA methyltransferase NOP2,NOP2,n.s.,n.s.
P52198,-0.13371062752526441,22.39718501856211,-0.46889038583823134,0.6409185162075253,0.8833611983000199,-5.9044233570749665,P52198,Rho-related GTP-binding protein RhoN,RND2,n.s.,n.s.
Q15717;P26378;Q12926,-0.04734240839296078,23.885237562979434,-0.4684939401761658,0.6411964766173914,0.8833611983000199,-5.904603863198092,Q15717,ELAV-like protein 1,ELAVL1,n.s.,n.s.
P42677,-0.0831925856225979,21.297445175327994,-0.4668028092290997,0.6423990951094373,0.8833611983000199,-5.905357573521154,P42677,40S ribosomal protein S27,RPS27,n.s.,n.s.
P62333,-0.054491764150064625,22.09829964062679,-0.4655567368911443,0.6432852909942222,0.8833611983000199,-5.90591168221619,P62333,26S protease regulatory subunit 10B,PSMC6,n.s.,n.s.
P45880,-0.11532757898180535,25.90916836994613,-0.46537720567146484,0.6434167803592272,0.8833611983000199,-5.905988039345845,P45880,Voltage-dependent anion-selective channel protein 2,VDAC2,n.s.,n.s.
Q9Y3D6,-0.08473840804581911,21.765987078303194,-0.4652890123551127,0.6434761409743974,0.8833611983000199,-5.90603020592873,Q9Y3D6,Mitochondrial fission 1 protein,FIS1,n.s.,n.s.
P07237,0.08797058157418292,27.04155054140834,0.46392727785771426,0.6444490505020415,0.8833611983000199,-5.906630397578436,P07237,Protein disulfide-isomerase,P4HB,n.s.,n.s.
P42224,0.20186182110176887,23.783990628066874,0.4639205293504844,0.6444538567213765,0.8833611983000199,-5.906633382704879,P42224,Signal transducer and activator of transcription 1-alpha/beta,STAT1,n.s.,n.s.
P53004,-0.1067049750263962,23.026106979892777,-0.46338557669331015,0.6448348931601846,0.8833611983000199,-5.906869875947831,P53004,Biliverdin reductase A,BLVRA,n.s.,n.s.
Q9GZS3,0.07322126322173972,20.403803644929077,0.46114394979557705,0.6464290496621434,0.8846861193727297,-5.907861064483937,Q9GZS3,WD repeat-containing protein 61,WDR61,n.s.,n.s.
P20591,-0.37178882469653374,21.651903588727244,-0.4565087605911618,0.649741612982349,0.8872564321311289,-5.909885885951062,P20591,"Interferon-induced GTP-binding protein Mx1;Interferon-induced GTP-binding protein Mx1, N-terminally processed",MX1,n.s.,n.s.
Q9HD45,-0.11383048655083883,21.998913181609357,-0.45403509234764056,0.651510449708009,0.8872564321311289,-5.910959835517894,Q9HD45,Transmembrane 9 superfamily member 3,TM9SF3,n.s.,n.s.
P28072,-0.06702724139648453,21.960184522474986,-0.4532512973494684,0.6520677254671474,0.8872564321311289,-5.911302081322046,P28072,Proteasome subunit beta type-6,PSMB6,n.s.,n.s.
P41250,-0.08033747645480815,23.185418492295092,-0.4527797149353553,0.6524088991087382,0.8872564321311289,-5.9115026456896995,P41250,Glycine--tRNA ligase,GARS,n.s.,n.s.
O60814;P58876;P62807;Q5QNW6;Q93079;Q99877;Q99879;Q99880;P57053;Q96A08,-0.06170401715934304,28.707098278964363,-0.4525248109887641,0.652588090071653,0.8872564321311289,-5.911615574951718,O60814;P58876;P62807;Q5QNW6;Q93079;Q99877;Q99879;Q99880;P57053;Q96A08,Histone H2B type 1-K;Histone H2B type 1-D;Histone H2B type 1-C/E/F/G/I;Histone H2B type 2-F;Histone H2B type 1-H;Histone H2B type 1-N;Histone H2B type 1-M;Histone H2B type 1-L;Histone H2B type F-S;Histone H2B type 1-A,HIST1H2BK;HIST1H2BD;HIST1H2BC;HIST2H2BF;HIST1H2BH;HIST1H2BN;HIST1H2BM;HIST1H2BL;H2BFS;HIST1H2BA,n.s.,n.s.
P14550,-0.13409503096362485,21.419956472112393,-0.452129912205651,0.6528741538615146,0.8872564321311289,-5.911783026751726,P14550,Alcohol dehydrogenase [NADP(+)],AKR1A1,n.s.,n.s.
O94826,-0.066344922990492,22.374603213165077,-0.4520012133172379,0.6529627187899711,0.8872564321311289,-5.911841663200667,O94826,Mitochondrial import receptor subunit TOM70,TOMM70A,n.s.,n.s.
Q96QK1,0.05069763964145224,23.084428851024768,0.45064273362727525,0.653935898999443,0.8872564321311289,-5.912426355535435,Q96QK1,Vacuolar protein sorting-associated protein 35,VPS35,n.s.,n.s.
O60784,-0.17004532110454562,18.89066755868798,-0.450605077312955,0.6539664701746095,0.8872564321311289,-5.912439402995097,O60784,Target of Myb protein 1,TOM1,n.s.,n.s.
P49458,0.05377398723488014,20.936114229472278,0.4458075060163133,0.6574046249095213,0.8893655589689747,-5.9144932722478964,P49458,Signal recognition particle 9 kDa protein,SRP9,n.s.,n.s.
Q02978,0.11099292313038589,22.966729680683784,0.44526412782207975,0.6577984509732357,0.8893655589689747,-5.914721096803645,Q02978,Mitochondrial 2-oxoglutarate/malate carrier protein,SLC25A11,n.s.,n.s.
P23526,0.09331417333518388,23.03916417552741,0.4448845278028579,0.6580711564277344,0.8893655589689747,-5.914882236835238,P23526,Adenosylhomocysteinase,AHCY,n.s.,n.s.
P61086,0.05873987188606833,20.287609093860148,0.44455870388343716,0.6583017341340354,0.8893655589689747,-5.915023501648003,P61086,Ubiquitin-conjugating enzyme E2 K,UBE2K,n.s.,n.s.
P32119,0.07945465797076423,24.060033431954874,0.44387371245258783,0.6587975559551265,0.8893655589689747,-5.915310662095472,P32119,Peroxiredoxin-2,PRDX2,n.s.,n.s.
P55010,-0.06426723198331175,20.092930742744205,-0.442541666185386,0.6597517914466571,0.8893655589689747,-5.915876797834393,P55010,Eukaryotic translation initiation factor 5,EIF5,n.s.,n.s.
P27361,0.07723652922012292,20.864660887748254,0.4422903330318796,0.6599331964851287,0.8893655589689747,-5.915982309999465,P27361,Mitogen-activated protein kinase 3,MAPK3,n.s.,n.s.
Q86U42,0.061423990376468396,22.482273337373645,0.44010848606645564,0.6615027621291576,0.8902110519291214,-5.916901013773096,Q86U42,Polyadenylate-binding protein 2,PABPN1,n.s.,n.s.
Q16821;P35557,-0.10189646349305548,22.754988063460903,-0.43942373540128665,0.6619993534005393,0.8902110519291214,-5.917185240343121,Q16821,Protein phosphatase 1 regulatory subunit 3A,PPP1R3A,n.s.,n.s.
Q13765;Q9BZK3,-0.06751921251820647,22.19737649306499,-0.43872750415181005,0.6624973942355286,0.8902110519291214,-5.917479826204064,Q13765,Nascent polypeptide-associated complex subunit alpha,NACA,n.s.,n.s.
P01834,0.15910962509401827,24.630265177211818,0.43671057010045683,0.6639546212043541,0.8902110519291214,-5.918318973583978,P01834,Ig kappa chain C region,IGKC,n.s.,n.s.
P05141,0.0724875612780096,24.820211279900633,0.4364785695347368,0.6641219238272102,0.8902110519291214,-5.918415594595779,P05141,ADP/ATP translocase 2,SLC25A5,n.s.,n.s.
Q9UNZ2,0.10160477553810665,21.720274628214526,0.43557003768340763,0.664777258918989,0.8902110519291214,-5.918793479047631,Q9UNZ2,NSFL1 cofactor p47,NSFL1C,n.s.,n.s.
Q9Y6Q5,0.09150899083727637,21.716893946972856,0.4347473407421569,0.6653709071812508,0.8902110519291214,-5.9191349877042345,Q9Y6Q5,AP-1 complex subunit mu-2,AP1M2,n.s.,n.s.
Q9H8Y8,0.10301856860682079,21.375776417829258,0.43285703257192887,0.6667357462421353,0.8902110519291214,-5.919917241904533,Q9H8Y8,Golgi reassembly-stacking protein 2,GORASP2,n.s.,n.s.
Q5JTV8,-0.06982621451228965,22.626313804212913,-0.43280340333787054,0.6667712822389269,0.8902110519291214,-5.91994211381426,Q5JTV8,Torsin-1A-interacting protein 1,TOR1AIP1,n.s.,n.s.
P84103,0.05273043408686462,24.217364532634164,0.4322290891217353,0.6671859626584331,0.8902110519291214,-5.920179263790899,P84103,Serine/arginine-rich splicing factor 3,SRSF3,n.s.,n.s.
P61513;A6NKH3,-0.04629142492455074,22.74157419428932,-0.4302166234054256,0.6686406644816127,0.8902110519291214,-5.921007127753591,P61513,60S ribosomal protein L37a,RPL37A,n.s.,n.s.
Q13740,-0.1863166801032392,22.99875957315978,-0.42995492510450234,0.668833327429633,0.8902110519291214,-5.921111614161393,Q13740,CD166 antigen,ALCAM,n.s.,n.s.
Q01130;Q9BRL6,0.05677248188068873,23.555192961602437,0.42872166066348383,0.669722119015453,0.8902110519291214,-5.9216196234596135,Q01130,Serine/arginine-rich splicing factor 2,SRSF2,n.s.,n.s.
Q15392,0.12053418981386343,20.854188331966192,0.42825999172766455,0.6700596184795449,0.8902110519291214,-5.9218054784162,Q15392,Delta(24)-sterol reductase,DHCR24,n.s.,n.s.
P62906,0.04351209155013436,24.007657702395004,0.42792250638087337,0.6703005149378138,0.8902110519291214,-5.921946173419717,P62906,60S ribosomal protein L10a,RPL10A,n.s.,n.s.
P38159;Q96E39,-0.05337583724563544,24.726569233050874,-0.4274331112846332,0.6706551014887712,0.8902110519291214,-5.922145611895364,P38159;Q96E39,"RNA-binding motif protein, X chromosome;RNA-binding motif protein, X chromosome, N-terminally processed;RNA binding motif protein, X-linked-like-1;RNA binding motif protein, X-linked-like-1, N-terminally processed",RBMX;RBMXL1,n.s.,n.s.
P09529,0.08885990771650754,20.506187916735332,0.42493099025250897,0.6724707902547518,0.8910724923091001,-5.923160365713771,P09529,Inhibin beta B chain,INHBB,n.s.,n.s.
P23229,0.037915420514934794,25.61161576821619,0.42375861203737325,0.6733174142516597,0.8910724923091001,-5.9236378295025505,P23229,Integrin alpha-6;Integrin alpha-6 heavy chain;Integrin alpha-6 light chain,ITGA6,n.s.,n.s.
Q04828;P17516,0.07186154002383915,23.19955865683536,0.4234141712170455,0.6735705606496147,0.8910724923091001,-5.923774220603656,Q04828,Aldo-keto reductase family 1 member C1,AKR1C1,n.s.,n.s.
Q92734,-0.07170512051379063,21.928397161501074,-0.42197278257761184,0.6746129736359949,0.8910724923091001,-5.924358319381739,Q92734,Protein TFG,TFG,n.s.,n.s.
Q96A72,-0.06907792305472071,20.79330590270428,-0.4202129526353923,0.67589085793584,0.8910724923091001,-5.925065180634133,Q96A72,Protein mago nashi homolog 2,MAGOHB,n.s.,n.s.
P01876,0.21033626798017835,21.94616526733027,0.4202164366371891,0.6758914249398367,0.8910724923091001,-5.925061195192012,P01876,Ig alpha-1 chain C region,IGHA1,n.s.,n.s.
P35268,0.039626069349779414,23.92220759348412,0.41978517728740405,0.6762013574474774,0.8910724923091001,-5.925236785399586,P35268,60S ribosomal protein L22,RPL22,n.s.,n.s.
P55957,-0.05808909847527488,21.893629109906794,-0.41921881070585443,0.6766128282561081,0.8910724923091001,-5.925463479188325,P55957,BH3-interacting domain death agonist;BH3-interacting domain death agonist p15;BH3-interacting domain death agonist p13;BH3-interacting domain death agonist p11,BID,n.s.,n.s.
O75340,-0.0718858789216732,21.03340138391418,-0.4182439212298583,0.6773216030003227,0.8910724923091001,-5.925852746081933,O75340,Programmed cell death protein 6,PDCD6,n.s.,n.s.
P11233,0.0918284084173493,21.299217135873956,0.4170453963903609,0.6781960406977888,0.8910724923091001,-5.926327853850594,P11233,Ras-related protein Ral-A,RALA,n.s.,n.s.
P21796,-0.059640735655467125,26.410459093720657,-0.41603940001421413,0.6789278155889866,0.8910724923091001,-5.92672770291567,P21796,Voltage-dependent anion-selective channel protein 1,VDAC1,n.s.,n.s.
P62280,-0.056086694459750674,23.16167372230229,-0.41576411375708966,0.6791248408714154,0.8910724923091001,-5.926839670713964,P62280,40S ribosomal protein S11,RPS11,n.s.,n.s.
Q8N5K1,0.07254596815627323,21.012934597625307,0.4141755104747304,0.6802814652340745,0.8910724923091001,-5.927468472738846,Q8N5K1,CDGSH iron-sulfur domain-containing protein 2,CISD2,n.s.,n.s.
O94906,-0.04864190931076351,21.82568628325502,-0.41308766755925996,0.6810734832926468,0.8910724923091001,-5.927898063820465,O94906,Pre-mRNA-processing factor 6,PRPF6,n.s.,n.s.
P53618,-0.05447773255439259,24.55946445673056,-0.4119636734755972,0.6818940027227116,0.8910724923091001,-5.928339265737673,P53618,Coatomer subunit beta,COPB1,n.s.,n.s.
Q9H1B7,0.05504557706568747,19.547780673452575,0.411822860889629,0.6819951136482959,0.8910724923091001,-5.928395864594128,Q9H1B7,Interferon regulatory factor 2-binding protein-like,IRF2BPL,n.s.,n.s.
Q8TBX8,0.0816128756796708,20.831504325890307,0.4117658678156112,0.6820398948928619,0.8910724923091001,-5.92841558869471,Q8TBX8,Phosphatidylinositol 5-phosphate 4-kinase type-2 gamma,PIP4K2C,n.s.,n.s.
Q9Y4W6;Q01484,0.07853124877918916,21.325183639033394,0.4089339422650458,0.6841052307435671,0.8929440153368854,-5.929524552573138,Q9Y4W6,AFG3-like protein 2,AFG3L2,n.s.,n.s.
P09466,-0.1348362416501061,20.218231686224122,-0.40311649226108803,0.6883555234139609,0.8956674771478176,-5.931778765693594,P09466,Glycodelin,PAEP,n.s.,n.s.
P05455,0.056052747371580836,23.243318322673947,0.40234698230472904,0.6889153388245206,0.8956674771478176,-5.932077102502501,P05455,Lupus La protein,SSB,n.s.,n.s.
O95834,-0.13309082041405063,21.833944471690163,-0.4019816975726583,0.6891858006747545,0.8956674771478176,-5.932214747044046,O95834,Echinoderm microtubule-associated protein-like 2,EML2,n.s.,n.s.
O43583,-0.05367453389244403,20.858199548799846,-0.40085417656792754,0.6900079920585722,0.8956674771478176,-5.932649269020729,O43583,Density-regulated protein,DENR,n.s.,n.s.
O95573;O60488,0.10394838017840158,21.441994765323184,0.4004515255765435,0.6903059657446129,0.8956674771478176,-5.93280069554779,O95573,Long-chain-fatty-acid--CoA ligase 3,ACSL3,n.s.,n.s.
P06756,0.06773679146603939,20.828585988052225,0.40031778880925717,0.6904010239600398,0.8956674771478176,-5.9328541282473966,P06756,Integrin alpha-V;Integrin alpha-V heavy chain;Integrin alpha-V light chain,ITGAV,n.s.,n.s.
P01860,-0.1449331706799697,21.20280556883472,-0.4000020151564187,0.6906351631019316,0.8956674771478176,-5.932972404333432,P01860,Ig gamma-3 chain C region,IGHG3,n.s.,n.s.
P60842,-0.06645387574916839,24.58226595193941,-0.39620415201486464,0.6934189063827826,0.898293582937139,-5.934415499429113,P60842,Eukaryotic initiation factor 4A-I,EIF4A1,n.s.,n.s.
P16403,0.16059109657758697,21.254546796943917,0.39550288526087773,0.6939333844092711,0.898293582937139,-5.93468046662931,P16403,Histone H1.2,HIST1H1C,n.s.,n.s.
P78527,-0.04190843810098244,25.76812250002508,-0.3940345200863256,0.6950080208386767,0.89835699701114,-5.935236230458473,P78527,DNA-dependent protein kinase catalytic subunit,PRKDC,n.s.,n.s.
Q8N1S5,-0.08057809575748465,20.07940974299025,-0.39370134146500985,0.6952557340440573,0.89835699701114,-5.9353590238314045,Q8N1S5,Zinc transporter ZIP11,SLC39A11,n.s.,n.s.
P69905;P02008,0.13306572296502495,26.06819704905099,0.3900572930317055,0.6979334054152636,0.9009917978416624,-5.93672214907192,P69905,Hemoglobin subunit alpha,HBA1,n.s.,n.s.
P45974,-0.05888132537761237,23.788768690155337,-0.3882471005178187,0.6992649857090185,0.9013322981662302,-5.937394599879195,P45974,Ubiquitin carboxyl-terminal hydrolase 5,USP5,n.s.,n.s.
Q9UPM9;Q96PJ5,0.1300131833585958,21.261004235659946,0.3876025929140085,0.699739315971344,0.9013322981662302,-5.937633270804405,Q9UPM9;Q96PJ5,B9 domain-containing protein 1;Fc receptor-like protein 4,B9D1;FCRL4,n.s.,n.s.
Q9H223;Q9NZN3,0.06699314081965468,21.008178413828844,0.3864640965421841,0.7005747280838743,0.9013322981662302,-5.9380560920048895,Q9H223,EH domain-containing protein 4,EHD4,n.s.,n.s.
P21980,0.13021874959261126,20.678563074351942,0.3861364403292276,0.7008187897542382,0.9013322981662302,-5.938174740390192,P21980,Protein-glutamine gamma-glutamyltransferase 2,TGM2,n.s.,n.s.
Q9Y6E2,0.11656429560185089,20.687505929479947,0.38472736469410773,0.7018568244806633,0.9013322981662302,-5.938693207484575,Q9Y6E2,Basic leucine zipper and W2 domain-containing protein 2,BZW2,n.s.,n.s.
Q9BRA2,-0.12451650759362565,21.680692942136023,-0.38442078674240193,0.7020827493677392,0.9013322981662302,-5.938805762648484,Q9BRA2,Thioredoxin domain-containing protein 17,TXNDC17,n.s.,n.s.
Q92900,0.05320884824936911,21.316914772662262,0.3833353162470747,0.7028798842069954,0.9013322981662302,-5.939205904970582,Q92900,Regulator of nonsense transcripts 1,UPF1,n.s.,n.s.
Q9BZE4,0.07136723356189378,20.13375263949913,0.3827594700703725,0.7033074842530258,0.9013322981662302,-5.93941413625577,Q9BZE4,Nucleolar GTP-binding protein 1,GTPBP4,n.s.,n.s.
O75223,-0.0612587414088388,20.29206508260814,-0.3792810525657153,0.7058716465604157,0.9022455541101569,-5.940681552138724,O75223,Gamma-glutamylcyclotransferase,GGCT,n.s.,n.s.
O75494;Q8WXF0,0.046285509311733364,22.204325378411266,0.3786698156788527,0.7063228179412699,0.9022455541101569,-5.940902894250909,O75494,Serine/arginine-rich splicing factor 10,SRSF10,n.s.,n.s.
Q9UNF1;Q12816;Q9Y5V3,0.14238475122033734,22.11625465583828,0.37855948578056275,0.7064072626654945,0.9022455541101569,-5.940940481058996,Q9UNF1,Melanoma-associated antigen D2,MAGED2,n.s.,n.s.
P10636,-0.08114931611810405,20.341681633587854,-0.37832855778984903,0.7065778435802434,0.9022455541101569,-5.941023918312952,P10636,Microtubule-associated protein tau,MAPT,n.s.,n.s.
P00918,-0.2780751984584562,20.50323610002312,-0.3768276899535671,0.7076868665526028,0.9028446371661144,-5.941564966896229,P00918,Carbonic anhydrase 2,CA2,n.s.,n.s.
Q9BXN1,-0.22554085176160044,21.64998407604635,-0.37573518995964383,0.7084945384488874,0.9030585309407229,-5.941957457281498,Q9BXN1,Asporin,ASPN,n.s.,n.s.
P49327,0.1424273893944914,28.05489898669971,0.3724718042511388,0.7109091204165257,0.9053183834907199,-5.9431231067324815,P49327,Fatty acid synthase;[Acyl-carrier-protein] S-acetyltransferase;[Acyl-carrier-protein] S-malonyltransferase;3-oxoacyl-[acyl-carrier-protein] synthase;3-oxoacyl-[acyl-carrier-protein] reductase;3-hydroxypalmitoyl-[acyl-carrier-protein] dehydratase;Enoyl-[acyl-carrier-protein] reductase;Oleoyl-[acyl-carrier-protein] hydrolase,FASN,n.s.,n.s.
P40429;Q6NVV1,0.03223385352089281,24.412595920394455,0.3705994956290504,0.7122929076205929,0.9062626624460385,-5.943789515740346,P40429,60S ribosomal protein L13a,RPL13A,n.s.,n.s.
O75436,-0.05840699370686764,21.77433541404684,-0.36823683913101113,0.7140441529559669,0.9069275822697643,-5.944622891674141,O75436,Vacuolar protein sorting-associated protein 26A,VPS26A,n.s.,n.s.
P53990,0.0704437353375269,20.40845362233296,0.36816400774061436,0.7141010233180072,0.9069275822697643,-5.944646317935138,P53990,IST1 homolog,IST1,n.s.,n.s.
Q14254,-0.053610539185804384,21.27471129125745,-0.36694753569917216,0.715000461867157,0.9072532838979843,-5.945075428829903,Q14254,Flotillin-2,FLOT2,n.s.,n.s.
P04899,0.08237123959368375,22.760262469746742,0.36576321811377643,0.7158821460898943,0.9073213988053459,-5.94548757181234,P04899,Guanine nucleotide-binding protein G(i) subunit alpha-2,GNAI2,n.s.,n.s.
P30086,-0.10166322001533246,21.99257005550736,-0.3651461345606837,0.7163402113884871,0.9073213988053459,-5.945702917552168,P30086,Phosphatidylethanolamine-binding protein 1;Hippocampal cholinergic neurostimulating peptide,PEBP1,n.s.,n.s.
Q92504,0.0745141182786071,20.367862903792087,0.36210863076305994,0.7185964953222337,0.9086913895175013,-5.946757651199587,Q92504,Zinc transporter SLC39A7,SLC39A7,n.s.,n.s.
P28799,0.05001330765867351,20.9274206956562,0.36151138729178467,0.7190376251160799,0.9086913895175013,-5.946966111861089,P28799,Granulins;Acrogranin;Paragranulin;Granulin-1;Granulin-2;Granulin-3;Granulin-4;Granulin-5;Granulin-6;Granulin-7,GRN,n.s.,n.s.
P63208,-0.0440085974976725,21.440162089154907,-0.3610860419735181,0.7193538498164769,0.9086913895175013,-5.947112861619547,P63208,S-phase kinase-associated protein 1,SKP1,n.s.,n.s.
Q96AA8,0.078412330908737,20.006676462313287,0.35685024949192257,0.7225084140549527,0.9111650110954367,-5.94856282654121,Q96AA8,Janus kinase and microtubule-interacting protein 2,JAKMIP2,n.s.,n.s.
P31943,-0.040187338483836044,25.995701701219225,-0.3567187452870348,0.7226035771904986,0.9111650110954367,-5.948609690186652,P31943,"Heterogeneous nuclear ribonucleoprotein H;Heterogeneous nuclear ribonucleoprotein H, N-terminally processed",HNRNPH1,n.s.,n.s.
P29590,-0.07417222854302707,20.529866089838073,-0.355184400418935,0.7237492656080935,0.9117948337259107,-5.949129222105531,P29590,Protein PML,PML,n.s.,n.s.
P62244,-0.029056378821298523,24.272865167020523,-0.35428542516329603,0.7244164575328571,0.9118212502933644,-5.949435811376714,P62244,40S ribosomal protein S15a,RPS15A,n.s.,n.s.
Q9NR31,-0.0674310701462737,21.161299496283938,-0.35156542556622633,0.7264475193498661,0.9124815194265217,-5.950350597768436,Q9NR31,GTP-binding protein SAR1a,SAR1A,n.s.,n.s.
Q9NVI7;Q5T2N8,0.08769781670223864,21.425339127072032,0.35150868828241244,0.726489849670916,0.9124815194265217,-5.9503696470231695,Q9NVI7,ATPase family AAA domain-containing protein 3A,ATAD3A,n.s.,n.s.
O15400,0.08514544723871964,21.018689787734402,0.3504502583456504,0.7272796757506302,0.9124815194265217,-5.95072444839438,O15400,Syntaxin-7,STX7,n.s.,n.s.
P11142,0.03409400728171974,27.48512128065081,0.34991736058232464,0.727674743272481,0.9124815194265217,-5.950904664164576,P11142,Heat shock cognate 71 kDa protein,HSPA8,n.s.,n.s.
Q9Y624,-0.0840907459667406,21.102786724547755,-0.3492516309648074,0.7281744797124474,0.9124815194265217,-5.951124959909048,Q9Y624,Junctional adhesion molecule A,F11R,n.s.,n.s.
P56182,-0.06869671916287956,22.342889224256016,-0.34546243573292446,0.7310057008848685,0.9152165429889525,-5.952382102895852,P56182,Ribosomal RNA processing protein 1 homolog A,RRP1,n.s.,n.s.
P27824,-0.05505022193209541,26.044420795414638,-0.3417969048353696,0.7337481054640368,0.9156332625739169,-5.953585224910962,P27824,Calnexin,CANX,n.s.,n.s.
Q8WVM8,-0.055830213183636346,22.862143508796187,-0.34135735694318275,0.7340750300668255,0.9156332625739169,-5.9537301932132785,Q8WVM8,Sec1 family domain-containing protein 1,SCFD1,n.s.,n.s.
Q92621,0.032828622196607427,20.12749946906105,0.3410516236604055,0.7343034918148361,0.9156332625739169,-5.95383017343847,Q92621,Nuclear pore complex protein Nup205,NUP205,n.s.,n.s.
P35606,-0.04138310615800833,25.035745390364326,-0.34033762604805967,0.7348384000635947,0.9156332625739169,-5.95406240175376,P35606,Coatomer subunit beta,COPB2,n.s.,n.s.
O14979,0.05626404104936,22.1556977534277,0.34006874330917963,0.7350396368500919,0.9156332625739169,-5.954149900677362,O14979,Heterogeneous nuclear ribonucleoprotein D-like,HNRPDL,n.s.,n.s.
Q9BUJ2,0.05966553302782884,22.666162608206367,0.3397200387720816,0.7353024414469621,0.9156332625739169,-5.954261982702815,Q9BUJ2,Heterogeneous nuclear ribonucleoprotein U-like protein 1,HNRNPUL1,n.s.,n.s.
Q9Y696,0.058506261988839015,20.567709369467646,0.3387389009851667,0.7360369375900317,0.9156332625739169,-5.954580390854874,Q9Y696,Chloride intracellular channel protein 4,CLIC4,n.s.,n.s.
Q13247,0.044296634781666455,23.649748652875555,0.33667052394226904,0.7375867126155482,0.9156332625739169,-5.955248248052609,Q13247,Serine/arginine-rich splicing factor 6,SRSF6,n.s.,n.s.
Q9UEW8,-0.08311867438636966,19.744635780457262,-0.33623389811565535,0.7379167840314789,0.9156332625739169,-5.955386733041084,Q9UEW8,STE20/SPS1-related proline-alanine-rich protein kinase,STK39,n.s.,n.s.
Q9BXJ8,0.049930898502353216,19.692065663632505,0.33541239929408184,0.7385304702204314,0.9156332625739169,-5.95565210352595,Q9BXJ8,Transmembrane protein 120A,TMEM120A,n.s.,n.s.
Q16630,0.0415128971940284,22.093917175677962,0.3344779875925837,0.7392316627082036,0.9156332625739169,-5.955951073318318,Q16630,Cleavage and polyadenylation specificity factor subunit 6,CPSF6,n.s.,n.s.
Q9H9B4,-0.07238807118853074,23.04034484082107,-0.33352680616794134,0.7399482362486502,0.9156332625739169,-5.956252741538848,Q9H9B4,Sideroflexin-1,SFXN1,n.s.,n.s.
Q9P0L0,-0.05164304451114887,23.64808139656648,-0.33338616414604344,0.7400538276730428,0.9156332625739169,-5.9562975429146245,Q9P0L0,Vesicle-associated membrane protein-associated protein A,VAPA,n.s.,n.s.
P27694,0.06987771485394134,21.856280919491862,0.3328938390594638,0.7404234958163283,0.9156332625739169,-5.956454224339538,P27694,Replication protein A 70 kDa DNA-binding subunit,RPA1,n.s.,n.s.
Q01085,-0.05108534772364237,20.510363964969667,-0.33196787196577576,0.7411163805859005,0.915687577063665,-5.956750084842089,Q01085,Nucleolysin TIAR,TIAL1,n.s.,n.s.
O43242,0.030160472985315323,23.594768619511438,0.33110083367529636,0.7417677666860529,0.9156905676238151,-5.95702468462698,O43242,26S proteasome non-ATPase regulatory subunit 3,PSMD3,n.s.,n.s.
P61247,0.031705730830481116,23.987940246739733,0.3291149527805247,0.74326042861916,0.9159406183607317,-5.957650937872837,P61247,40S ribosomal protein S3a,RPS3A,n.s.,n.s.
Q13492,0.059715543786982295,20.806316264523833,0.3287995961146929,0.7434995078406545,0.9159406183607317,-5.95774867644252,Q13492,Phosphatidylinositol-binding clathrin assembly protein,PICALM,n.s.,n.s.
O43143,-0.0376651368708103,23.554070411367135,-0.32709100289498766,0.7447827242181236,0.9159406183607317,-5.958285335150386,O43143,Putative pre-mRNA-splicing factor ATP-dependent RNA helicase DHX15,DHX15,n.s.,n.s.
Q8TAQ2,0.047560477703708415,21.772781691961043,0.3270822547524847,0.7447893062803551,0.9159406183607317,-5.958288068752681,Q8TAQ2,SWI/SNF complex subunit SMARCC2,SMARCC2,n.s.,n.s.
O00519,-0.06532936608399709,20.038561380414748,-0.3265184795327095,0.7452160381843516,0.9159406183607317,-5.958462339309019,O00519,Fatty-acid amide hydrolase 1,FAAH,n.s.,n.s.
Q15424,0.03925441525300144,22.78175758891323,0.3245505690356307,0.7466949367650195,0.9165889850969713,-5.959076104693496,Q15424,Scaffold attachment factor B1,SAFB,n.s.,n.s.
Q7L5N1,-0.053671209198380865,20.29253472324139,-0.3240889821997898,0.7470427589379992,0.9165889850969713,-5.959218981156605,Q7L5N1,COP9 signalosome complex subunit 6,COPS6,n.s.,n.s.
P00338;Q6ZMR3;P07864,-0.07898887047447545,26.831925026417757,-0.3219774344407087,0.7486358680987227,0.9171420862865094,-5.959869094085286,P00338,L-lactate dehydrogenase A chain,LDHA,n.s.,n.s.
Q63HN8,-0.12599471315043687,21.536684247655977,-0.3217682333898954,0.7487935389100346,0.9171420862865094,-5.959933428862278,Q63HN8,E3 ubiquitin-protein ligase RNF213,RNF213,n.s.,n.s.
O43760,-0.08154443691679703,22.486735729903497,-0.32007940065665147,0.750066773876689,0.9179047857242049,-5.960451263456876,O43760,Synaptogyrin-2,SYNGR2,n.s.,n.s.
Q9UH99,0.08871189485081388,20.2547888905434,0.31578152838213513,0.7533101467946027,0.9210750581691373,-5.96175684301828,Q9UH99,SUN domain-containing protein 2,SUN2,n.s.,n.s.
Q9UHB9,0.050400576762502425,21.912429427885133,0.313310910817655,0.7551742174012808,0.9214764133172134,-5.962501004361677,Q9UHB9,Signal recognition particle 68 kDa protein,SRP68,n.s.,n.s.
Q15388,-0.04060798641534191,20.610155679161707,-0.31138366471226075,0.7566312243133944,0.9214764133172134,-5.963076188103543,Q15388,Mitochondrial import receptor subunit TOM20 homolog,TOMM20,n.s.,n.s.
Q9Y5K6,-0.042757524801462665,19.948798037356443,-0.310776179353656,0.7570906703992303,0.9214764133172134,-5.963256758178107,Q9Y5K6,CD2-associated protein,CD2AP,n.s.,n.s.
O75569,0.04517276280434501,20.91980623140547,0.31061193128496795,0.7572149076781255,0.9214764133172134,-5.96330551923454,O75569,Interferon-inducible double stranded RNA-dependent protein kinase activator A,PRKRA,n.s.,n.s.
P17480,0.030029888685035644,20.55237226987435,0.3079948180529022,0.7591953591995507,0.9214764133172134,-5.964079007823825,P17480,Nucleolar transcription factor 1,UBTF,n.s.,n.s.
O95232,0.041152882728582085,21.165341255722787,0.30663643127921514,0.7602239332204651,0.9214764133172134,-5.964477908332701,O95232,Luc7-like protein 3,LUC7L3,n.s.,n.s.
P54886,0.05646121081870348,23.71711573146856,0.30652373313646064,0.7603116321049969,0.9214764133172134,-5.964509376518876,P54886,Delta-1-pyrroline-5-carboxylate synthase;Glutamate 5-kinase;Gamma-glutamyl phosphate reductase,ALDH18A1,n.s.,n.s.
P62269,-0.03412738796704318,24.543502020064278,-0.3061887692360587,0.760562999529055,0.9214764133172134,-5.964608982712591,P62269,40S ribosomal protein S18,RPS18,n.s.,n.s.
Q96I25,0.026673267516336807,20.178932877640122,0.3061473163562276,0.7605943989845882,0.9214764133172134,-5.964621110363212,Q96I25,Splicing factor 45,RBM17,n.s.,n.s.
Q13185,-0.05644580294821466,23.662685923854003,-0.3054528297725393,0.7611228494414898,0.9214764133172134,-5.9648225119642175,Q13185,Chromobox protein homolog 3,CBX3,n.s.,n.s.
Q9UMS4,0.036282482204178734,23.21706313435504,0.30427369722844566,0.7620140375182305,0.9214764133172134,-5.965167556746129,Q9UMS4,Pre-mRNA-processing factor 19,PRPF19,n.s.,n.s.
Q9BUQ8,-0.054346073767881364,20.72370095141339,-0.3036400326025685,0.7624958378149385,0.9214764133172134,-5.965350635991418,Q9BUQ8,Probable ATP-dependent RNA helicase DDX23,DDX23,n.s.,n.s.
P30085,-0.11166586625554231,21.449580360144804,-0.30343943667315004,0.7626487389978602,0.9214764133172134,-5.965408277335765,P30085,UMP-CMP kinase,CMPK1,n.s.,n.s.
Q96FW1,-0.06306584739990484,22.742127689709335,-0.3032645490228022,0.7627813258359356,0.9214764133172134,-5.965458975935377,Q96FW1,Ubiquitin thioesterase OTUB1,OTUB1,n.s.,n.s.
Q9NS69,-0.047018167814108836,23.153103152265288,-0.29523147186384674,0.7688781079718555,0.9280470576118803,-5.967756904391306,Q9NS69,Mitochondrial import receptor subunit TOM22 homolog,TOMM22,n.s.,n.s.
Q9H444,-0.06271920814763021,21.04422781478457,-0.290793934853151,0.7722538087361579,0.9288474791794663,-5.968999006302901,Q9H444,Charged multivesicular body protein 4b,CHMP4B,n.s.,n.s.
Q96FQ6,0.1254954566564166,20.89400718346187,0.2904312288908306,0.7725298443025722,0.9288474791794663,-5.969099750359336,Q96FQ6,Protein S100-A16,S100A16,n.s.,n.s.
P25789,-0.04170421340419139,22.21951691860843,-0.2897373228393536,0.7730558138974816,0.9288474791794663,-5.969293528846771,P25789,Proteasome subunit alpha type-4,PSMA4,n.s.,n.s.
P43686,0.026830489736070717,23.28367569859148,0.2896801975615391,0.7730993008555768,0.9288474791794663,-5.969309346065892,P43686,26S protease regulatory subunit 6B,PSMC4,n.s.,n.s.
P17098,0.07357105300613398,19.57881214003705,0.2873897854470847,0.7748456788882214,0.9288474791794663,-5.9699395994539435,P17098,Zinc finger protein 8,ZNF8,n.s.,n.s.
P35580,-0.07907785545694779,22.263920694222215,-0.2868564314291017,0.7752520011739555,0.9288474791794663,-5.970085968797903,P35580,Myosin-10,MYH10,n.s.,n.s.
Q53GQ0,0.07930699307702227,21.947949096341706,0.28378078307333193,0.777596335120065,0.9288474791794663,-5.9709247359343,Q53GQ0,Estradiol 17-beta-dehydrogenase 12,HSD17B12,n.s.,n.s.
Q9UHX1,0.033448040712780625,23.592393171412635,0.28273222740284043,0.7783938966796573,0.9288474791794663,-5.9712099566400925,Q9UHX1,Poly(U)-binding-splicing factor PUF60,PUF60,n.s.,n.s.
P26885,0.06329638341108179,20.53995607771455,0.28270991455310684,0.7784130663023517,0.9288474791794663,-5.97121465914794,P26885,Peptidyl-prolyl cis-trans isomerase FKBP2,FKBP2,n.s.,n.s.
P53999,0.1003571987005607,24.27544832574858,0.28262243221827127,0.7784797985384754,0.9288474791794663,-5.971238295523025,P53999,Activated RNA polymerase II transcriptional coactivator p15,SUB1,n.s.,n.s.
P20340,0.041167084171362944,24.87042202520082,0.2823430228026241,0.778692945536319,0.9288474791794663,-5.971313738780132,P20340,Ras-related protein Rab-6A,RAB6A,n.s.,n.s.
P31946,0.04489302022574293,25.282104296098677,0.28229739717125674,0.7787277525947,0.9288474791794663,-5.971326051077129,P31946,"14-3-3 protein beta/alpha;14-3-3 protein beta/alpha, N-terminally processed",YWHAB,n.s.,n.s.
P13611,-0.11542034391850464,22.79308047559875,-0.28154490910805474,0.7793018792549095,0.9288474791794663,-5.971528827426828,P13611,Versican core protein,VCAN,n.s.,n.s.
P22392;O60361,0.0689320349209126,23.971528754939037,0.28141795125431546,0.7793987566239051,0.9288474791794663,-5.971562986125797,P22392;O60361,Nucleoside diphosphate kinase B;Putative nucleoside diphosphate kinase,NME2;NME2P1,n.s.,n.s.
Q13243,0.047099511029994545,21.105569769334853,0.2813931718060885,0.779415602656618,0.9288474791794663,-5.971570920005286,Q13243,Serine/arginine-rich splicing factor 5,SRSF5,n.s.,n.s.
Q05707,0.16426372708829717,21.63387297497753,0.2796408158495216,0.7807551987622203,0.9296587219016818,-5.9720395214938105,Q05707,Collagen alpha-1(XIV) chain,COL14A1,n.s.,n.s.
P04908;Q7L7L0;Q93077,0.07035414577755006,23.066278225353482,0.2787580298538937,0.7814292617187586,0.9296768029385905,-5.972275119796562,P04908;Q7L7L0;Q93077,Histone H2A type 1-B/E;Histone H2A type 3;Histone H2A type 1-C,HIST1H2AB;HIST3H2A;HIST1H2AC,n.s.,n.s.
P61204;P84077,0.04335031480801632,24.635956980609013,0.27655818288302286,0.7831097163278833,0.9308911623745942,-5.972858984032917,P61204;P84077,ADP-ribosylation factor 3;ADP-ribosylation factor 1,ARF3;ARF1,n.s.,n.s.
Q9BUH6,0.06464123050179182,20.417272340728786,0.27393163814067384,0.78511748399653,0.9324922305716362,-5.973550056813078,Q9BUH6,Uncharacterized protein C9orf142,C9orf142,n.s.,n.s.
Q13595,0.036493645736232594,21.144970196360287,0.27116390783790084,0.7872327085213967,0.9334486264011713,-5.974272386095215,Q13595,Transformer-2 protein homolog alpha,TRA2A,n.s.,n.s.
P52306,0.08127080936527165,20.04680548833107,0.27114944904094906,0.7872458294949638,0.9334486264011713,-5.974274908688912,P52306,Rap1 GTPase-GDP dissociation stimulator 1,RAP1GDS1,n.s.,n.s.
P58546,0.0458900723068254,20.600851662022517,0.27015920801657656,0.7880019871507402,0.9335607085387863,-5.9745321646081,P58546,Myotrophin,MTPN,n.s.,n.s.
Q07955,0.029742989547703047,24.646086447377638,0.2684101086831555,0.7893409570110619,0.9343624918981613,-5.974982588589639,Q07955,Serine/arginine-rich splicing factor 1,SRSF1,n.s.,n.s.
Q06323,0.09716673449793234,21.72442102741277,0.26702684174860236,0.7904025771612057,0.9348349005653488,-5.975335414220776,Q06323,Proteasome activator complex subunit 1,PSME1,n.s.,n.s.
O14976,-0.04299382120813533,19.91709059771465,-0.26218374910748865,0.7941137039603419,0.9355710535232153,-5.976561609715677,O14976,Cyclin-G-associated kinase,GAK,n.s.,n.s.
Q13561,-0.036872559998560206,22.421022522235237,-0.261358489413117,0.7947467080205934,0.9355710535232153,-5.976768232094835,Q13561,Dynactin subunit 2,DCTN2,n.s.,n.s.
P07585,-0.13543355449514394,23.44930946773503,-0.25869380428179467,0.7967940554581743,0.9355710535232153,-5.977429532012129,P07585,Decorin,DCN,n.s.,n.s.
P61586,-0.03229803805874809,23.0370058059457,-0.258635082758748,0.7968371900410798,0.9355710535232153,-5.977445172863813,P61586,Transforming protein RhoA,RHOA,n.s.,n.s.
P35749,0.12013761181613347,17.438906104129153,0.2581825507154436,0.7971866499374831,0.9355710535232153,-5.9775558555520965,P35749,Myosin-11,MYH11,n.s.,n.s.
O76024,-0.06891241558465566,20.511030168929096,-0.2578656481557197,0.7974300276347166,0.9355710535232153,-5.977634032550551,O76024,Wolframin,WFS1,n.s.,n.s.
P25398,0.03134238754453378,23.68898611092721,0.2575489966968868,0.7976712860374758,0.9355710535232153,-5.977713161832175,P25398,40S ribosomal protein S12,RPS12,n.s.,n.s.
Q13148,-0.028993163839860614,23.13194355459674,-0.25384505655984607,0.8005176279470704,0.9355710535232153,-5.978618638944192,Q13148,TAR DNA-binding protein 43,TARDBP,n.s.,n.s.
Q02413,-0.0726192500798355,20.491498851157417,-0.253220592880334,0.8009996864637863,0.9355710535232153,-5.978768934073033,Q02413,Desmoglein-1,DSG1,n.s.,n.s.
Q6NZI2,0.0867453374658389,20.705101477093724,0.25288241695266656,0.801259737459123,0.9355710535232153,-5.978850755089011,Q6NZI2,Polymerase I and transcript release factor,PTRF,n.s.,n.s.
P29401,0.06860191297621299,25.308343151822534,0.2526565465962388,0.8014334401508378,0.9355710535232153,-5.9789053432253,P29401,Transketolase,TKT,n.s.,n.s.
P55265,-0.04406436038743422,23.333688253856174,-0.2511407237493329,0.8025994244574063,0.9355710535232153,-5.979270426685058,P55265,Double-stranded RNA-specific adenosine deaminase,ADAR,n.s.,n.s.
Q9Y394,-0.09071346199215213,21.607062741407194,-0.2506248426934068,0.8029963477472304,0.9355710535232153,-5.9793941758888804,Q9Y394,Dehydrogenase/reductase SDR family member 7,DHRS7,n.s.,n.s.
P60174,0.06983174155971739,22.204707767625262,0.25048461697386365,0.8031042476329439,0.9355710535232153,-5.979427769258651,P60174,Triosephosphate isomerase,TPI1,n.s.,n.s.
P28066,-0.035837299748344265,22.58702718910165,-0.2502663316891279,0.8032703313515287,0.9355710535232153,-5.97948107596157,P28066,Proteasome subunit alpha type-5,PSMA5,n.s.,n.s.
P30740;O75830,0.0822027850069631,22.59347571251689,0.2496995198684202,0.8037084296422049,0.9355710535232153,-5.979615505634344,P30740,Leukocyte elastase inhibitor,SERPINB1,n.s.,n.s.
Q99536,0.039379352556075276,21.623700414569157,0.2495401372926234,0.8038292165840742,0.9355710535232153,-5.979654590537581,Q99536,Synaptic vesicle membrane protein VAT-1 homolog,VAT1,n.s.,n.s.
Q9UQE7,-0.03344520244196403,21.56359626901406,-0.24928312547038606,0.8040270396903029,0.9355710535232153,-5.979715879596402,Q9UQE7,Structural maintenance of chromosomes protein 3,SMC3,n.s.,n.s.
Q9NYL9,0.0321300520357255,20.39277643818269,0.24854901515306388,0.8045921584590414,0.9355710535232153,-5.979890594268594,Q9NYL9,Tropomodulin-3,TMOD3,n.s.,n.s.
P62306,-0.0432505672504071,20.98563936920229,-0.24718217679412577,0.8056448298158595,0.9355710535232153,-5.980214415925798,P62306,Small nuclear ribonucleoprotein F,SNRPF,n.s.,n.s.
Q9UHD8,-0.04250893233191633,23.267543626381624,-0.244967585757161,0.8073524897880463,0.9355710535232153,-5.980734576955906,Q9UHD8,Septin-9,41526.0,n.s.,n.s.
P43490,0.09860370023415044,20.01235314151794,0.24485947286519275,0.8074357979610028,0.9355710535232153,-5.980759895332416,P43490,Nicotinamide phosphoribosyltransferase,NAMPT,n.s.,n.s.
Q16204,-0.07068147917809497,21.046426897844324,-0.24478010082358687,0.8074969608242898,0.9355710535232153,-5.980778475944911,Q16204,Coiled-coil domain-containing protein 6,CCDC6,n.s.,n.s.
Q9BTZ2;Q6PKH6;P0CG22,0.0598281114818171,20.332300485662014,0.24436350137637614,0.8078180056884113,0.9355710535232153,-5.980875901300246,Q9BTZ2;Q6PKH6,Dehydrogenase/reductase SDR family member 4;Dehydrogenase/reductase SDR family member 4-like 2,DHRS4;DHRS4L2,n.s.,n.s.
P22059,-0.041832020062607,20.440682613246214,-0.24399888934871275,0.8080976761784625,0.9355710535232153,-5.980961761004245,P22059,Oxysterol-binding protein 1,OSBP,n.s.,n.s.
O43681,0.03857571506542001,22.02637672242813,0.2419262511848984,0.809695070260998,0.9355710535232153,-5.981443538629955,O43681,ATPase ASNA1,ASNA1,n.s.,n.s.
Q99797,-0.06473667971814123,23.010802649780786,-0.24148050874359292,0.8100406395350621,0.9355710535232153,-5.981545575734112,Q99797,Mitochondrial intermediate peptidase,MIPEP,n.s.,n.s.
P11717,0.03438075382257466,20.912883391875933,0.2407991500817928,0.8105643478894132,0.9355710535232153,-5.98170366095946,P11717,Cation-independent mannose-6-phosphate receptor,IGF2R,n.s.,n.s.
O43772,0.05241942931255039,22.090861158162514,0.2399128529161958,0.8112498801523043,0.9355710535232153,-5.98190638921265,O43772,Mitochondrial carnitine/acylcarnitine carrier protein,SLC25A20,n.s.,n.s.
Q7Z4W1,-0.06804041125781524,20.90151752426941,-0.23950649494847007,0.8115634075308054,0.9355710535232153,-5.98199953432258,Q7Z4W1,L-xylulose reductase,DCXR,n.s.,n.s.
P02794,0.09013705779210568,21.55674519895348,0.23922451178863077,0.811780991179596,0.9355710535232153,-5.982064077712134,P02794,Ferritin heavy chain,FTH1,n.s.,n.s.
Q14344,-0.04529912520737511,20.028591802924772,-0.23786920157675276,0.8128269825695735,0.9355710535232153,-5.982373237188225,Q14344,Guanine nucleotide-binding protein subunit alpha-13,GNA13,n.s.,n.s.
Q14203,-0.030091908231288045,21.216473177516576,-0.23776475075198397,0.8129058197161317,0.9355710535232153,-5.982397941872416,Q14203,Dynactin subunit 1,DCTN1,n.s.,n.s.
P49354,-0.0491538180506943,19.969663170573934,-0.23601796047690365,0.8142562733932415,0.9360363946919127,-5.982792691020103,P49354,Protein farnesyltransferase/geranylgeranyltransferase type-1 subunit alpha,FNTA,n.s.,n.s.
O14818,0.03049141277892886,23.150258059889946,0.23503722242592634,0.815011963165231,0.9360363946919127,-5.983014511352886,O14818,Proteasome subunit alpha type-7,PSMA7,n.s.,n.s.
Q13547,-0.048102652300656246,21.53563334951924,-0.23452188752145364,0.8154118130190011,0.9360363946919127,-5.983129281423201,Q13547,Histone deacetylase 1,HDAC1,n.s.,n.s.
P53992,-0.04241049234341787,22.68202671672892,-0.23035654034269512,0.818631215105169,0.9360363946919127,-5.984055159252272,P53992,Protein transport protein Sec24C,SEC24C,n.s.,n.s.
P09496,-0.05490827885395433,20.839131018051408,-0.22996188385648006,0.8189364093579214,0.9360363946919127,-5.984142025115657,P09496,Clathrin light chain A,CLTA,n.s.,n.s.
P47914,0.03094126653991225,21.78859758315551,0.22987639654652364,0.8190007945966685,0.9360363946919127,-5.984161712674466,P47914,60S ribosomal protein L29,RPL29,n.s.,n.s.
Q9NYZ4,-0.03567630634690033,21.125452618542585,-0.22974502158150392,0.8191023982960777,0.9360363946919127,-5.98419058427301,Q9NYZ4,Sialic acid-binding Ig-like lectin 8,SIGLEC8,n.s.,n.s.
P18077,-0.025689270838665124,23.15926356140271,-0.22943777534217108,0.8193400307314491,0.9360363946919127,-5.98425804188231,P18077,60S ribosomal protein L35a,RPL35A,n.s.,n.s.
P54803,-0.055359280529742705,22.36125987847576,-0.22859392093758896,0.8199944948775546,0.9360363946919127,-5.984441969880924,P54803,Galactocerebrosidase,GALC,n.s.,n.s.
P61088;Q5JXB2,0.030220184661541083,23.763606602644984,0.22835594570013923,0.8201769946312699,0.9360363946919127,-5.984494788659146,P61088,Ubiquitin-conjugating enzyme E2 N,UBE2N,n.s.,n.s.
Q16531,-0.02887764877136334,23.504723685445587,-0.22779952390300515,0.8206073849992176,0.9360363946919127,-5.9846162080125,Q16531,DNA damage-binding protein 1,DDB1,n.s.,n.s.
Q66K14,-0.057895164653452014,19.570840061768045,-0.22556630532051766,0.8223374740711311,0.9372521614817173,-5.985099465087897,Q66K14,TBC1 domain family member 9B,TBC1D9B,n.s.,n.s.
P62979;P0CG48;P0CG47;P62987,-0.021301054002602626,27.319827140980813,-0.2232180746280047,0.8241541445235324,0.9379239592168807,-5.9856042374587375,P62979;P0CG48;P0CG47;P62987,Ubiquitin-40S ribosomal protein S27a;Ubiquitin;40S ribosomal protein S27a;Polyubiquitin-C;Ubiquitin;Polyubiquitin-B;Ubiquitin;Ubiquitin-60S ribosomal protein L40;Ubiquitin;60S ribosomal protein L40,RPS27A;UBC;UBB;UBA52,n.s.,n.s.
P08579,0.030154397778524356,19.8472749643919,0.22308612435452763,0.8242563497015818,0.9379239592168807,-5.985632396849096,P08579,U2 small nuclear ribonucleoprotein B,SNRPB2,n.s.,n.s.
Q9P2J3,0.029126460490680017,23.07739900309374,0.2217372601601658,0.8253013192022708,0.9382153324843723,-5.985919303384658,Q9P2J3,Kelch-like protein 9,KLHL9,n.s.,n.s.
O15551;P56747;O95484,-0.06105456176717894,20.870717942067525,-0.22104129233201966,0.8258422699827005,0.9382153324843723,-5.986065832434137,O15551,Claudin-3,CLDN3,n.s.,n.s.
Q15050,0.04017087822687415,19.563328422696387,0.21573484542445154,0.8299553721726283,0.9416890595838768,-5.9871749025439405,Q15050,Ribosome biogenesis regulatory protein homolog,RRS1,n.s.,n.s.
P46940,0.03526502876172799,26.316425518048796,0.2153767135006549,0.8302347201434038,0.9416890595838768,-5.987248014935338,P46940,Ras GTPase-activating-like protein IQGAP1,IQGAP1,n.s.,n.s.
O43390,0.024225127168342908,25.375845278276334,0.2144113304840903,0.8309822426445986,0.9417798749972117,-5.987447210446113,O43390,Heterogeneous nuclear ribonucleoprotein R,HNRNPR,n.s.,n.s.
Q6P1A2,-0.04733762953381415,20.95120159239702,-0.20950579647704068,0.8347929204970601,0.9446639353293664,-5.988440928177362,Q6P1A2,Lysophospholipid acyltransferase 5,LPCAT3,n.s.,n.s.
P46776,-0.022159421395183898,23.18481581117249,-0.20776647199053858,0.8361428857481965,0.9446639353293664,-5.988788753913769,P46776,60S ribosomal protein L27a,RPL27A,n.s.,n.s.
Q9Y277,-0.05074274390243971,24.76412308375481,-0.207727956568349,0.8361743735670986,0.9446639353293664,-5.9887956754498735,Q9Y277,Voltage-dependent anion-selective channel protein 3,VDAC3,n.s.,n.s.
P15311,0.036176662440627894,25.71656910741739,0.20745599613711604,0.8363857436059432,0.9446639353293664,-5.988849675811899,P15311,Ezrin,EZR,n.s.,n.s.
P28074,-0.04457865694130092,22.033831777227476,-0.20682719502027913,0.8368744997602466,0.9446639353293664,-5.9889742598773505,P28074,Proteasome subunit beta type-5,PSMB5,n.s.,n.s.
Q9H479,-0.030078583485654065,19.648962676558863,-0.20437140876392107,0.838782429047212,0.9460415861204627,-5.989457915132156,Q9H479,Fructosamine-3-kinase,FN3K,n.s.,n.s.
Q12905,0.018009464792239527,24.912195092315937,0.20192453045708453,0.8406859482268612,0.9460415861204627,-5.989933365018767,Q12905,Interleukin enhancer-binding factor 2,ILF2,n.s.,n.s.
Q7L2H7,0.021954891081694683,21.19777514581241,0.2018974154497319,0.840707047394772,0.9460415861204627,-5.989938601668701,Q7L2H7,Eukaryotic translation initiation factor 3 subunit M,EIF3M,n.s.,n.s.
Q86UE4,0.03770240697346239,22.81857798794771,0.20166233963528868,0.8408914801993882,0.9460415861204627,-5.989983281429577,Q86UE4,Protein LYRIC,MTDH,n.s.,n.s.
Q9Y3B4,-0.026243934818126036,20.526816252940616,-0.20094615003281976,0.8414473356351387,0.9460415861204627,-5.990121872609193,Q9Y3B4,Pre-mRNA branch site protein p14,SF3B14,n.s.,n.s.
Q14498,-0.019906053516940858,23.07082477424642,-0.19955412700650832,0.8425308868286521,0.9461844952296692,-5.990388502267449,Q14498,RNA-binding protein 39,RBM39,n.s.,n.s.
Q14165,-0.03428287641389005,22.98619701282273,-0.1990618966232787,0.842915599223029,0.9461844952296692,-5.990481668622096,Q14165,Malectin,MLEC,n.s.,n.s.
O15127,0.043235892543599164,21.45159699165087,0.19696455556593737,0.8445488932963049,0.9472642992377475,-5.990878928451124,O15127,Secretory carrier-associated membrane protein 2,SCAMP2,n.s.,n.s.
P49207,-0.026320036205653707,22.848518780548112,-0.19254489454148066,0.8479914840972941,0.9494324858229651,-5.9917029357272495,P49207,60S ribosomal protein L34,RPL34,n.s.,n.s.
P63241;Q6IS14;Q9GZV4,0.040030185905742144,22.974880207344313,0.19247145776810778,0.8480501715576423,0.9494324858229651,-5.99171582866691,P63241;Q6IS14,Eukaryotic translation initiation factor 5A-1;Eukaryotic translation initiation factor 5A-1-like,EIF5A;EIF5AL1,n.s.,n.s.
Q9BVA1,-0.03421139914186,24.723022190322258,-0.1910265444418458,0.8491767882836381,0.9494324858229651,-5.991980865233198,Q9BVA1,Tubulin beta-2B chain,TUBB2B,n.s.,n.s.
P83731,0.024870521725908645,21.694212993350522,0.19008333747647976,0.8499109716901596,0.9494324858229651,-5.992153414157977,P83731,60S ribosomal protein L24,RPL24,n.s.,n.s.
P04233,0.08394612693865611,20.610832041490564,0.18974930046949054,0.8501729345210438,0.9494324858229651,-5.992213485901722,P04233,HLA class II histocompatibility antigen gamma chain,CD74,n.s.,n.s.
Q8NFV4,-0.059013252856804144,21.393885391512164,-0.18919680243005513,0.8506039141353757,0.9494324858229651,-5.9923136278440765,Q8NFV4,Abhydrolase domain-containing protein 11,ABHD11,n.s.,n.s.
Q9C0D9,0.023356685115270892,20.370191412518622,0.18844102903473728,0.8511921293877044,0.9494324858229651,-5.9924507463116665,Q9C0D9,Ethanolaminephosphotransferase 1,EPT1,n.s.,n.s.
Q99613,-0.016784443732770882,23.05247319897459,-0.18729342105686608,0.8520876128982511,0.9496805859395201,-5.992656985921697,Q99613,Eukaryotic translation initiation factor 3 subunit C,EIF3C,n.s.,n.s.
P61978,0.018921359147174854,27.134752417050947,0.186249468176706,0.8529023839093179,0.9498384085998798,-5.9928435045209785,P61978,Heterogeneous nuclear ribonucleoprotein K,HNRNPK,n.s.,n.s.
Q9NYF8,-0.03116116656172352,21.941486549431904,-0.1823673370233113,0.855933666434572,0.952462463201247,-5.993527972858142,Q9NYF8,Bcl-2-associated transcription factor 1,BCLAF1,n.s.,n.s.
Q99873,0.039473272731779474,21.82379438468768,0.17963600463724025,0.8580690192104353,0.9537840917057585,-5.994000361124398,Q99873,Protein arginine N-methyltransferase 1,PRMT1,n.s.,n.s.
Q8TC12,-0.042278557937301287,20.782891127915804,-0.17911874066061742,0.8584732788563525,0.9537840917057585,-5.994089127286514,Q8TC12,Retinol dehydrogenase 11,RDH11,n.s.,n.s.
P47755,-0.02660861270887338,22.760796055167543,-0.17717164187255546,0.859994026153392,0.954721928326071,-5.994421506303227,P47755,F-actin-capping protein subunit alpha-2,CAPZA2,n.s.,n.s.
P84090,-0.02533937303447331,22.057426473283275,-0.17368189750701854,0.8627233514408661,0.9552785584290856,-5.995007176286789,P84090,Enhancer of rudimentary homolog,ERH,n.s.,n.s.
P08123,-0.08416175257398706,27.021003132026514,-0.17292153158693077,0.863319542888055,0.9552785584290856,-5.995132730724598,P08123,Collagen alpha-2(I) chain,COL1A2,n.s.,n.s.
P50402,-0.022839413612157244,22.827574252950388,-0.17268677191149379,0.8635019478268048,0.9552785584290856,-5.995172051829602,P50402,Emerin,EMD,n.s.,n.s.
Q14444,0.027100326516638518,22.482628636290745,0.17121398156328452,0.8646545234451957,0.9552785584290856,-5.995414331619231,Q14444,Caprin-1,CAPRIN1,n.s.,n.s.
P16104;Q96QV6,0.03569536410815388,23.79611551211089,0.17108276618051424,0.8647584959582519,0.9552785584290856,-5.995435316447556,P16104;Q96QV6,Histone H2A.x;Histone H2A type 1-A,H2AFX;HIST1H2AA,n.s.,n.s.
P61006;P59190,0.027855057426293683,21.24788859545672,0.17055048286162777,0.865173860681123,0.9552785584290856,-5.995522802466832,P61006,Ras-related protein Rab-8A,RAB8A,n.s.,n.s.
O95674,0.023389638392952605,20.559548438633612,0.16895549020509362,0.8664225458919788,0.9552785584290856,-5.995781835541248,O95674,Phosphatidate cytidylyltransferase 2,CDS2,n.s.,n.s.
Q15459,-0.014118950670354735,23.03813118230372,-0.16818146532902312,0.8670286367289048,0.9552785584290856,-5.9959066639944085,Q15459,Splicing factor 3A subunit 1,SF3A1,n.s.,n.s.
P36578,0.01857055276418862,25.24763715589415,0.16800286314633384,0.8671685004179108,0.9552785584290856,-5.995935386201894,P36578,60S ribosomal protein L4,RPL4,n.s.,n.s.
P35659,0.026315661828409276,21.36528979671347,0.16636163558457992,0.86845394788108,0.9552785584290856,-5.996197895672031,P35659,Protein DEK,DEK,n.s.,n.s.
O75531,-0.03894123396780813,22.000197562889177,-0.16634709103425369,0.8684665766450885,0.9552785584290856,-5.996199737353543,O75531,Barrier-to-autointegration factor,BANF1,n.s.,n.s.
P05387,0.021194611536401453,25.11711237227833,0.16615026694367338,0.8686196955808057,0.9552785584290856,-5.99623145020448,P05387,60S acidic ribosomal protein P2,RPLP2,n.s.,n.s.
P32321,-0.05716963946199982,22.707479070764936,-0.16242946712017084,0.8715363646118225,0.9572002944477198,-5.996815909770218,P32321,Deoxycytidylate deaminase,DCTD,n.s.,n.s.
O15260,-0.029056826440402972,21.479073703154526,-0.1621799541302398,0.8717308438025069,0.9572002944477198,-5.9968550692204765,O15260,Surfeit locus protein 4,SURF4,n.s.,n.s.
P43268,-0.04096485910037728,23.878446025285783,-0.1613248926549749,0.8724022527709197,0.9572002944477198,-5.996986988438528,P43268,ETS translocation variant 4,ETV4,n.s.,n.s.
P47897,-0.021580718836158752,22.85486563373313,-0.1578429211355214,0.8751316600582868,0.957965829640273,-5.9975190768511695,P47897,Glutamine--tRNA ligase,QARS,n.s.,n.s.
O00264,0.042550743786222256,23.459918787317754,0.15530876648920963,0.8771210883572829,0.957965829640273,-5.997898302947259,O00264,Membrane-associated progesterone receptor component 1,PGRMC1,n.s.,n.s.
Q2TAY7,-0.01350013097524183,20.300360076463544,-0.15454967445356615,0.877715669534855,0.957965829640273,-5.998011240234347,Q2TAY7,WD40 repeat-containing protein SMU1,SMU1,n.s.,n.s.
P61601;P84074,0.05005760073912313,22.947539942463646,0.15392474016766122,0.8782073102765271,0.957965829640273,-5.998103057929664,P61601,Neurocalcin-delta,NCALD,n.s.,n.s.
P10451,0.0338447103505537,21.87731483580449,0.15383467888710575,0.8782780010242464,0.957965829640273,-5.998116318276216,P10451,Osteopontin,SPP1,n.s.,n.s.
Q06210;O94808,0.04867734671883284,22.086002367830876,0.15301529066609396,0.8789211995206561,0.957965829640273,-5.998236606280239,Q06210,Glucosamine--fructose-6-phosphate aminotransferase [isomerizing] 1,GFPT1,n.s.,n.s.
Q02878,-0.01312536315830215,25.37410870353529,-0.153003839671151,0.8789290546917141,0.957965829640273,-5.998238684015288,Q02878,60S ribosomal protein L6,RPL6,n.s.,n.s.
Q96S52,-0.05180075053534239,18.63775100041595,-0.15217402197743068,0.8795816589429586,0.957965829640273,-5.998359438582694,Q96S52,GPI transamidase component PIG-S,PIGS,n.s.,n.s.
P62995,0.014479079119958271,23.86329247393756,0.15170826097304188,0.879946229170242,0.957965829640273,-5.998427547180775,P62995,Transformer-2 protein homolog beta,TRA2B,n.s.,n.s.
Q04726;Q04727;Q04724;Q04725,0.01994451273355935,20.22659584452636,0.1513040254217699,0.8802636410795679,0.957965829640273,-5.99848614623,Q04726;Q04727;Q04724;Q04725,Transducin-like enhancer protein 3;Transducin-like enhancer protein 4;Transducin-like enhancer protein 1;Transducin-like enhancer protein 2,TLE3;TLE4;TLE1;TLE2,n.s.,n.s.
P61081,0.023818391576181597,21.002586234546804,0.15091622661590523,0.8805681651618951,0.957965829640273,-5.998542215746526,P61081,NEDD8-conjugating enzyme Ubc12,UBE2M,n.s.,n.s.
Q8N1G4,0.02156267514920529,22.4188712942293,0.14537735465308635,0.8849195929428428,0.9613486962998303,-5.999327356201694,Q8N1G4,Leucine-rich repeat-containing protein 47,LRRC47,n.s.,n.s.
P35237,0.04742280425739409,22.326655923978926,0.14522505784976047,0.885040366047824,0.9613486962998303,-5.999348168130576,P35237,Serpin B6,SERPINB6,n.s.,n.s.
P51665,-0.01857691376497428,22.236049854613526,-0.14075112421145172,0.8885567724095036,0.9643677703492732,-5.999960648121437,P51665,26S proteasome non-ATPase regulatory subunit 7,PSMD7,n.s.,n.s.
P04156,0.049292490690714175,20.648046296251362,0.13987053239171396,0.8892504109828535,0.9643677703492732,-6.000078539359844,P04156,Major prion protein,PRNP,n.s.,n.s.
Q15149,0.025222269325993807,27.507556678895227,0.13908261843771286,0.8898701892237801,0.9643677703492732,-6.000183699027665,Q15149,Plectin,PLEC,n.s.,n.s.
P49721,0.023334411757392814,21.40212025849606,0.1339407757703964,0.8939155677394413,0.9665776440504225,-6.000855664502512,P49721,Proteasome subunit beta type-2,PSMB2,n.s.,n.s.
Q13151,0.02088535420184101,23.47129878538969,0.133911093533729,0.893939841361654,0.9665776440504225,-6.000859185912795,Q13151,Heterogeneous nuclear ribonucleoprotein A0,HNRNPA0,n.s.,n.s.
Q92499,0.017304019618304523,23.561544103539635,0.13257144436596582,0.8949935497229475,0.9665776440504225,-6.0010302978365075,Q92499,ATP-dependent RNA helicase DDX1,DDX1,n.s.,n.s.
P20774,0.061986382591697975,22.564241728864836,0.13254013986751748,0.8950191775906897,0.9665776440504225,-6.00103396652864,P20774,Mimecan,OGN,n.s.,n.s.
P12270,-0.011112516480654477,23.726606527892702,-0.13213842933157416,0.8953345009028364,0.9665776440504225,-6.001085139707368,P12270,Nucleoprotein TPR,TPR,n.s.,n.s.
P30043,0.0244703233731407,24.176113072417117,0.1266202472411976,0.8996821064813572,0.9680841624805693,-6.001768045506945,P30043,Flavin reductase (NADPH),BLVRB,n.s.,n.s.
P08572,-0.03469696563223579,22.710762092210818,-0.12539884055847567,0.9006446212880523,0.9680841624805693,-6.001915331490832,P08572,Collagen alpha-2(IV) chain;Canstatin,COL4A2,n.s.,n.s.
Q15293,0.028984111847314864,20.774882724464344,0.12533309589567274,0.9006964348425562,0.9680841624805693,-6.001923218986706,Q15293,Reticulocalbin-1,RCN1,n.s.,n.s.
Q9UKV3,0.01444544278337645,21.060524226723008,0.12526338047473942,0.9007504531370764,0.9680841624805693,-6.001931848439107,Q9UKV3,Apoptotic chromatin condensation inducer in the nucleus,ACIN1,n.s.,n.s.
Q53GT1,0.02357844408133758,20.407892320972422,0.12495267057566858,0.9009962576311363,0.9680841624805693,-6.001968778072538,Q53GT1,Kelch-like protein 22,KLHL22,n.s.,n.s.
P02787,-0.043760975678516445,23.569688755024924,-0.12418671465006523,0.901599970743983,0.9680841624805693,-6.002060087736631,P02787,Serotransferrin,TF,n.s.,n.s.
Q9Y262,-0.010655338110158397,22.606336983746306,-0.1230583058511404,0.902488560628749,0.9680841624805693,-6.002193843936073,Q9Y262,Eukaryotic translation initiation factor 3 subunit L,EIF3L,n.s.,n.s.
P09651;Q32P51,-0.016643356305451107,26.62489880828345,-0.12288701078367353,0.9026241121086053,0.9680841624805693,-6.00221385514152,P09651;Q32P51,Heterogeneous nuclear ribonucleoprotein A1;Heterogeneous nuclear ribonucleoprotein A1-like 2,HNRNPA1;HNRNPA1L2,n.s.,n.s.
Q7Z434,-0.019942481535874634,20.166738506822938,-0.1225303482331256,0.9029048602582772,0.9680841624805693,-6.002255861458522,Q7Z434,Mitochondrial antiviral-signaling protein,MAVS,n.s.,n.s.
Q6NVV9,0.02119080189329381,20.658784657513554,0.11917597066060288,0.905550426166625,0.970183486196741,-6.00264367387231,Q6NVV9,Putative disintegrin and metalloproteinase domain-containing protein 5,ADAM5P,n.s.,n.s.
P39019,0.025844617902290423,21.531953421518814,0.11774881813444546,0.906676482667581,0.9706528960879794,-6.002805370722455,P39019,40S ribosomal protein S19,RPS19,n.s.,n.s.
A6NL28,0.024325633338495578,22.30805784620711,0.11520161631074745,0.9086861353679816,0.9720668210797742,-6.003089301864198,A6NL28,Putative tropomyosin alpha-3 chain-like protein,NA,n.s.,n.s.
Q02543,0.012105430807523021,23.316069469420036,0.11309340650578112,0.9103490590458623,0.9731079714497815,-6.003319825969995,Q02543,60S ribosomal protein L18a,RPL18A,n.s.,n.s.
Q14839;Q8TDI0,0.014616366572962392,21.37058524387715,0.11057302906077549,0.9123386391298978,0.973190886976215,-6.003589566042732,Q14839,Chromodomain-helicase-DNA-binding protein 4,CHD4,n.s.,n.s.
Q13347,-0.010633777193113758,21.492233917208374,-0.11005045368665967,0.9127512299303588,0.973190886976215,-6.0036447334344265,Q13347,Eukaryotic translation initiation factor 3 subunit I,EIF3I,n.s.,n.s.
O15254,-0.031872799612525426,21.890716283717722,-0.10992153190187222,0.9128538321055834,0.973190886976215,-6.003658094915481,O15254,Peroxisomal acyl-coenzyme A oxidase 3,ACOX3,n.s.,n.s.
Q5TZA2;Q8IVE0,-0.028189273362745126,22.60320995463976,-0.10889481170047276,0.9136645363373732,0.973190886976215,-6.0037656004372,Q5TZA2,Rootletin,CROCC,n.s.,n.s.
P35221,0.04274638374040762,23.971548710861104,0.10862801867259585,0.9138752127877284,0.973190886976215,-6.003793370659587,P35221,Catenin alpha-1,CTNNA1,n.s.,n.s.
P35998,0.008432760746121204,22.274004155023565,0.10625472659213295,0.9157488011098343,0.9744015965666513,-6.004037602113334,P35998,26S protease regulatory subunit 7,PSMC2,n.s.,n.s.
Q9Y2W1,0.013859158533634286,22.6379200370095,0.10543884862136063,0.9163932803996784,0.9744015965666513,-6.004120248210741,Q9Y2W1,Thyroid hormone receptor-associated protein 3,THRAP3,n.s.,n.s.
P63173,-0.015246872510910947,22.867283999711795,-0.10356404445925843,0.917874440892665,0.9749542049742997,-6.004307747628131,P63173,60S ribosomal protein L38,RPL38,n.s.,n.s.
P49257,0.018383147348092876,24.127727939743544,0.10015407003528788,0.9205699231985159,0.9749542049742997,-6.00463998651661,P49257,Protein ERGIC-53,LMAN1,n.s.,n.s.
P23588,-0.02075934378376232,21.242153799786042,-0.09990461941265574,0.9207670877366996,0.9749542049742997,-6.0046638677421145,P23588,Eukaryotic translation initiation factor 4B,EIF4B,n.s.,n.s.
P07814,0.011875013497213871,24.62988774517446,0.09968445514933726,0.9209403744895298,0.9749542049742997,-6.00468506736404,P07814,Bifunctional glutamate/proline--tRNA ligase;Glutamate--tRNA ligase;Proline--tRNA ligase,EPRS,n.s.,n.s.
P30626,0.02474546354687135,20.768770614710768,0.09965094892819577,0.9209675927583928,0.9749542049742997,-6.00468809190556,P30626,Sorcin,SRI,n.s.,n.s.
Q96M27,-0.01589175984717528,21.72413129266546,-0.09906810475756686,0.9214275716331735,0.9749542049742997,-6.004743686641002,Q96M27,Protein PRRC1,PRRC1,n.s.,n.s.
Q9Y383;Q9NQ29,0.014649586566044093,22.120017393888453,0.09866052881710928,0.9217497586362268,0.9749542049742997,-6.004782250364806,Q9Y383;Q9NQ29,Putative RNA-binding protein Luc7-like 2;Putative RNA-binding protein Luc7-like 1,LUC7L2;LUC7L,n.s.,n.s.
O15371,-0.010203848431658002,21.42107956556293,-0.09743169990758073,0.9227212220713025,0.9752506699195564,-6.004897556905566,O15371,Eukaryotic translation initiation factor 3 subunit D,EIF3D,n.s.,n.s.
P20671;P0C0S8;Q9BTM1;Q96KK5;Q99878,0.012618946866037817,29.181403501982977,0.0944908938076519,0.9250466426476022,0.9766908371737821,-6.005167627362145,P20671;P0C0S8;Q9BTM1;Q96KK5;Q99878,Histone H2A type 1-D;Histone H2A type 1;Histone H2A.J;Histone H2A type 1-H;Histone H2A type 1-J,HIST1H2AD;HIST1H2AG;H2AFJ;HIST1H2AH;HIST1H2AJ,n.s.,n.s.
Q9H0U4;Q92928,-0.025856391109982724,23.2207097562966,-0.09354455476592197,0.9257957055551391,0.9766908371737821,-6.00525264106027,Q9H0U4;Q92928,Ras-related protein Rab-1B;Putative Ras-related protein Rab-1C,RAB1B;RAB1C,n.s.,n.s.
P46781,-0.00791581409526998,25.431614725648917,-0.09308257125968995,0.9261604111541606,0.9766908371737821,-6.0052940504958015,P46781,40S ribosomal protein S9,RPS9,n.s.,n.s.
Q96EP5,0.015045933028428493,21.425917590822866,0.08881954795925899,0.9295328999313027,0.9794979424735026,-6.005665128042991,Q96EP5,DAZ-associated protein 1,DAZAP1,n.s.,n.s.
P54727,0.02067966987205594,22.068685728658224,0.0879638142269227,0.9302106611725681,0.9794979424735026,-6.005737390320728,P54727,UV excision repair protein RAD23 homolog B,RAD23B,n.s.,n.s.
O75821,0.008397454148358463,20.944469434284205,0.0863268908064593,0.9315054300863157,0.980129874609837,-6.005874051810497,O75821,Eukaryotic translation initiation factor 3 subunit G,EIF3G,n.s.,n.s.
Q16555,0.030817037282169224,20.98105287634185,0.08214360057186831,0.9348174123953711,0.9828817949999021,-6.0062111944491114,Q16555,Dihydropyrimidinase-related protein 2,DPYSL2,n.s.,n.s.
Q9BWM7,-0.01865579006893725,21.416583575931817,-0.07978760072495297,0.9366828534393093,0.9834391023446747,-6.006393772237408,Q9BWM7,Sideroflexin-3,SFXN3,n.s.,n.s.
P27695,-0.01542477767929995,20.5554144364041,-0.07971363127218696,0.9367414270384428,0.9834391023446747,-6.006399418488203,P27695,"DNA-(apurinic or apyrimidinic site) lyase;DNA-(apurinic or apyrimidinic site) lyase, mitochondrial",APEX1,n.s.,n.s.
O76094,0.011910713100540704,21.70686143378698,0.0779892926376488,0.9381063908753201,0.9838902461072053,-6.006529662648418,O76094,Signal recognition particle 72 kDa protein,SRP72,n.s.,n.s.
P62829,-0.008375465365251245,22.828571551932942,-0.0774092951448697,0.9385657485898642,0.9838902461072053,-6.0065727950686405,P62829,60S ribosomal protein L23,RPL23,n.s.,n.s.
Q99653,0.010156331817981368,20.003673847361643,0.07306415812697528,0.9420077514320897,0.9858198306137896,-6.006885688879265,Q99653,Calcium-binding protein p22,CHP,n.s.,n.s.
P22532;P35325;P35326,0.019797631330792598,20.26194446764064,0.07273374431224773,0.9422700696865971,0.9858198306137896,-6.006908651272002,P22532,Small proline-rich protein 2D,SPRR2D,n.s.,n.s.
A1L0T0,0.014264187175641041,20.622804309345778,0.07244045141207231,0.9425024461360754,0.9858198306137896,-6.006929028420578,A1L0T0,Acetolactate synthase-like protein,ILVBL,n.s.,n.s.
Q15029,0.008282537130465784,23.011600137554566,0.07105460277132028,0.9436000018549975,0.9859040303997989,-6.00702428716604,Q15029,116 kDa U5 small nuclear ribonucleoprotein component,EFTUD2,n.s.,n.s.
P22307,0.017025167667693353,21.715392026643748,0.07057520521310524,0.9439804004749315,0.9859040303997989,-6.00705669388132,P22307,Non-specific lipid-transfer protein,SCP2,n.s.,n.s.
Q07654,0.00823639489217598,23.64271947215161,0.06816920734699103,0.9458866179203533,0.9871642144124398,-6.0072165339031,Q07654,Trefoil factor 3,TFF3,n.s.,n.s.
Q15020,0.008011301788446445,20.712792124125084,0.06655824521814112,0.9471634723001179,0.9875362571140828,-6.007320402441132,Q15020,Squamous cell carcinoma antigen recognized by T-cells 3,SART3,n.s.,n.s.
P15880,0.004877206171428838,24.863657130472486,0.06547296245041412,0.9480237500529631,0.9875362571140828,-6.007388977079943,P15880,40S ribosomal protein S2,RPS2,n.s.,n.s.
Q14240,-0.015562571395420832,21.46020415355837,-0.0646366847467848,0.9486871645946189,0.9875362571140828,-6.007440976801264,Q14240,Eukaryotic initiation factor 4A-II,EIF4A2,n.s.,n.s.
Q02325,-0.017820278442624016,21.23323846001134,-0.06223721657012038,0.9505894706662897,0.9875362571140828,-6.007586673480318,Q02325,Plasminogen-related protein B,PLGLB1,n.s.,n.s.
P49750,-0.01624249687245438,21.379748602332082,-0.06148940392676879,0.9511823985243869,0.9875362571140828,-6.007630954733539,P49750,YLP motif-containing protein 1,YLPM1,n.s.,n.s.
P11172,-0.00834906628027099,22.64065392173258,-0.061046630439035236,0.9515330309243184,0.9875362571140828,-6.007656985600285,P11172,Uridine 5-monophosphate synthase;Orotate phosphoribosyltransferase;Orotidine 5-phosphate decarboxylase,UMPS,n.s.,n.s.
Q99729,0.008497770717404762,22.106926145459273,0.06055324292513421,0.9519242590442727,0.9875362571140828,-6.007685698071786,Q99729,Heterogeneous nuclear ribonucleoprotein A/B,HNRNPAB,n.s.,n.s.
Q8WVQ1,0.008777908907703136,20.577871899254625,0.05935350246532806,0.9528756341264202,0.9875362571140828,-6.007754544439569,Q8WVQ1,Soluble calcium-activated nucleotidase 1,CANT1,n.s.,n.s.
P04180,-0.02529062162116702,19.76820601354211,-0.05875114038233955,0.953353755051496,0.9875362571140828,-6.007788531364876,P04180,Phosphatidylcholine-sterol acyltransferase,LCAT,n.s.,n.s.
O43252,0.01729095473662312,20.55378439005977,0.05849109214602263,0.9535599838286777,0.9875362571140828,-6.007803123037017,O43252,Bifunctional 3-phosphoadenosine 5-phosphosulfate synthase 1;Sulfate adenylyltransferase;Adenylyl-sulfate kinase,PAPSS1,n.s.,n.s.
O15173,-0.011483191046107066,23.059641664258844,-0.058009609600376,0.9539418273894364,0.9875362571140828,-6.007829968846628,O15173,Membrane-associated progesterone receptor component 2,PGRMC2,n.s.,n.s.
Q9UQ80,-0.010455860658005633,23.92024137868283,-0.0553613888706687,0.9560422114372604,0.9884922525314985,-6.00797365833284,Q9UQ80,Proliferation-associated protein 2G4,PA2G4,n.s.,n.s.
Q13435,-0.006912579631251248,22.916109258940264,-0.05507820924852506,0.9562664243128953,0.9884922525314985,-6.007988678682528,Q13435,Splicing factor 3B subunit 2,SF3B2,n.s.,n.s.
P09525,0.007043484690147039,24.605714899007268,0.05278123796733984,0.9580887543491576,0.9896509753928706,-6.008107218129685,P09525,Annexin A4,ANXA4,n.s.,n.s.
Q96C36,-0.01206148215932501,21.44166842342669,-0.04640416001844129,0.9631486948132341,0.9920673896730625,-6.008409921079251,Q96C36,Pyrroline-5-carboxylate reductase 2,PYCR2,n.s.,n.s.
Q9NTK5,-0.010051746662824712,20.82224138791838,-0.04583479923414304,0.9636005217964027,0.9920673896730625,-6.008435056113134,Q9NTK5,Obg-like ATPase 1,OLA1,n.s.,n.s.
Q9C005,-0.01694140931441268,17.669120835100923,-0.04555817678280648,0.9638199250260358,0.9920673896730625,-6.008447168841604,Q9C005,Protein dpy-30 homolog,DPY30,n.s.,n.s.
Q08380,-0.021210951522768084,23.59664185087321,-0.04540806770319109,0.9639391705195886,0.9920673896730625,-6.00845369120558,Q08380,Galectin-3-binding protein,LGALS3BP,n.s.,n.s.
P00492,-0.008425018430017417,23.96726652958854,-0.04529632454855331,0.9640278495733772,0.9920673896730625,-6.008458542161595,P00492,Hypoxanthine-guanine phosphoribosyltransferase,HPRT1,n.s.,n.s.
Q16864,-0.00579689646906445,19.64680543913183,-0.04451615611214809,0.9646466751463088,0.9920673896730625,-6.008492111930657,Q16864,V-type proton ATPase subunit F,ATP6V1F,n.s.,n.s.
P61019,0.005306110963736899,24.532853347312525,0.04334247842814678,0.9655781920998326,0.9920674869662179,-6.008541460873094,P61019,Ras-related protein Rab-2A,RAB2A,n.s.,n.s.
Q86SF2,0.017444042237091395,21.597243627567345,0.04162881582612542,0.9669386210194144,0.9920674869662179,-6.008611121582021,Q86SF2,N-acetylgalactosaminyltransferase 7,GALNT7,n.s.,n.s.
P07602,0.015199471786239371,22.182094775941742,0.04098789178125004,0.9674473472098788,0.9920674869662179,-6.008636464425316,P07602,Proactivator polypeptide;Saposin-A;Saposin-B-Val;Saposin-B;Saposin-C;Saposin-D,PSAP,n.s.,n.s.
P09874,0.006994672556722037,25.414176086697353,0.040623834191323316,0.9677363198607345,0.9920674869662179,-6.008650684565318,P09874,Poly [ADP-ribose] polymerase 1,PARP1,n.s.,n.s.
O95857;Q12999,0.011795963020020395,20.32695794935727,0.03977692205652388,0.9684085776335826,0.9920674869662179,-6.008683274245581,O95857,Tetraspanin-13,TSPAN13,n.s.,n.s.
O75348;O95670,0.005694476322048558,20.763924615347477,0.03920114395657984,0.9688653416296586,0.9920674869662179,-6.008705065154541,O75348;O95670,V-type proton ATPase subunit G 1;V-type proton ATPase subunit G 2,ATP6V1G1;ATP6V1G2,n.s.,n.s.
P60866,0.0036675609637519813,23.034438417188387,0.03567198579607263,0.9716670298404165,0.9937789772742595,-6.008831528503717,P60866,40S ribosomal protein S20,RPS20,n.s.,n.s.
P61254,-0.004029911118220042,23.945099614279457,-0.034255250751697844,0.972791834381189,0.9937789772742595,-6.008878942222602,P61254,60S ribosomal protein L26,RPL26,n.s.,n.s.
P40616,0.00602521090798902,21.650824337466705,0.03392437015726491,0.9730545630777645,0.9937789772742595,-6.0088897373589845,P40616,ADP-ribosylation factor-like protein 1,ARL1,n.s.,n.s.
P01859,0.014100316290463155,21.401077715205705,0.033005424348175744,0.9737844114490508,0.9937789772742595,-6.008919156157463,P01859,Ig gamma-2 chain C region,IGHG2,n.s.,n.s.
P84098,0.0037359386550868123,23.354135571961862,0.032453335495223286,0.9742225293549474,0.9937789772742595,-6.008936471112139,P84098,60S ribosomal protein L19,RPL19,n.s.,n.s.
O95716,-0.008117293141019388,22.25998087108872,-0.031773387341900425,0.9747626538253544,0.9937789772742595,-6.008957354354776,O95716,Ras-related protein Rab-3D,RAB3D,n.s.,n.s.
P28062,0.009858277795025572,21.26572191893295,0.03034921002580058,0.9758935048356098,0.9942135273090581,-6.008999699193174,P28062,Proteasome subunit beta type-8,PSMB8,n.s.,n.s.
Q7Z5L9,0.005001511483179399,20.77522209990599,0.02751808371610969,0.9781416455003963,0.9955146447247664,-6.009078112525487,Q7Z5L9,Interferon regulatory factor 2-binding protein 2,IRF2BP2,n.s.,n.s.
Q15637,-0.003676295506927829,20.367979756378165,-0.02696370321706591,0.9785817237655925,0.9955146447247664,-6.009092579388485,Q15637,Splicing factor 1,SF1,n.s.,n.s.
Q9UBQ5,0.0029573356833765274,21.27837650426972,0.02582061786540663,0.9794895093318826,0.9956520201022062,-6.009121456703528,Q9UBQ5,Eukaryotic translation initiation factor 3 subunit K,EIF3K,n.s.,n.s.
O00303,-0.003254734287498451,21.81916134767096,-0.02476842988112036,0.980325132530238,0.9956520201022062,-6.0091469322498785,O00303,Eukaryotic translation initiation factor 3 subunit F,EIF3F,n.s.,n.s.
P63252,0.004007891404061326,28.826298243158366,0.024023216161003395,0.9809171534836553,0.9956520201022062,-6.00916432427965,P63252,Inward rectifier potassium channel 2,KCNJ2,n.s.,n.s.
P62834,0.004199239768055918,23.415348803307026,0.02252433621725734,0.9821075774118365,0.9956520201022062,-6.009197717160482,P62834,Ras-related protein Rap-1A,RAP1A,n.s.,n.s.
P17980,-0.0021203431612413226,23.055092181985508,-0.022008410119503517,0.9825171788213255,0.9956520201022062,-6.009208722145602,P17980,26S protease regulatory subunit 6A,PSMC3,n.s.,n.s.
Q14914,0.0041493304482038695,20.228723423139204,0.02086126449641262,0.9834284516619447,0.9956520201022062,-6.009232251197525,Q14914,Prostaglandin reductase 1,PTGR1,n.s.,n.s.
Q9Y2B0,0.005185374254661923,21.308255472107536,0.01922439629414157,0.9847285596352823,0.9956520201022062,-6.009263655855378,Q9Y2B0,Protein canopy homolog 2,CNPY2,n.s.,n.s.
P62851,-0.00417600669158702,19.911895096369786,-0.019065676284275527,0.9848546277367658,0.9956520201022062,-6.00926656462593,P62851,40S ribosomal protein S25,RPS25,n.s.,n.s.
Q96KC8,0.007284588353073218,20.14849864633122,0.01879769077597993,0.9850674840982849,0.9956520201022062,-6.0092714211125795,Q96KC8,DnaJ homolog subfamily C member 1,DNAJC1,n.s.,n.s.
P78347,0.0032879328918085093,21.686534212298795,0.01561664883240952,0.9875942109943269,0.9959002425050624,-6.009323817454984,P78347,General transcription factor II-I,GTF2I,n.s.,n.s.
P09619,0.0032235443848200873,21.927941274317188,0.015550012902116704,0.9876471418996526,0.9959002425050624,-6.009324811466308,P09619,Platelet-derived growth factor receptor beta,PDGFRB,n.s.,n.s.
P26373,-0.0013997070417595125,24.370035492399772,-0.015118971621302693,0.9879894213565072,0.9959002425050624,-6.00933114262502,P26373,60S ribosomal protein L13,RPL13,n.s.,n.s.
P62826,0.0028669980335926937,22.207516623938783,0.013697956291526881,0.9891183071337544,0.9959002425050624,-6.009350737899912,P62826,GTP-binding nuclear protein Ran,RAN,n.s.,n.s.
P62191,-0.0014234593882491708,22.869563377848273,-0.013126750314039662,0.9895719513767032,0.9959002425050624,-6.009358074552027,P62191,26S protease regulatory subunit 4,PSMC1,n.s.,n.s.
Q15436,0.0023154303436250245,21.357146249917513,0.012972580427885648,0.9896944267207997,0.9959002425050624,-6.009360000085932,Q15436,Protein transport protein Sec23A,SEC23A,n.s.,n.s.
O94855,-0.002488334620196042,20.098557164819084,-0.012268576023051867,0.9902537492803702,0.9959002425050624,-6.00936850247849,O94855,Protein transport protein Sec24D,SEC24D,n.s.,n.s.
P51991,0.0013820575891259068,25.588094062112624,0.010601475872869241,0.99157799474892,0.9965217596800044,-6.00938675221098,P51991,Heterogeneous nuclear ribonucleoprotein A3,HNRNPA3,n.s.,n.s.
Q9BXS5,0.001168139670866708,20.820862362257394,0.00696661812723367,0.994465522738145,0.9976425433919491,-6.0094173152475054,Q9BXS5,AP-1 complex subunit mu-1,AP1M1,n.s.,n.s.
Q7L0Y3,-8.896514295742008e-4,19.83415138092993,-0.006919303978782888,0.9945031055700508,0.9976425433919491,-6.009417629762641,Q7L0Y3,Mitochondrial ribonuclease P protein 1,RG9MTD1,n.s.,n.s.
P04792,0.0027154364209032167,27.08288548350279,0.006527564904715311,0.9948143575850266,0.9976425433919491,-6.009420150159981,P04792,Heat shock protein beta-1,HSPB1,n.s.,n.s.
O14745,0.0015695598362910346,20.7302923318498,0.004288724266320273,0.9965929282811464,0.9987163507135637,-6.009431740488574,O14745,Na(+)/H(+) exchange regulatory cofactor NHE-RF1,SLC9A3R1,n.s.,n.s.
P62304;Q5VYJ4,-1.8672097774441454e-4,21.32931851168075,-0.0011723749171108154,0.9990686242454729,0.9995479811508676,-6.009439886066746,P62304;Q5VYJ4,Small nuclear ribonucleoprotein E,SNRPE,n.s.,n.s.
O43747,2.0150255272355366e-4,21.23965807564416,0.0011168109619790513,0.9991127676458557,0.9995479811508676,-6.009439946939833,O43747,AP-1 complex subunit gamma-1,AP1G1,n.s.,n.s.
P62841,1.039017217756566e-4,22.606501903363032,5.689866335436226e-4,0.9995479811508676,0.9995479811508676,-6.009440388941379,P62841,40S ribosomal protein S15,RPS15,n.s.,n.s.
