Protein_IDs,log2FC,AveExpr,t,P,adj.P,B,Majority,Protein,Gene,direction
Q13451,-0.8804543016631641,20.213853896296843,-3.790460612069477,3.8897747826525724e-4,0.4305468181034324,-1.1963503701174,Q13451,Peptidyl-prolyl cis-trans isomerase FKBP5,FKBP5,n.s.
P22004,-0.8852149042073023,21.032003411516346,-3.646490465426896,6.102718895867221e-4,0.4305468181034324,-1.4446997456050337,P22004,Bone morphogenetic protein 6,BMP6,n.s.
O95834,0.8662263392221057,21.833944471690163,3.362830937123146,0.0014448389089347182,0.6114148771997459,-1.9214570793822467,O95834,Echinoderm microtubule-associated protein-like 2,EML2,n.s.
Q96NB2,-1.2980215537891198,20.08835522211992,-3.161125624160086,0.0026077996515501255,0.6114148771997459,-2.2487110671897974,Q96NB2,Sideroflexin-2,SFXN2,n.s.
P14618,0.5912387446651444,27.15500031076806,3.1359325134845126,0.002803518920469959,0.6114148771997459,-2.288820019763543,P14618,Pyruvate kinase isozymes M1/M2,PKM2,n.s.
P08709,-0.925112097124007,30.386586537076255,-3.1345448428035247,0.0028146906505228907,0.6114148771997459,-2.2910241073497,P08709,Coagulation factor VII;Factor VII light chain;Factor VII heavy chain,F7,n.s.
P61026,0.33869770063288485,23.705245602901893,3.107899456165569,0.0030332417720752803,0.6114148771997459,-2.3324171893039525,P61026,Ras-related protein Rab-10,RAB10,n.s.
Q53H96,-0.5236102704518579,20.74516987182175,-2.964592434883886,0.00454346433686664,0.8013535224148537,-2.5562562901815475,Q53H96,Pyrroline-5-carboxylate reductase 3,PYCRL,n.s.
P38919,-0.35498782355881175,24.500157171340003,-2.8949223045897785,0.005506080784010264,0.8142194226611656,-2.662583931223599,P38919,Eukaryotic initiation factor 4A-III,EIF4A3,n.s.
P31150,0.7180740428759691,23.166603550147187,2.8421404683353484,0.006364399348154443,0.8142194226611656,-2.7426693170930574,P31150,Rab GDP dissociation inhibitor alpha,GDI1,n.s.
P50151,0.9561076142563891,20.460742792704735,2.8306731636525413,0.006565235875373051,0.8142194226611656,-2.759833327970342,P50151,Guanine nucleotide-binding protein G(I)/G(S)/G(O) subunit gamma-10,GNG10,n.s.
P07384,0.4619098264336934,23.835924625718338,2.669854203972338,0.010072155396966735,0.8142194226611656,-2.9958265551814853,P07384,Calpain-1 catalytic subunit,CAPN1,n.s.
P32119,0.38718701229680974,24.060033431954874,2.6636686785015273,0.010235294004309357,0.8142194226611656,-3.004669401254458,P32119,Peroxiredoxin-2,PRDX2,n.s.
Q96N66,0.7860919005767038,21.870480127001294,2.661407144875133,0.010296967231245817,0.8142194226611656,-3.007971559630996,Q96N66,Lysophospholipid acyltransferase 7,MBOAT7,n.s.
P09382,0.7609587068974619,22.89414271676854,2.6563161763342378,0.010434668467627391,0.8142194226611656,-3.0152788337460366,P09382,Galectin-1,LGALS1,n.s.
P46087,-0.5092701751205411,20.225519042289058,-2.6531092213212175,0.010520149041143527,0.8142194226611656,-3.019771787371842,P46087,Putative ribosomal RNA methyltransferase NOP2,NOP2,n.s.
Q96P70,0.5329587116774519,22.250522767582158,2.631868524815236,0.011119703588799148,0.8142194226611656,-3.050238712383727,Q96P70,Importin-9,IPO9,n.s.
P61289,-0.40055462656995644,20.280829802061685,-2.6110395133364923,0.011726206690927686,0.8142194226611656,-3.0794449317659907,P61289,Proteasome activator complex subunit 3,PSME3,n.s.
P62910,-0.39381042721322856,21.28061518081662,-2.5999392746254384,0.012066800104801486,0.8142194226611656,-3.0951683758670727,P62910,60S ribosomal protein L32,RPL32,n.s.
Q9Y6Q5,0.470291127250853,21.716893946972856,2.5942367786008385,0.012247042239340708,0.8142194226611656,-3.1033026243544937,Q9Y6Q5,AP-1 complex subunit mu-2,AP1M2,n.s.
Q6YN16,-0.7019887990719589,21.33686532777564,-2.553103624153703,0.013615406626950138,0.8142194226611656,-3.16137448493541,Q6YN16,Hydroxysteroid dehydrogenase-like protein 2,HSDL2,n.s.
Q9NWH9,0.3894379003382298,20.969060930313823,2.5200838128708325,0.014795029857590264,0.8142194226611656,-3.206921067215696,Q9NWH9,SAFB-like transcription modulator,SLTM,n.s.
P62820,0.31218838777294167,25.672795816495285,2.4871586102871044,0.01607786720148496,0.8142194226611656,-3.2523950441915352,P62820,Ras-related protein Rab-1A,RAB1A,n.s.
P17844,0.2618249567760884,25.377235215933318,2.4772187474154754,0.016479800218948133,0.8142194226611656,-3.2659020341933616,P17844,Probable ATP-dependent RNA helicase DDX5,DDX5,n.s.
Q13404;Q15819,-0.3641319225895785,20.575169901432513,-2.4699098331770895,0.016783784746466853,0.8142194226611656,-3.275887427322759,Q13404,Ubiquitin-conjugating enzyme E2 variant 1,UBE2V1,n.s.
O95168,-0.721126116940205,20.91550086296881,-2.4635929485121717,0.01706175702430186,0.8142194226611656,-3.284818128670369,O95168,NADH dehydrogenase [ubiquinone] 1 beta subcomplex subunit 4,NDUFB4,n.s.
Q10567,0.44167144569348693,21.636947599691858,2.4624828526939835,0.017099568676382616,0.8142194226611656,-3.286061106590825,Q10567,AP-1 complex subunit beta-1,AP1B1,n.s.
P59998,0.29052665857264515,23.66704404969559,2.4475946668535884,0.017743467312207353,0.8142194226611656,-3.306244173067671,P59998,Actin-related protein 2/3 complex subunit 4,ARPC4,n.s.
Q14847,0.923439468532564,22.13977315387157,2.4457530347249854,0.01783624990352273,0.8142194226611656,-3.3090483314782757,Q14847,LIM and SH3 domain protein 1,LASP1,n.s.
O43169,0.7788434800904405,21.144899070436818,2.435562424045287,0.01829274593949112,0.8142194226611656,-3.322832723673341,O43169,Cytochrome b5 type B,CYB5B,n.s.
Q02161,0.4259517531435044,21.817488788551387,2.4346425236167963,0.018323306196854742,0.8142194226611656,-3.323783802414133,Q02161,Blood group Rh(D) polypeptide,RHD,n.s.
P61353,-0.2888570062546947,23.89068619716572,-2.411669791491239,0.019392675251934367,0.8142194226611656,-3.35469957592084,P61353,60S ribosomal protein L27,RPL27,n.s.
P23297,1.602382221470517,20.18078675921401,2.408333229036286,0.019564540896125367,0.8142194226611656,-3.3594613371993125,P23297,Protein S100-A1,S100A1,n.s.
P31689,0.4002136450260032,21.94808273421019,2.3983405688089374,0.02003880080395412,0.8142194226611656,-3.3725463471623103,P31689,DnaJ homolog subfamily A member 1,DNAJA1,n.s.
O75694,-0.5281839093612462,21.17070853991007,-2.383998013599317,0.020767803622134783,0.8142194226611656,-3.391944708030451,O75694,Nuclear pore complex protein Nup155,NUP155,n.s.
P60660;P14649,0.282524534362647,25.597671427949333,2.3835665339786027,0.020777893730011914,0.8142194226611656,-3.3922527673937406,P60660,Myosin light polypeptide 6,MYL6,n.s.
Q9BZE4,-0.4279432154680478,20.13375263949913,-2.371304260621377,0.021417346111813427,0.8142194226611656,-3.408704946605954,Q9BZE4,Nucleolar GTP-binding protein 1,GTPBP4,n.s.
Q9UQB8,-0.586048833298566,20.116473580312896,-2.3617037683855324,0.021927950433114313,0.8142194226611656,-3.421492643634711,Q9UQB8,Brain-specific angiogenesis inhibitor 1-associated protein 2,BAIAP2,n.s.
P62847,-0.44115880128572726,22.503696335256922,-2.3473857675321774,0.022700209025230886,0.8212819214000201,-3.44029967127393,P62847,40S ribosomal protein S24,RPS24,n.s.
P56545,-0.5538328579761682,20.98111492967414,-2.328428669716274,0.023767504493508885,0.8260138842537896,-3.46521470662908,P56545,C-terminal-binding protein 2,CTBP2,n.s.
Q9Y6M9,-0.36209588525976955,21.416013996578634,-2.3192411223598275,0.02428602396750039,0.8260138842537896,-3.4769625611472383,Q9Y6M9,NADH dehydrogenase [ubiquinone] 1 beta subcomplex subunit 9,NDUFB9,n.s.
P28482,0.41434828005638735,21.447492673006842,2.313148949579815,0.02464628508960874,0.8260138842537896,-3.484934139148927,P28482,Mitogen-activated protein kinase 1,MAPK1,n.s.
P18754,-0.5519884991007054,22.168760040966756,-2.291306622255501,0.02598116385060541,0.8260138842537896,-3.5134486310884725,P18754,Regulator of chromosome condensation,RCC1,n.s.
A0AV96;Q9NQ94,-0.42941836403446487,20.618456369519315,-2.2410001587563273,0.029269527481940907,0.8260138842537896,-3.57783507987406,A0AV96,RNA-binding protein 47,RBM47,n.s.
P55786;A6NEC2,-0.4336540122049328,24.548062707060105,-2.219203220635056,0.030810353493255935,0.8260138842537896,-3.605468776658012,P55786,Puromycin-sensitive aminopeptidase,NPEPPS,n.s.
O15498,0.3677870838704962,20.38358241506931,2.213121137921303,0.03123787842789528,0.8260138842537896,-3.6129385031401977,O15498,Synaptobrevin homolog YKT6,YKT6,n.s.
Q15726,0.5181769488264862,19.90059441410391,2.212865416307276,0.031270562595767874,0.8260138842537896,-3.6134505189872064,Q15726,Metastasis-suppressor KiSS-1;Metastin;Kisspeptin-14;Kisspeptin-13;Kisspeptin-10,KISS1,n.s.
Q9NYU2;Q9NYU1,0.3498795215743016,23.816317878474774,2.2114576673075996,0.03137360366770086,0.8260138842537896,-3.615221054527596,Q9NYU2,UDP-glucose:glycoprotein glucosyltransferase 1,UGGT1,n.s.
Q53EL6,-0.7896935415061428,23.000160378138016,-2.2112670031842914,0.031387582461615035,0.8260138842537896,-3.6154607879636287,Q53EL6,Programmed cell death protein 4,PDCD4,n.s.
Q9BVK6,-0.41339683883487766,23.44277567197321,-2.2109625927162875,0.03140991211275731,0.8260138842537896,-3.6158435087880707,Q9BVK6,Transmembrane emp24 domain-containing protein 9,TMED9,n.s.
P49959,-0.30640844030758885,20.842019352473425,-2.210567882222635,0.03142437341898007,0.8260138842537896,-3.6161438908191545,P49959,Double-strand break repair protein MRE11A,MRE11A,n.s.
Q9ULV4,0.44185051731761504,20.806337327766464,2.208706232671885,0.0315758620617497,0.8260138842537896,-3.618679068524249,Q9ULV4,Coronin-1C,CORO1C,n.s.
P12814;P35609;Q08043,0.40150972688881836,24.976888500449494,2.201785777393564,0.03208967915886187,0.8260138842537896,-3.6273621748275846,P12814,Alpha-actinin-1,ACTN1,n.s.
P23284,0.30592909182332306,23.647353986411602,2.2008419292883565,0.03215115058741663,0.8260138842537896,-3.62842456700184,P23284,Peptidyl-prolyl cis-trans isomerase B,PPIB,n.s.
O95747,0.36922886948751454,20.618409128085677,2.200158684282548,0.03219756458820583,0.8260138842537896,-3.6292177209334504,O95747,Serine/threonine-protein kinase OSR1,OXSR1,n.s.
P04844,0.23230879952228634,25.188476256901236,2.1904596937886445,0.03293173977494324,0.8297622289722307,-3.6413402743011103,P04844,Dolichyl-diphosphooligosaccharide--protein glycosyltransferase subunit 2,RPN2,n.s.
Q99497,0.4158836956081515,22.626601638207607,2.1763144840717015,0.034044855027841485,0.8427594814786725,-3.6591409346997366,Q99497,Protein DJ-1,PARK7,n.s.
Q14978,-0.5797504119611929,20.78897216956265,-2.153271150240305,0.03590312900559147,0.8544356769920446,-3.6876448094744463,Q14978,Nucleolar and coiled-body phosphoprotein 1,NOLC1,n.s.
Q15363,-0.7298222973969182,22.208222210068232,-2.1520390325084744,0.036004949845461605,0.8544356769920446,-3.6891622874771692,Q15363,Transmembrane emp24 domain-containing protein 2,TMED2,n.s.
Q99715,0.8829381983308018,25.206597998718962,2.148087665414846,0.036333196753736835,0.8544356769920446,-3.6940242535563623,Q99715,Collagen alpha-1(XII) chain,COL12A1,n.s.
O60832,-0.3588186798308861,22.24480260680508,-2.135161563489373,0.037409929117245555,0.8562159910832933,-3.709714110650241,O60832,H/ACA ribonucleoprotein complex subunit 4,DKC1,n.s.
O00410,0.41838423618585807,22.73853769365876,2.124679056536875,0.03833210527183097,0.8562159910832933,-3.722684862446493,O00410,Importin-5,IPO5,n.s.
P39023;Q92901,-0.21193178498107557,24.411741959992383,-2.1165268262399333,0.03903479651707559,0.8562159910832933,-3.7324488057492697,P39023,60S ribosomal protein L3,RPL3,n.s.
P27635;Q96L21,-0.5236892217617211,22.172700405405738,-2.1157434130895645,0.03912013031516416,0.8562159910832933,-3.7335607199215763,P27635;Q96L21,60S ribosomal protein L10;60S ribosomal protein L10-like,RPL10;RPL10L,n.s.
O95292,0.5812161737241155,21.7161744961502,2.097248112395757,0.040796284042783945,0.8562159910832933,-3.7559578605915576,O95292,Vesicle-associated membrane protein-associated protein B/C,VAPB,n.s.
Q92900,-0.27406690577705817,21.316914772662262,-2.0890861109271173,0.041539658483463124,0.8562159910832933,-3.765642421523113,Q92900,Regulator of nonsense transcripts 1,UPF1,n.s.
Q01518,0.31627614462849607,25.027641381415005,2.0736486084730865,0.04302566692302986,0.8562159910832933,-3.7843113052930395,Q01518,Adenylyl cyclase-associated protein 1,CAP1,n.s.
Q15907,0.2727154877343878,24.534730649675897,2.0686995976684397,0.043502465440505074,0.8562159910832933,-3.790190436146138,Q15907,Ras-related protein Rab-11B,RAB11B,n.s.
P14923,-0.4296542050993537,24.11373056127819,-2.0484099983559565,0.04552637308648992,0.8562159910832933,-3.8143530821339144,P14923,Junction plakoglobin,JUP,n.s.
P25686,0.21423839244508613,27.652269332865096,2.0472261363312656,0.04563021671029658,0.8562159910832933,-3.8156188333067727,P25686,DnaJ homolog subfamily B member 2,DNAJB2,n.s.
P62424,-0.19003904748686296,25.046331552898238,-2.039781389894445,0.04639318351538096,0.8562159910832933,-3.8244229099522604,P62424,60S ribosomal protein L7a,RPL7A,n.s.
Q9BWM7,0.49872108117601144,21.416583575931817,2.027933970752929,0.04764683169729535,0.8562159910832933,-3.838510867061421,Q9BWM7,Sideroflexin-3,SFXN3,n.s.
Q5TDH0,-0.4451414285466768,20.249851289316407,-2.0275626231645663,0.047686063429994575,0.8562159910832933,-3.838947198301951,Q5TDH0,Protein DDI1 homolog 2,DDI2,n.s.
Q9UJU6,0.38682462680251106,22.138168793615538,2.0257580935260178,0.04787305455370365,0.8562159910832933,-3.841035270800706,Q9UJU6,Drebrin-like protein,DBNL,n.s.
P61006;P59190,0.35317485750020694,21.24788859545672,2.0250328877787713,0.047938087922204886,0.8562159910832933,-3.841794567347721,P61006,Ras-related protein Rab-8A,RAB8A,n.s.
P42677,-0.3591605242393676,21.297445175327994,-2.016835891841532,0.04881717754824359,0.8562159910832933,-3.8514161870433057,P42677,40S ribosomal protein S27,RPS27,n.s.
Q86Y56,-0.25812235125832217,20.82009958275223,-2.0157921993426045,0.04892729338654642,0.8562159910832933,-3.8526179341096567,Q86Y56,HEAT repeat-containing protein 2,HEATR2,n.s.
P51970,-0.5457755682662686,21.225893874514185,-2.011043906427586,0.04945969553034078,0.8562159910832933,-3.8582918993523996,P51970,NADH dehydrogenase [ubiquinone] 1 alpha subcomplex subunit 8,NDUFA8,n.s.
Q9Y446,-0.5793770604459461,22.116261553359493,-2.0075578836572427,0.049841184379322404,0.8562159910832933,-3.8623580961078297,Q9Y446,Plakophilin-3,PKP3,n.s.
P31947,0.4457286134480647,23.756072092441666,1.99577974034046,0.051148942097967755,0.8562159910832933,-3.876054532023831,P31947,14-3-3 protein sigma,SFN,n.s.
P01860,-0.6944054211061577,21.20280556883472,-1.986587165183179,0.05219005123377345,0.8562159910832933,-3.886699213685879,P01860,Ig gamma-3 chain C region,IGHG3,n.s.
P36871,0.5269586352723152,20.1053550439319,1.9841828561737467,0.05246534150980485,0.8562159910832933,-3.8894767832187878,P36871,Phosphoglucomutase-1,PGM1,n.s.
Q15365;P57723,0.25869793445100697,24.86938952370236,1.9827194425615733,0.05262935150393903,0.8562159910832933,-3.8911378799353487,Q15365,Poly(rC)-binding protein 1,PCBP1,n.s.
P46776,-0.2116177321286088,23.18481581117249,-1.979199945900414,0.05302264110921178,0.8562159910832933,-3.8951092608687468,P46776,60S ribosomal protein L27a,RPL27A,n.s.
Q13445,-0.4395827678853941,19.96525043142995,-1.9732087542780785,0.05373777419847238,0.8562159910832933,-3.902120073502995,Q13445,Transmembrane emp24 domain-containing protein 1,TMED1,n.s.
Q15124,0.4750278275039648,20.178854420657263,1.970767594161235,0.054024399959045975,0.8562159910832933,-3.9049248309447875,Q15124,Phosphoglucomutase-like protein 5,PGM5,n.s.
P19397,-0.35615066674932194,19.97925275013074,-1.9582368045659684,0.05551069508496969,0.8562159910832933,-3.9192417229496552,P19397,Leukocyte surface antigen CD53,CD53,n.s.
O94874,0.42856141892323407,22.185927224138673,1.9525193169999953,0.056208858331889405,0.8562159910832933,-3.925801909113061,O94874,E3 UFM1-protein ligase 1,UFL1,n.s.
P42127,0.3295134990674704,24.285502188613666,1.9523730246503657,0.05622667196545289,0.8562159910832933,-3.9259686389251858,P42127,Agouti-signaling protein,ASIP,n.s.
Q13564,0.3313544386254037,20.71969164569757,1.9482193850003853,0.0567196297449741,0.8562159910832933,-3.9306080415655353,Q13564,NEDD8-activating enzyme E1 regulatory subunit,NAE1,n.s.
Q13228,0.7161769564334506,22.49381393398572,1.9482627218010689,0.056729152673827526,0.8562159910832933,-3.930649011120248,Q13228,Selenium-binding protein 1,SELENBP1,n.s.
Q9UHF7,-0.5135013985073051,20.721077809987314,-1.9482448291976215,0.056731348403842724,0.8562159910832933,-3.930669367762664,Q9UHF7,Zinc finger transcription factor Trps1,TRPS1,n.s.
P47972;P0C7P4,-0.4283053549454081,21.50535264873745,-1.9460177016035587,0.05700522390757619,0.8562159910832933,-3.933202011309044,P47972;P0C7P4,Neuronal pentraxin-2;Putative cytochrome b-c1 complex subunit Rieske-like protein 1,NPTX2;UQCRFS1P1,n.s.
Q9UN86,0.5039633766252578,20.96270534450257,1.9457305997906826,0.05704061173765384,0.8562159910832933,-3.9335283260339455,Q9UN86,Ras GTPase-activating protein-binding protein 2,G3BP2,n.s.
Q13283,-0.30523307038165726,22.75328726160549,-1.9392984399143027,0.05782311122042723,0.8588253677055034,-3.940738454505505,Q13283,Ras GTPase-activating protein-binding protein 1,G3BP1,n.s.
Q16555,-0.6689125076703313,20.98105287634185,-1.9270147889382385,0.05938840260758697,0.8728857924927625,-3.9547156729010666,Q16555,Dihydropyrimidinase-related protein 2,DPYSL2,n.s.
Q9HB71,0.47850230891598855,21.398316608086592,1.9124461715712877,0.061272594585213114,0.8779822067716332,-3.9710922672086912,Q9HB71,Calcyclin-binding protein,CACYBP,n.s.
P05023;P13637;P50993;Q13733;P54707;P20648,0.42713686536622575,24.536097644301854,1.9117080591989148,0.061369396838206414,0.8779822067716332,-3.9719192699544026,P05023,Sodium/potassium-transporting ATPase subunit alpha-1,ATP1A1,n.s.
P08865,-0.18033651278642182,25.47372695585159,-1.9098037516087587,0.061601869929405875,0.8779822067716332,-3.9739554259158663,P08865,40S ribosomal protein SA,RPSA,n.s.
O00560,0.4043457237759931,19.772689503116545,1.9024632554940426,0.06259291150367205,0.881712467283803,-3.9822552258951385,O00560,Syntenin-1,SDCBP,n.s.
P61981,0.28796162238984735,24.33480083136092,1.891751920426941,0.06403640551628657,0.881712467283803,-3.994179293266649,P61981,"14-3-3 protein gamma;14-3-3 protein gamma, N-terminally processed",YWHAG,n.s.
P18206,0.3477531903104847,25.275274945798845,1.8880781978061,0.06453795726685606,0.881712467283803,-3.9982561866005977,P18206,Vinculin,VCL,n.s.
Q6NVV9,0.3550473639034841,20.658784657513554,1.8876672745063752,0.06458989063172357,0.881712467283803,-3.9986898579772925,Q6NVV9,Putative disintegrin and metalloproteinase domain-containing protein 5,ADAM5P,n.s.
Q13509,0.9966099837908331,20.71540090501189,1.8848021913972663,0.06498802026755175,0.881712467283803,-4.001886206578744,Q13509,Tubulin beta-3 chain,TUBB3,n.s.
P00558;P07205,0.38690842327805797,24.87211452139022,1.8729278582344053,0.0666417187032578,0.8875463953053863,-4.015000088348979,P00558,Phosphoglycerate kinase 1,PGK1,n.s.
O60884,0.5444464623212397,21.566361767551506,1.8701371324908165,0.06703550643762622,0.8875463953053863,-4.018072193015729,O60884,DnaJ homolog subfamily A member 2,DNAJA2,n.s.
Q13242,0.3501896348871547,22.035014667717633,1.8665736920665308,0.06753518682346173,0.8875463953053863,-4.021961282289475,Q13242,Serine/arginine-rich splicing factor 9,SRSF9,n.s.
Q16181;Q6ZU15,0.25540503684456795,23.30830349168168,1.8604475889140715,0.06839979983837097,0.8875463953053863,-4.028625264144004,Q16181,Septin-7,41524.0,n.s.
P04843,0.17489460016167868,25.694059777903878,1.8593139220161046,0.06856311629219497,0.8875463953053863,-4.029867067223019,P04843,Dolichyl-diphosphooligosaccharide--protein glycosyltransferase subunit 1,RPN1,n.s.
P56556,-0.4190044427624038,21.468456398846044,-1.8532132610375032,0.06946599358809051,0.8904096483774059,-4.036621127839441,P56556,NADH dehydrogenase [ubiquinone] 1 alpha subcomplex subunit 6,NDUFA6,n.s.
P48039,0.18849127343122873,24.03828301686746,1.8478297781074209,0.07023618707805718,0.8904096483774059,-4.0424111941997944,P48039,Melatonin receptor type 1A,MTNR1A,n.s.
Q9BS26,0.3343938500820407,22.443775350283737,1.8444431921030873,0.07075004586199746,0.8904096483774059,-4.046158822044751,Q9BS26,Endoplasmic reticulum resident protein 44,ERP44,n.s.
P13987,0.6137079454667074,23.0718044203785,1.8302975700519633,0.07287525814107913,0.8904096483774059,-4.061513785397146,P13987,CD59 glycoprotein,CD59,n.s.
P05090,-0.91263678272405,23.594398194744763,-1.8279527113146254,0.07323192664229171,0.8904096483774059,-4.064046379968062,P05090,Apolipoprotein D,APOD,n.s.
P61803,0.21712875215914806,22.67683644314033,1.8232926367864428,0.07392655355004282,0.8904096483774059,-4.068996099108097,P61803,Dolichyl-diphosphooligosaccharide--protein glycosyltransferase subunit DAD1,DAD1,n.s.
P32321,-0.6252636464478876,22.707479070764936,-1.8127304322165572,0.07558322359375001,0.8904096483774059,-4.080421407986789,P32321,Deoxycytidylate deaminase,DCTD,n.s.
Q7L014,-0.2041939241863986,21.226818548770314,-1.8094360428761516,0.07608169048504436,0.8904096483774059,-4.083877838998405,Q7L014,Probable ATP-dependent RNA helicase DDX46,DDX46,n.s.
P12525;P17538,0.9791542899652725,21.92014137713801,1.8067324452508027,0.07652694903290339,0.8904096483774059,-4.08684212785242,P12525,Protein L-Myc-2,MYCL2,n.s.
P22087,-0.38117249937015885,22.1225103972064,-1.8044558206431514,0.07688773241084237,0.8904096483774059,-4.089274536815554,P22087,rRNA 2-O-methyltransferase fibrillarin,FBL,n.s.
P39656,0.20722718236636695,25.58084311024809,1.798901600322079,0.07775518779015167,0.8904096483774059,-4.095127943807253,P39656,Dolichyl-diphosphooligosaccharide--protein glycosyltransferase 48 kDa subunit,DDOST,n.s.
P67936;P68106,0.2527954182690877,29.411997790979754,1.7903855403665045,0.07914471822148243,0.8904096483774059,-4.104233941221378,P67936,Tropomyosin alpha-4 chain,TPM4,n.s.
P49407,-0.3432269535073864,25.30299287542384,-1.782342375081395,0.08046687075221788,0.8904096483774059,-4.112767050731631,P49407,Beta-arrestin-1,ARRB1,n.s.
Q14126,-0.5265686911533436,22.573817672051803,-1.7697643065046342,0.08256407655487473,0.8904096483774059,-4.126020645201369,Q14126,Desmoglein-2,DSG2,n.s.
Q04917,0.36349983716623413,23.419515462473807,1.763961034243247,0.08354694362071573,0.8904096483774059,-4.132108869911263,Q04917,14-3-3 protein eta,YWHAH,n.s.
P62750,-0.16579211112650682,24.085282475228222,-1.760047634946057,0.08419626621839527,0.8904096483774059,-4.13614280475031,P62750,60S ribosomal protein L23a,RPL23A,n.s.
P35573,1.1035182763448788,21.59822495668563,1.755914791770296,0.08492579807708733,0.8904096483774059,-4.140522213437517,P35573,"Glycogen debranching enzyme;4-alpha-glucanotransferase;Amylo-alpha-1,6-glucosidase",AGL,n.s.
Q96DH6,-0.34398282223223475,20.8007942800966,-1.7553669613993435,0.08501775211387601,0.8904096483774059,-4.141085446006845,Q96DH6,RNA-binding protein Musashi homolog 2,MSI2,n.s.
Q16790,-0.3717535609778224,21.147412465082574,-1.7531099702964816,0.08541087844869134,0.8904096483774059,-4.1434473463403005,Q16790,Carbonic anhydrase 9,CA9,n.s.
P42702,-0.26401885631153377,24.776631002556858,-1.7467268939654939,0.08652339261636245,0.8904096483774059,-4.150089445823517,P42702,Leukemia inhibitory factor receptor,LIFR,n.s.
Q9BXJ8,-0.2761963618399683,19.692065663632505,-1.7422875881700117,0.08728515372434963,0.8904096483774059,-4.154638169429347,Q9BXJ8,Transmembrane protein 120A,TMEM120A,n.s.
P10600,-0.3179056722352662,21.497303418678598,-1.7398853240091503,0.08771596839947439,0.8904096483774059,-4.157145579380416,P10600,Transforming growth factor beta-3,TGFB3,n.s.
Q12888,0.25905349762511776,20.385690911550707,1.7287538409277539,0.08970164272150888,0.8904096483774059,-4.168625222863758,Q12888,Tumor suppressor p53-binding protein 1,TP53BP1,n.s.
P19484,0.359529664914092,21.754685480967034,1.7224812935795188,0.09085941180154715,0.8904096483774059,-4.175131240096014,P19484,Transcription factor EB,TFEB,n.s.
P18669;P15259;Q8N0Y7,0.4703161996636993,21.826987830693138,1.715248990901932,0.09218710568536177,0.8904096483774059,-4.182543301134505,P18669;P15259,Phosphoglycerate mutase 1;Phosphoglycerate mutase 2,PGAM1;PGAM2,n.s.
O00151,0.7308752954528757,21.27336746623095,1.7128133293812444,0.09263783301089651,0.8904096483774059,-4.1850335095717135,O00151,PDZ and LIM domain protein 1,PDLIM1,n.s.
P18124,-0.1770287577179701,25.3395436352195,-1.711222270631147,0.09291405744215493,0.8904096483774059,-4.186605742842039,P18124,60S ribosomal protein L7,RPL7,n.s.
Q8WX93,0.41090378375202974,20.628397616530766,1.7106200796878628,0.09304525712047806,0.8904096483774059,-4.187273291456553,Q8WX93,Palladin,PALLD,n.s.
P37837,-0.3237725418201478,22.90268045190808,-1.6970173585536366,0.09560529222257601,0.8904096483774059,-4.2011097888588775,P37837,Transaldolase,TALDO1,n.s.
P30101,0.2568333380855776,27.292407374193534,1.690535080658582,0.09684551649996208,0.8904096483774059,-4.207670185694629,P30101,Protein disulfide-isomerase A3,PDIA3,n.s.
P04156,-0.600345871083487,20.648046296251362,-1.6854872187328855,0.09782044126636559,0.8904096483774059,-4.212763966299981,P04156,Major prion protein,PRNP,n.s.
P00568,0.5036901630495372,21.33017658840856,1.6852354786771422,0.0978692718101679,0.8904096483774059,-4.213017654126656,P00568,Adenylate kinase isoenzyme 1,AK1,n.s.
P23229,0.1293673452363855,25.61161576821619,1.680124127321145,0.09884576899081285,0.8904096483774059,-4.218114128320669,P23229,Integrin alpha-6;Integrin alpha-6 heavy chain;Integrin alpha-6 light chain,ITGA6,n.s.
P62888,-0.17485048293808347,23.953440772603862,-1.6784405199589945,0.09917558199585554,0.8904096483774059,-4.219805789338521,P62888,60S ribosomal protein L30,RPL30,n.s.
Q9P0J0,-0.42835357200348056,21.80377096131338,-1.6713220741617199,0.10059938897157687,0.8904096483774059,-4.226988066616416,Q9P0J0,NADH dehydrogenase [ubiquinone] 1 alpha subcomplex subunit 13,NDUFA13,n.s.
Q9C0C2,-0.46550601201810693,21.586702436237182,-1.670599554582163,0.10074285205114601,0.8904096483774059,-4.227710825663963,Q9C0C2,182 kDa tankyrase-1-binding protein,TNKS1BP1,n.s.
O95373,-0.3188238233135863,20.883346020601838,-1.6705507694159005,0.1007478640216818,0.8904096483774059,-4.227748533807127,O95373,Importin-7,IPO7,n.s.
Q9H3N1,0.3335873080776395,21.71630772070099,1.6689162176285344,0.10107306306903494,0.8904096483774059,-4.229382659062353,Q9H3N1,Thioredoxin-related transmembrane protein 1,TMX1,n.s.
Q9NR45,-0.4107779822000275,21.59354685088864,-1.6653641952280491,0.10178739913318566,0.8904096483774059,-4.232939880082506,Q9NR45,Sialic acid synthase,NANS,n.s.
P28074,-0.3329446526847981,22.033831777227476,-1.6610704584291132,0.10264599378390964,0.8904096483774059,-4.237207183623225,P28074,Proteasome subunit beta type-5,PSMB5,n.s.
Q08380,0.7807397541026511,23.59664185087321,1.660483824011374,0.10276909144301828,0.8904096483774059,-4.237801636054753,Q08380,Galectin-3-binding protein,LGALS3BP,n.s.
P00387,0.31694983483270533,24.155264842616287,1.6594087554667092,0.10298638068477924,0.8904096483774059,-4.238870950362298,P00387,NADH-cytochrome b5 reductase 3;NADH-cytochrome b5 reductase 3 membrane-bound form;NADH-cytochrome b5 reductase 3 soluble form,CYB5R3,n.s.
O43707,0.2540619517294225,27.095827734498172,1.659154376025861,0.10303784994944762,0.8904096483774059,-4.239123880860978,O43707,Alpha-actinin-4,ACTN4,n.s.
O75962,0.2148444618760763,22.512293640551384,1.659030690895237,0.10304351819725727,0.8904096483774059,-4.239202959157376,O75962,Triple functional domain protein,TRIO,n.s.
P01859,-0.6408597971262573,21.401077715205705,-1.651860248386753,0.10452266334056012,0.8904096483774059,-4.246362222014401,P01859,Ig gamma-2 chain C region,IGHG2,n.s.
Q02978,0.46281957866994716,22.966729680683784,1.6496897155769537,0.10496786269905577,0.8904096483774059,-4.2485108369105,Q02978,Mitochondrial 2-oxoglutarate/malate carrier protein,SLC25A11,n.s.
P46777,-0.1504880539363036,24.25768557001132,-1.6495842068919342,0.10497015438561248,0.8904096483774059,-4.248572843996731,P46777,60S ribosomal protein L5,RPL5,n.s.
O60763,0.29454470892499174,23.57287318529786,1.6460497737046365,0.10571792813316622,0.8904096483774059,-4.252108542157415,O60763,General vesicular transport factor p115,USO1,n.s.
P22314,0.21839705686634048,26.11736097702958,1.6460162823903388,0.10572015333289062,0.8904096483774059,-4.252131490930632,P22314,Ubiquitin-like modifier-activating enzyme 1,UBA1,n.s.
Q9Y3F4,0.22103285365502146,21.572700213170215,1.6402354459480823,0.1069057169256086,0.8904096483774059,-4.257800239910136,Q9Y3F4,Serine-threonine kinase receptor-associated protein,STRAP,n.s.
P09211,-0.7122830853568942,22.330640497217445,-1.6355785591741023,0.10790009502708184,0.8904096483774059,-4.262419906891505,P09211,Glutathione S-transferase P,GSTP1,n.s.
P62158,0.371523515548418,25.723175314585998,1.6338671545457248,0.10826020995507964,0.8904096483774059,-4.264099767671991,P62158,Calmodulin,CALM1,n.s.
O15533,0.44899145932470574,21.189364932904997,1.6337564155054007,0.10828354540483952,0.8904096483774059,-4.2642084131255995,O15533,Tapasin,TAPBP,n.s.
P60228,-0.24363916867421764,21.811937378347285,-1.6333876946194483,0.10834185008687792,0.8904096483774059,-4.264530272861798,P60228,Eukaryotic translation initiation factor 3 subunit E,EIF3E,n.s.
P52788,-0.8573112678958204,18.24523493104482,-1.6298376985352383,0.10911195547773367,0.8904096483774059,-4.268048934508943,P52788,Spermine synthase,SMS,n.s.
Q99623,-0.26207898183076495,25.452576436257772,-1.6135133511455542,0.11261852223879626,0.8904096483774059,-4.283961375217233,Q99623,Prohibitin-2,PHB2,n.s.
P43268,0.4337724132980334,23.878446025285783,1.6118850544985428,0.11297324747952013,0.8904096483774059,-4.285540948967025,P43268,ETS translocation variant 4,ETV4,n.s.
P55036;A2A3N6,-0.1902257221629462,21.937033889023592,-1.610363699495415,0.1132860337601056,0.8904096483774059,-4.2869791294340995,P55036;A2A3N6,26S proteasome non-ATPase regulatory subunit 4;Putative PIP5K1A and PSMD4-like protein,PSMD4;PIPSL,n.s.
O43830,0.359778157285529,20.19764574573428,1.6020259171186486,0.11514045238443456,0.8904096483774059,-4.295075416868926,O43830,Zinc finger protein 73,ZNF73,n.s.
P52597,-0.2131700196467179,24.702000161432764,-1.6012815924620012,0.11530070999787881,0.8904096483774059,-4.295784667073413,P52597,"Heterogeneous nuclear ribonucleoprotein F;Heterogeneous nuclear ribonucleoprotein F, N-terminally processed",HNRNPF,n.s.
Q16851,0.21046343312933757,23.366454012824477,1.6004142268654886,0.1154784371333086,0.8904096483774059,-4.296594224457038,Q16851,UTP--glucose-1-phosphate uridylyltransferase,UGP2,n.s.
P18085,0.27197888671504344,21.454342150336913,1.5998967499581205,0.11559339751476817,0.8904096483774059,-4.297092888921648,P18085,ADP-ribosylation factor 4,ARF4,n.s.
Q92598,0.5175157096797349,21.81231997009627,1.5998192076758664,0.11563010290619498,0.8904096483774059,-4.297202476870169,Q92598,Heat shock protein 105 kDa,HSPH1,n.s.
O75844,0.31568084681193653,20.9668305468282,1.595386849030414,0.1166146219134266,0.8904096483774059,-4.301459966025003,O75844,CAAX prenyl protease 1 homolog,ZMPSTE24,n.s.
Q13247,0.19265879092063187,23.649748652875555,1.5939540142159077,0.11692025419785852,0.8904096483774059,-4.302809493181854,Q13247,Serine/arginine-rich splicing factor 6,SRSF6,n.s.
P26583,0.48772741834721955,21.894774032745847,1.589421837924548,0.11795989542880667,0.8904096483774059,-4.307190137415214,P26583,High mobility group protein B2,HMGB2,n.s.
P62834,0.31912136372548616,23.415348803307026,1.5891332723090528,0.11802509226757465,0.8904096483774059,-4.307466521182251,P62834,Ras-related protein Rap-1A,RAP1A,n.s.
Q9ULA0,-0.44106825068679356,20.91268737124299,-1.5881778033731395,0.118241172937358,0.8904096483774059,-4.308381341941057,Q9ULA0,Aspartyl aminopeptidase,DNPEP,n.s.
Q9UI08,0.42804577572956504,21.164429603405353,1.584357544593634,0.11910832117206314,0.8904096483774059,-4.312034272196726,Q9UI08,Ena/VASP-like protein,EVL,n.s.
P62699;Q8TD46,-0.15114630582660027,25.132592433780086,-1.583350486205701,0.11931827998451212,0.8904096483774059,-4.312963368035627,P62699,Protein yippee-like 5,YPEL5,n.s.
Q9UNM6,-0.18940026834730261,21.734272784304427,-1.5769512566878314,0.12078456738222304,0.8904096483774059,-4.319062543629843,Q9UNM6,26S proteasome non-ATPase regulatory subunit 13,PSMD13,n.s.
P15559,0.6340478634507711,21.998847016940672,1.5699038769468276,0.12243559908998634,0.8904096483774059,-4.325785195289717,P15559,NAD(P)H dehydrogenase [quinone] 1,NQO1,n.s.
Q96QR8,0.35176379465116625,20.98723248919302,1.5683056519805463,0.12280805929219668,0.8904096483774059,-4.327298935407925,Q96QR8,Transcriptional activator protein Pur-beta,PURB,n.s.
Q9Y5S9,-0.3633353124567371,21.139521526254264,-1.567779604948472,0.12293085150751583,0.8904096483774059,-4.32779687904836,Q9Y5S9,RNA-binding protein 8A,RBM8A,n.s.
P28329,-0.37836853325707054,23.104630059212358,-1.566599987911778,0.12320656153810461,0.8904096483774059,-4.32891294404988,P28329,Choline O-acetyltransferase,CHAT,n.s.
Q13045,0.22087739372289406,21.245185911136865,1.566249783855222,0.12326902481570717,0.8904096483774059,-4.329213869823941,Q13045,Protein flightless-1 homolog,FLII,n.s.
O43760,-0.43806681987771157,22.486735729903497,-1.565890812870945,0.12337255483493212,0.8904096483774059,-4.329583557608042,O43760,Synaptogyrin-2,SYNGR2,n.s.
P50502;Q8NFI4;Q8IZP2,0.32273407565417855,22.771229841492836,1.5627202192353173,0.12411687864150565,0.8904096483774059,-4.332578492174749,P50502;Q8NFI4;Q8IZP2,Hsc70-interacting protein;Putative protein FAM10A5;Putative protein FAM10A4,ST13;ST13P5;ST13P4,n.s.
Q12929,-0.36085066204992344,23.624598770989273,-1.5590038010150353,0.12499392311797174,0.8904096483774059,-4.336082228773143,Q12929,Epidermal growth factor receptor kinase substrate 8,EPS8,n.s.
O43670,-0.24599082726315302,20.30244646757962,-1.5529388303352394,0.12641639290684176,0.8904096483774059,-4.341755839813969,O43670,Zinc finger protein 207,ZNF207,n.s.
Q9UBI6,0.3941168288854584,20.90768993379246,1.5504690082464463,0.12702688051031544,0.8904096483774059,-4.344100852463512,Q9UBI6,Guanine nucleotide-binding protein G(I)/G(S)/G(O) subunit gamma-12,GNG12,n.s.
Q9NX40,-0.3076596226909345,21.601343620352274,-1.5370917620886566,0.13026174488601538,0.8904096483774059,-4.3565846988441,Q9NX40,OCIA domain-containing protein 1,OCIAD1,n.s.
P60983;O60234,0.3120837544801063,20.971198167639507,1.5331842809984757,0.13122508360105614,0.8904096483774059,-4.360221526732603,P60983,Glia maturation factor beta,GMFB,n.s.
P43155,-0.4992297829234751,22.13691106252932,-1.5311211569395609,0.13173349615610289,0.8904096483774059,-4.362135066519368,P43155,Carnitine O-acetyltransferase,CRAT,n.s.
O96000,-0.31965620357249236,20.829993477510012,-1.5300831865045297,0.13198987477208424,0.8904096483774059,-4.363096920626257,O96000,NADH dehydrogenase [ubiquinone] 1 beta subcomplex subunit 10,NDUFB10,n.s.
Q9Y6D6,0.32763108324131807,20.381226710898936,1.527979128758112,0.1325107969511326,0.8904096483774059,-4.365044917702107,Q9Y6D6,Brefeldin A-inhibited guanine nucleotide-exchange protein 1,ARFGEF1,n.s.
P35659,-0.22923006427967252,21.36528979671347,-1.527881910603294,0.1325154466621891,0.8904096483774059,-4.365109441973939,P35659,Protein DEK,DEK,n.s.
Q02246,-0.3706309854897505,21.743791057560525,-1.5259450629149307,0.1330159463667013,0.8904096483774059,-4.366925864630456,Q02246,Contactin-2,CNTN2,n.s.
P04899,0.3289761773172799,22.760262469746742,1.524680713995576,0.1333307127592514,0.8904096483774059,-4.368093921738622,P04899,Guanine nucleotide-binding protein G(i) subunit alpha-2,GNAI2,n.s.
Q9ULZ3,-0.5560901994919867,21.459580560520394,-1.5222745587077413,0.13393137575803396,0.8904096483774059,-4.370314463573688,Q9ULZ3,Apoptosis-associated speck-like protein containing a CARD,PYCARD,n.s.
P23528;Q9Y281,0.24583264380195757,26.46858050152349,1.5209221349720043,0.13426993348280572,0.8904096483774059,-4.37156119951494,P23528,Cofilin-1,CFL1,n.s.
P30519,-0.2648198679910827,20.383785390600387,-1.5203298905682179,0.13440494858686236,0.8904096483774059,-4.372089883988301,P30519,Heme oxygenase 2,HMOX2,n.s.
P35555;P35556,0.5078114663915798,25.36008826555692,1.512463024379691,0.13640300681968717,0.8904096483774059,-4.379337023029317,P35555,Fibrillin-1,FBN1,n.s.
P13611,0.41291853575241433,22.79308047559875,1.5064633227911277,0.1379321524934957,0.8904096483774059,-4.384828828923212,P13611,Versican core protein,VCAN,n.s.
Q5JRA6,-0.37985695496111305,20.978365181469822,-1.5051590246853859,0.13826637136909603,0.8904096483774059,-4.386020155127261,Q5JRA6,Melanoma inhibitory activity protein 3,MIA3,n.s.
P08133,0.27213684682177686,26.390234998788376,1.5047891161733598,0.1383612750485962,0.8904096483774059,-4.386357857553254,P08133,Annexin A6,ANXA6,n.s.
P51648,-0.5879675921330616,21.1876752888043,-1.504574132625635,0.13841645491793614,0.8904096483774059,-4.386554089761639,P51648,Fatty aldehyde dehydrogenase,ALDH3A2,n.s.
Q9Y2X3,-0.35831030648697393,22.87554628885384,-1.5017617953126003,0.13913990559727485,0.8904096483774059,-4.389118839906401,Q9Y2X3,Nucleolar protein 58,NOP58,n.s.
Q13492,-0.2874028908397541,20.806316264523833,-1.498535250993079,0.13996889382294067,0.8904096483774059,-4.392050761343807,Q13492,Phosphatidylinositol-binding clathrin assembly protein,PICALM,n.s.
P07195,-0.9155759482308348,22.140025890046545,-1.4972978520129006,0.14029436425111105,0.8904096483774059,-4.393181057552905,P07195,L-lactate dehydrogenase B chain,LDHB,n.s.
Q9H4A6,-0.4105546487371612,19.936740178803635,-1.4966166288430096,0.1404712059223386,0.8904096483774059,-4.393800031632473,Q9H4A6,Golgi phosphoprotein 3,GOLPH3,n.s.
P27361,0.26865309218560895,20.864660887748254,1.495096262703877,0.14085521581976476,0.8904096483774059,-4.395167965211447,P27361,Mitogen-activated protein kinase 3,MAPK3,n.s.
Q15631,0.20339862990739377,22.859090875260783,1.4922255729440348,0.1415959397573474,0.8904096483774059,-4.397762528033117,Q15631,Translin,TSN,n.s.
P46977,0.20597819293018915,22.700817919944946,1.4922142603713635,0.14159889685885987,0.8904096483774059,-4.397772779250259,P46977,Dolichyl-diphosphooligosaccharide--protein glycosyltransferase subunit STT3A,STT3A,n.s.
P51608,0.3492226494172854,19.85587872964464,1.4883667048297549,0.14262686571544167,0.8904096483774059,-4.401276236195494,P51608,Methyl-CpG-binding protein 2,MECP2,n.s.
O75083,0.22974499828163175,24.48541962070021,1.4857841270688514,0.14330702194302522,0.8904096483774059,-4.403609061410856,O75083,WD repeat-containing protein 1,WDR1,n.s.
P33176;Q12840;O60282,0.24389186095383764,23.344444607155047,1.4854516871865902,0.1433947600631759,0.8904096483774059,-4.4039090905323635,P33176,Kinesin-1 heavy chain,KIF5B,n.s.
Q96CS3,-0.40743724588366703,20.943403861937895,-1.479679127419532,0.14492503202687954,0.8904096483774059,-4.409109342681502,Q96CS3,FAS-associated factor 2,FAF2,n.s.
Q9NR30,-0.3418718201423836,21.858433081693704,-1.4712158148462826,0.1471918376380071,0.8904096483774059,-4.416700994832403,Q9NR30,Nucleolar RNA helicase 2,DDX21,n.s.
Q9Y490;Q9Y4G6,0.23011750387533425,25.036224224030853,1.4694757098859117,0.14766134411890824,0.8904096483774059,-4.418257073663252,Q9Y490,Talin-1,TLN1,n.s.
Q9H0A0,-0.31625519978899774,20.781799381902065,-1.4677768123474626,0.1481208673362486,0.8904096483774059,-4.419774719446627,Q9H0A0,N-acetyltransferase 10,NAT10,n.s.
O76021,-0.2578990865909532,20.95572063962319,-1.4675952639412053,0.1481536681887293,0.8904096483774059,-4.41992098446377,O76021,Ribosomal L1 domain-containing protein 1,RSL1D1,n.s.
P62937,0.29514892800157,24.87776532891903,1.4665200908105225,0.14846151195038476,0.8904096483774059,-4.420896356929392,P62937,Peptidyl-prolyl cis-trans isomerase A,PPIA,n.s.
Q16401,-0.31457067693936835,21.870506086262615,-1.4659146587562608,0.14862583877074734,0.8904096483774059,-4.421436405778393,Q16401,26S proteasome non-ATPase regulatory subunit 5,PSMD5,n.s.
P52943,-0.5140445934156936,21.449735844977,-1.4646568713914374,0.14896768507143562,0.8904096483774059,-4.4225577235354905,P52943,Cysteine-rich protein 2,CRIP2,n.s.
P55010,-0.22797178557490838,20.092930742744205,-1.4634053750749898,0.14928911997061417,0.8904096483774059,-4.423654333146107,P55010,Eukaryotic translation initiation factor 5,EIF5,n.s.
P18621,-0.12775023967057209,23.467458983247056,-1.4617070990811774,0.14975249888360825,0.8904096483774059,-4.425166004047341,P18621,60S ribosomal protein L17,RPL17,n.s.
Q96PK6,0.1759078469523061,23.230926643213582,1.4607877733912182,0.150003809646904,0.8904096483774059,-4.425983661319759,Q96PK6,RNA-binding protein 14,RBM14,n.s.
Q9BXK5,-0.3974660296567549,20.758530970692735,-1.4607248221533184,0.15004033567971387,0.8904096483774059,-4.426057608010797,Q9BXK5,Bcl-2-like protein 13,BCL2L13,n.s.
O94906,-0.168289074959457,21.82568628325502,-1.460241902865212,0.1501531876062954,0.8904096483774059,-4.42646894659009,O94906,Pre-mRNA-processing factor 6,PRPF6,n.s.
O00567,-0.20073924925086928,23.586158698689573,-1.4597259915831446,0.15029810339252564,0.8904096483774059,-4.426930809366487,O00567,Nucleolar protein 56,NOP56,n.s.
Q15435,0.2742390274998314,20.424768085866162,1.458765633307015,0.15057238072113355,0.8904096483774059,-4.427794028008332,Q15435,Protein phosphatase 1 regulatory subunit 7,PPP1R7,n.s.
Q09028,0.14932217022649397,23.21974747913213,1.4586535585908609,0.150588503204147,0.8904096483774059,-4.427880081888641,Q09028,Histone-binding protein RBBP4,RBBP4,n.s.
O75436,-0.2645590565857674,21.77433541404684,-1.4559709630998663,0.15133018789464622,0.8904096483774059,-4.4302640994907865,O75436,Vacuolar protein sorting-associated protein 26A,VPS26A,n.s.
P02751,0.42352348875569135,26.433960783677154,1.4551507099362393,0.15157130823733347,0.8904096483774059,-4.431004685923197,P02751,Fibronectin;Anastellin;Ugl-Y1;Ugl-Y2;Ugl-Y3,FN1,n.s.
P14927,-0.28389815263775375,21.445966993241075,-1.4539887260474214,0.15188732386159806,0.8904096483774059,-4.432029642616161,P14927,Cytochrome b-c1 complex subunit 7,UQCRB,n.s.
Q9Y696,-0.24734830021155219,20.567709369467646,-1.4527551899280093,0.15221667567110092,0.8904096483774059,-4.433110996676483,Q9Y696,Chloride intracellular channel protein 4,CLIC4,n.s.
P11766,-0.3250980139210995,21.021971756334494,-1.4522910911442601,0.15236146081656937,0.8904096483774059,-4.433536067703876,P11766,Alcohol dehydrogenase class-3,ADH5,n.s.
P51858;Q9Y3E1,0.3272071186501435,20.958292888348137,1.4480965100596106,0.15352631254423144,0.8904096483774059,-4.437241127211507,P51858,Hepatoma-derived growth factor,HDGF,n.s.
Q00610,-0.21538952248516452,27.38738084681458,-1.4476657679666252,0.1536463246701993,0.8904096483774059,-4.437621057732415,Q00610,Clathrin heavy chain 1,CLTC,n.s.
Q9H0D6,0.2401995261387384,21.729378474819093,1.4461810077386252,0.15404131292463022,0.8904096483774059,-4.438913373014916,Q9H0D6,5-3 exoribonuclease 2,XRN2,n.s.
Q9BUQ8,-0.2705172358112833,20.72370095141339,-1.4458560849307396,0.15414667373041424,0.8904096483774059,-4.439212168006798,Q9BUQ8,Probable ATP-dependent RNA helicase DDX23,DDX23,n.s.
Q15019,0.1723752273059702,24.179107096895205,1.444805129554338,0.15442596149746735,0.8904096483774059,-4.44012529239469,Q15019,Septin-2,41519.0,n.s.
P55209,-0.36690329910722497,22.736595795264204,-1.4435518775684815,0.15479622461270146,0.8904096483774059,-4.441244567194315,P55209,Nucleosome assembly protein 1-like 1,NAP1L1,n.s.
P01880;Q5XXA6,-0.8989251020682048,22.597731130418747,-1.4435285636882804,0.15480276033426119,0.8904096483774059,-4.441265075737812,P01880,Ig delta chain C region,IGHD,n.s.
O00764,0.5819026159684988,18.484356164480506,1.4412693724900865,0.15543711641264615,0.8904096483774059,-4.443251014294382,O00764,Pyridoxal kinase,PDXK,n.s.
Q8NC51,0.3433846391021014,20.979274282598322,1.4408272871905285,0.1555614862562501,0.8904096483774059,-4.443639302942233,Q8NC51,Plasminogen activator inhibitor 1 RNA-binding protein,SERBP1,n.s.
Q8NF37,0.7506828626848119,18.507444633567083,1.4387719706861224,0.15614071964932213,0.8904096483774059,-4.4454431105803645,Q8NF37,Lysophosphatidylcholine acyltransferase 1,LPCAT1,n.s.
P78527,-0.12733104217343083,25.76812250002508,-1.435485506420475,0.15705120148793386,0.8904096483774059,-4.448307125400556,P78527,DNA-dependent protein kinase catalytic subunit,PRKDC,n.s.
Q14204,0.20989624805714158,25.576587759704605,1.4342946182346308,0.15740836190563465,0.8904096483774059,-4.449364584052237,Q14204,Cytoplasmic dynein 1 heavy chain 1,DYNC1H1,n.s.
Q8TCQ1,0.23143542652345417,20.282764715870172,1.4329825162307337,0.15776216307182953,0.8904096483774059,-4.450496453316066,Q8TCQ1,E3 ubiquitin-protein ligase MARCH1,41334.0,n.s.
P62314,0.17882372353980713,23.350665087601037,1.4280163160885166,0.15918020854441364,0.8941623949891397,-4.454830168140604,P62314,Small nuclear ribonucleoprotein Sm D1,SNRPD1,n.s.
O94905,0.5628583481305256,23.599707073492798,1.4261298386138992,0.15974063681007955,0.8941623949891397,-4.45648746401928,O94905,Erlin-2,ERLIN2,n.s.
P36537,0.16039500516360405,24.248782420148007,1.4207583514052216,0.1612704604738113,0.8941623949891397,-4.461139478441528,P36537,UDP-glucuronosyltransferase 2B10,UGT2B10,n.s.
P60842,-0.2716383671013567,24.58226595193941,-1.416138238740067,0.16263122023953758,0.8941623949891397,-4.465154374125478,P60842,Eukaryotic initiation factor 4A-I,EIF4A1,n.s.
P04080,0.5298485586380615,21.448570200395153,1.4128689959117051,0.16358578000625726,0.8941623949891397,-4.467978290119568,P04080,Cystatin-B,CSTB,n.s.
P47756,0.19845244285536268,23.059154966292464,1.411680430476216,0.1639147887679971,0.8941623949891397,-4.468990194584068,P47756,F-actin-capping protein subunit beta,CAPZB,n.s.
Q99797,0.3874811911715028,23.010802649780786,1.4085281435965225,0.16485993678802088,0.8941623949891397,-4.471718772422054,Q99797,Mitochondrial intermediate peptidase,MIPEP,n.s.
P61978,0.11940277693637924,27.134752417050947,1.4080150982410442,0.1649919481367167,0.8941623949891397,-4.472147196719166,P61978,Heterogeneous nuclear ribonucleoprotein K,HNRNPK,n.s.
Q9UPM9;Q96PJ5,0.48288809022895407,21.261004235659946,1.4048429030650549,0.1659476751428048,0.8941623949891397,-4.47488618922075,Q9UPM9;Q96PJ5,B9 domain-containing protein 1;Fc receptor-like protein 4,B9D1;FCRL4,n.s.
O43681,0.2520471278606493,22.02637672242813,1.4022161298795013,0.1667109039352265,0.8941623949891397,-4.477129178720994,O43681,ATPase ASNA1,ASNA1,n.s.
Q92878,-0.31688134356156894,21.599521328297744,-1.4021287337169974,0.1667523364044711,0.8941623949891397,-4.477214205202505,Q92878,DNA repair protein RAD50,RAD50,n.s.
P27816,0.4144490632511193,22.990204659433058,1.3999220056078983,0.16740877904832724,0.8941623949891397,-4.479103986322298,P27816,Microtubule-associated protein 4,MAP4,n.s.
Q9UMR2,0.3108827946070001,20.752725158278256,1.3973454649350614,0.16817775610399932,0.8941623949891397,-4.481307070672658,Q9UMR2,ATP-dependent RNA helicase DDX19B,DDX19B,n.s.
P25788,0.15497117470063415,22.229287256694626,1.3970608651291012,0.16824383088882422,0.8941623949891397,-4.481538165118,P25788,Proteasome subunit alpha type-3,PSMA3,n.s.
P08493,-0.5093391918374479,21.293865959086986,-1.3968508250205678,0.16832569465229427,0.8941623949891397,-4.481729596549499,P08493,Matrix Gla protein,MGP,n.s.
Q15056,0.18136415668079664,22.949341205450374,1.395983194910427,0.1685664047250965,0.8941623949891397,-4.482458470332658,Q15056,Eukaryotic translation initiation factor 4H,EIF4H,n.s.
Q8NC56,0.3057791177867699,20.997192738363378,1.3918228916218944,0.16983517273652055,0.8954853337495902,-4.486016848072432,Q8NC56,LEM domain-containing protein 2,LEMD2,n.s.
P12830,-0.3772323277191738,23.093411306714483,-1.3909937521454097,0.17008509528340904,0.8954853337495902,-4.48672250483819,P12830,Cadherin-1;E-Cad/CTF1;E-Cad/CTF2;E-Cad/CTF3,CDH1,n.s.
P55795,-0.41095459979214866,22.21946285523073,-1.385100270971945,0.1718697096927334,0.8995489788417204,-4.4917273406578655,P55795,Heterogeneous nuclear ribonucleoprotein H2,HNRNPH2,n.s.
Q9NVA2,-0.27761093530511616,21.83021986786579,-1.3794099096661365,0.17360187711733602,0.8995489788417204,-4.496538914787831,Q9NVA2,Septin-11,41528.0,n.s.
P02786,-0.5017173697822805,21.663000637106972,-1.3791168122678772,0.17369628164932305,0.8995489788417204,-4.4967889517317765,P02786,"Transferrin receptor protein 1;Transferrin receptor protein 1, serum form",TFRC,n.s.
Q99829,0.44103878093580917,20.633539508604496,1.3776774625517512,0.17413789077792702,0.8995489788417204,-4.498003591730939,Q99829,Copine-1,CPNE1,n.s.
O14949,-0.3046755014476119,21.491900477267546,-1.3770660667678611,0.17432573489513442,0.8995489788417204,-4.4985191900998265,O14949,Cytochrome b-c1 complex subunit 8,UQCRQ,n.s.
P62879;Q9HAV0,0.24200160865015619,22.53677127992326,1.3758873844960742,0.1746820837722405,0.8995489788417204,-4.499509221481144,P62879;Q9HAV0,Guanine nucleotide-binding protein G(I)/G(S)/G(T) subunit beta-2;Guanine nucleotide-binding protein subunit beta-4,GNB2;GNB4,n.s.
Q5BKZ1,0.20923911497552794,19.910055551887982,1.37367346360962,0.1753520005604019,0.8997151737844621,-4.501366356768462,Q5BKZ1,DBIRD complex subunit ZNF326,ZNF326,n.s.
P23193;Q15560,-0.253362899543248,19.89695530265268,-1.368375753484017,0.1770063754843109,0.9000358888430667,-4.505822275117925,P23193,Transcription elongation factor A protein 1,TCEA1,n.s.
O60502,0.1864491496877001,19.956309729786312,1.3667693556363096,0.1774938485043596,0.9000358888430667,-4.507161880085355,O60502,Bifunctional protein NCOAT;Protein O-GlcNAcase;Histone acetyltransferase,MGEA5,n.s.
P49815,-0.17347600552757214,20.764192882226077,-1.3654503104509923,0.17790532405927326,0.9000358888430667,-4.508266118700981,P49815,Tuberin,TSC2,n.s.
Q7Z2W4,0.1666798131068674,20.209777389758226,1.3637560699241693,0.17843491275392653,0.9000358888430667,-4.509683034812475,Q7Z2W4,Zinc finger CCCH-type antiviral protein 1,ZC3HAV1,n.s.
Q08379;A8MZ06,0.28248520306742364,20.795296234086216,1.3541975236635566,0.18146414839758682,0.9000358888430667,-4.517655682780454,Q08379,Golgin subfamily A member 2,GOLGA2,n.s.
Q9Y3E2,-0.566468451560425,19.61335065094715,-1.3522021678326834,0.1820974353163843,0.9000358888430667,-4.519311625370546,Q9Y3E2,BolA-like protein 1,BOLA1,n.s.
P27694,0.2773283772346211,21.856280919491862,1.3518840251184783,0.18219638865449464,0.9000358888430667,-4.5195744708117855,P27694,Replication protein A 70 kDa DNA-binding subunit,RPA1,n.s.
P11413,0.5693020303319649,22.821428389362076,1.350850842147565,0.1825272764606109,0.9000358888430667,-4.520431829920723,P11413,Glucose-6-phosphate 1-dehydrogenase,G6PD,n.s.
P51149,0.17979989884940295,24.724316722227538,1.3495318660106148,0.18294303413712334,0.9000358888430667,-4.521522240855653,P51149,Ras-related protein Rab-7a,RAB7A,n.s.
O15018,-0.3396191591656681,20.8673483064689,-1.3470804383694461,0.1837306902592576,0.9000358888430667,-4.52355199426167,O15018,PDZ domain-containing protein 2;Processed PDZ domain-containing protein 2,PDZD2,n.s.
P08708;P0CW22,-0.16076385177854746,23.61289530468996,-1.3467580017673944,0.18381515388948996,0.9000358888430667,-4.523810414336164,P08708;P0CW22,40S ribosomal protein S17;40S ribosomal protein S17-like,RPS17;RPS17L,n.s.
Q16186,0.1779420631654851,21.19773533473991,1.3412542826313005,0.18558342844106673,0.9000358888430667,-4.528350158109298,Q16186,Proteasomal ubiquitin receptor ADRM1,ADRM1,n.s.
Q16821;P35557,0.339673367583341,22.754988063460903,1.3386256745136518,0.18645119256919665,0.9000358888430667,-4.5305198546862355,Q16821,Protein phosphatase 1 regulatory subunit 3A,PPP1R3A,n.s.
O15551;P56747;O95484,-0.4059372233931633,20.870717942067525,-1.337389258483339,0.18685158944913133,0.9000358888430667,-4.531535485027215,O15551,Claudin-3,CLDN3,n.s.
Q13009,-0.28754237232601554,22.98343328635887,-1.3348166383297597,0.18768679175785644,0.9000358888430667,-4.5336459788813155,Q13009,T-lymphoma invasion and metastasis-inducing protein 1,TIAM1,n.s.
O14950;P19105,0.21310229029108285,24.52483210523521,1.334547674996112,0.18777427424547966,0.9000358888430667,-4.533866414205059,O14950;P19105,Myosin regulatory light chain 12B;Myosin regulatory light chain 12A,MYL12B;MYL12A,n.s.
Q9HCF4,-0.37297558367090744,20.07175326491473,-1.3333559633132033,0.18816226056045202,0.9000358888430667,-4.5348426237082,Q9HCF4,E3 ubiquitin-protein ligase RNF213,RNF213,n.s.
P46779,-0.13972065146036172,23.40749186919041,-1.3315074088435146,0.1887466759026592,0.9000358888430667,-4.536348377074312,P46779,60S ribosomal protein L28,RPL28,n.s.
Q99442,0.2537264522731668,20.604477408936752,1.3273904512842882,0.19010910496965647,0.9000358888430667,-4.539715820687269,Q99442,Translocation protein SEC62,SEC62,n.s.
P01834,-0.34665270367601053,24.630265177211818,-1.326182785437377,0.19051049958986568,0.9000358888430667,-4.540701873888004,P01834,Ig kappa chain C region,IGKC,n.s.
P49755,-0.19864997147755759,24.402326013453493,-1.3255479323182047,0.19071939212387237,0.9000358888430667,-4.5412190530270244,P49755,Transmembrane emp24 domain-containing protein 10,TMED10,n.s.
P02787,-0.40815279022915973,23.569688755024924,-1.3251390620190948,0.19085401890808276,0.9000358888430667,-4.541552017239387,P02787,Serotransferrin,TF,n.s.
P06493;Q00526;P24941;Q14004;Q9NYV4;Q00537;Q00536;Q07002;O94921;Q96Q40;Q00534,0.15904409036981448,27.247064434929882,1.3227265830519008,0.1916312707878446,0.9000358888430667,-4.543508374960139,P06493,Cyclin-dependent kinase 1,CDK1,n.s.
P41250,-0.25969844194405667,23.185418492295092,-1.3216042310737068,0.1920209175320265,0.9000358888430667,-4.544426710131917,P41250,Glycine--tRNA ligase,GARS,n.s.
P68400,0.18597236532029626,22.05476009884436,1.3197873416687453,0.1926042581281003,0.9000358888430667,-4.545895423654272,P68400,Casein kinase II subunit alpha,CSNK2A1,n.s.
Q9UMY4,0.13405399208538782,20.72721951354965,1.3175741685420639,0.1933393539946548,0.9000358888430667,-4.547689613587245,Q9UMY4,Sorting nexin-12,SNX12,n.s.
P49756,-0.14606028610296207,21.153150194133293,-1.310430119563737,0.19572668340166247,0.9000358888430667,-4.553462445171941,P49756,RNA-binding protein 25,RBM25,n.s.
O43252,-0.42812894490571907,20.55378439005977,-1.3085732276253579,0.19636927652569083,0.9000358888430667,-4.55496363818304,O43252,Bifunctional 3-phosphoadenosine 5-phosphosulfate synthase 1;Sulfate adenylyltransferase;Adenylyl-sulfate kinase,PAPSS1,n.s.
P08572,-0.39221035580438013,22.710762092210818,-1.308364471199761,0.1964395362323112,0.9000358888430667,-4.555131663991163,P08572,Collagen alpha-2(IV) chain;Canstatin,COL4A2,n.s.
Q9HCB6,-0.46386215494741023,23.572031698665104,-1.3059817111187797,0.19724282779628893,0.9000358888430667,-4.557047787381577,Q9HCB6,Spondin-1,SPON1,n.s.
Q9BQE3,-0.3495572338340054,20.916236727692322,-1.299859520772233,0.19931811933894328,0.9000358888430667,-4.561956379991499,Q9BQE3,Tubulin alpha-1C chain,TUBA1C,n.s.
Q9Y3A6,-0.246154242430503,19.89886369326188,-1.2974255727890844,0.20014327445306415,0.9000358888430667,-4.563900854090292,Q9Y3A6,Transmembrane emp24 domain-containing protein 5,TMED5,n.s.
Q96CN7,0.5303427736574058,21.05015217482029,1.2859340720918964,0.204099599527294,0.9000358888430667,-4.573042803753,Q96CN7,Isochorismatase domain-containing protein 1,ISOC1,n.s.
P31785,-0.21704856064284783,23.980238971906832,-1.280661252515111,0.20593232989808868,0.9000358888430667,-4.57721208969394,P31785,Cytokine receptor common subunit gamma,IL2RG,n.s.
Q13596,-0.2044058131959794,21.7004710354979,-1.27914132118065,0.20644469848780347,0.9000358888430667,-4.57840742031119,Q13596,Sorting nexin-1,SNX1,n.s.
Q5JWF2;P63092,0.2848560093179131,20.70477549219666,1.2736301747481003,0.20839529328845172,0.9000358888430667,-4.582747212954394,Q5JWF2;P63092,Guanine nucleotide-binding protein G(s) subunit alpha isoforms XLas;Guanine nucleotide-binding protein G(s) subunit alpha isoforms short,GNAS,n.s.
P49792;A6NKT7;Q7Z3J3;Q68DN6;O14715;Q99666,-0.17473416136652986,20.76661999281222,-1.2734426016260136,0.20844314193718963,0.9000358888430667,-4.582891243280347,P49792;A6NKT7;Q7Z3J3;Q68DN6,E3 SUMO-protein ligase RanBP2;Putative peptidyl-prolyl cis-trans isomerase;RanBP2-like and GRIP domain-containing protein 3;RanBP2-like and GRIP domain-containing protein 4;RANBP2-like and GRIP domain-containing protein 2,RANBP2;RGPD3;RGPD4;RGPD2,n.s.
P51665,-0.15993387295458206,22.236049854613526,-1.2733974131933612,0.20845904619036726,0.9000358888430667,-4.582926724672442,P51665,26S proteasome non-ATPase regulatory subunit 7,PSMD7,n.s.
Q9UBX3,-0.3250969700477846,22.212503546291984,-1.2716848045346052,0.2090806144664788,0.9000358888430667,-4.584273741893889,Q9UBX3,Mitochondrial dicarboxylate carrier,SLC25A10,n.s.
O60701,-0.7692213514479356,22.633864140882636,-1.269246803013383,0.20994185097883145,0.9000358888430667,-4.586183813506606,O60701,UDP-glucose 6-dehydrogenase,UGDH,n.s.
Q14152,-0.12142081842358365,23.427641345260387,-1.268184987541752,0.21029965719830868,0.9000358888430667,-4.587011697946161,Q14152,Eukaryotic translation initiation factor 3 subunit A,EIF3A,n.s.
Q99805,0.19199154055359458,23.353832688806513,1.2681135257052052,0.21033870053083828,0.9000358888430667,-4.5870698292697645,Q99805,Transmembrane 9 superfamily member 2,TM9SF2,n.s.
Q9NYL9,0.17810912605953533,20.39277643818269,1.2668394313848235,0.2107767586104204,0.9000358888430667,-4.588063709932743,Q9NYL9,Tropomodulin-3,TMOD3,n.s.
Q9UBS4,0.2471111944867026,21.137054974876566,1.263839004606821,0.21185723179930602,0.9000358888430667,-4.5904079253463514,Q9UBS4,DnaJ homolog subfamily B member 11,DNAJB11,n.s.
O60814;P58876;P62807;Q5QNW6;Q93079;Q99877;Q99879;Q99880;P57053;Q96A08,0.17587223164905552,28.707098278964363,1.2618651851172553,0.21256117913282827,0.9000358888430667,-4.59194584213924,O60814;P58876;P62807;Q5QNW6;Q93079;Q99877;Q99879;Q99880;P57053;Q96A08,Histone H2B type 1-K;Histone H2B type 1-D;Histone H2B type 1-C/E/F/G/I;Histone H2B type 2-F;Histone H2B type 1-H;Histone H2B type 1-N;Histone H2B type 1-M;Histone H2B type 1-L;Histone H2B type F-S;Histone H2B type 1-A,HIST1H2BK;HIST1H2BD;HIST1H2BC;HIST2H2BF;HIST1H2BH;HIST1H2BN;HIST1H2BM;HIST1H2BL;H2BFS;HIST1H2BA,n.s.
O14579,-0.19616843935536465,22.48429232515533,-1.261570710008755,0.21265267023092163,0.9000358888430667,-4.592173138673554,O14579,Coatomer subunit epsilon,COPE,n.s.
Q15102,0.36064351450144017,20.42843820250902,1.2611840733141793,0.2128088647111275,0.9000358888430667,-4.592476642806944,Q15102,Platelet-activating factor acetylhydrolase IB subunit gamma,PAFAH1B3,n.s.
Q96M27,0.2062353877309242,21.72413129266546,1.260453624306125,0.2130519938521353,0.9000358888430667,-4.59304240566731,Q96M27,Protein PRRC1,PRRC1,n.s.
Q02413,-0.39541591084120853,20.491498851157417,-1.260043767723507,0.21321668075439804,0.9000358888430667,-4.593363658072253,Q02413,Desmoglein-1,DSG1,n.s.
P17931,-0.4608536738532436,23.407138704532088,-1.2597749531529268,0.21331290339707057,0.9000358888430667,-4.593572654779411,P17931,Galectin-3,LGALS3,n.s.
Q02880,0.2639538889167987,21.09975773229388,1.2581776148956185,0.21388533847368696,0.9000358888430667,-4.594813700270473,Q02880,DNA topoisomerase 2-beta,TOP2B,n.s.
Q9Y3Q3,-0.35642892369489587,19.818691074175508,-1.2563090965656618,0.21455640161355882,0.9000358888430667,-4.59626360035463,Q9Y3Q3,Transmembrane emp24 domain-containing protein 3,TMED3,n.s.
P31942,0.2070536186105656,23.462053933194134,1.2560434222836379,0.21465194302936408,0.9000358888430667,-4.596469592690017,P31942,Heterogeneous nuclear ribonucleoprotein H3,HNRNPH3,n.s.
P30740;O75830,0.3810601176688486,22.59347571251689,1.255516878415436,0.21484139122743104,0.9000358888430667,-4.596877733588341,P30740,Leukocyte elastase inhibitor,SERPINB1,n.s.
Q96S97,0.3531458939220222,20.741495712420335,1.2545752324706525,0.21518050041161374,0.9000358888430667,-4.597607240786874,Q96S97,Myeloid-associated differentiation marker,MYADM,n.s.
Q9NR46,-0.2544167926656016,20.274215833313978,-1.2542678258779147,0.2152912907249282,0.9000358888430667,-4.597845284244397,Q9NR46,Endophilin-B2,SH3GLB2,n.s.
P00492,0.2523818640678641,23.96726652958854,1.2541933858363807,0.21531812551010776,0.9000358888430667,-4.597902919584412,P00492,Hypoxanthine-guanine phosphoribosyltransferase,HPRT1,n.s.
Q13765;Q9BZK3,-0.18139805025930755,22.19737649306499,-1.2530117167327415,0.2157264648744706,0.9000358888430667,-4.598815291204043,Q13765,Nascent polypeptide-associated complex subunit alpha,NACA,n.s.
P14866;Q8WVV9,-0.11163150823033519,24.875772240597072,-1.2519385038710098,0.2161141991447732,0.9000358888430667,-4.5996452153296215,P14866,Heterogeneous nuclear ribonucleoprotein L,HNRNPL,n.s.
O15144,0.15676216465317339,23.183897158464642,1.2511023831785288,0.21641663337923137,0.9000358888430667,-4.600291340460836,O15144,Actin-related protein 2/3 complex subunit 2,ARPC2,n.s.
P53999,0.46845752243257976,24.27544832574858,1.2438502050899898,0.21907086602279574,0.9000358888430667,-4.605880525848789,P53999,Activated RNA polymerase II transcriptional coactivator p15,SUB1,n.s.
Q15084,0.18560487610363907,25.478493238741816,1.2420873410416664,0.21971526398879068,0.9000358888430667,-4.607234138098628,Q15084,Protein disulfide-isomerase A6,PDIA6,n.s.
P30153,0.13727523833034638,24.755406080404107,1.2399678297247878,0.22047403617651476,0.9000358888430667,-4.608857824183998,P30153,Serine/threonine-protein phosphatase 2A 65 kDa regulatory subunit A alpha isoform,PPP2R1A,n.s.
O95433,-0.22737195356708995,21.703179262568067,-1.2391484242020234,0.22078032257131444,0.9000358888430667,-4.609485882829845,O95433,Activator of 90 kDa heat shock protein ATPase homolog 1,AHSA1,n.s.
O75348;O95670,0.19665022510861263,20.763924615347477,1.2375203486445838,0.22137336854537285,0.9000358888430667,-4.6107313544686415,O75348;O95670,V-type proton ATPase subunit G 1;V-type proton ATPase subunit G 2,ATP6V1G1;ATP6V1G2,n.s.
P61513;A6NKH3,-0.13861183995075876,22.74157419428932,-1.236624954646045,0.22170305779637123,0.9000358888430667,-4.611415919519141,P61513,60S ribosomal protein L37a,RPL37A,n.s.
Q9Y230,-0.15726371935105377,23.552111768344073,-1.236255732102248,0.22183911298924366,0.9000358888430667,-4.611698072037845,Q9Y230,RuvB-like 2,RUVBL2,n.s.
P27105,-0.634759909731418,22.149606035144476,-1.2357823930924348,0.22203142935456735,0.9000358888430667,-4.612060897493332,P27105,Erythrocyte band 7 integral membrane protein,STOM,n.s.
P23634,0.33103282076274,21.05541196824512,1.2354702675163347,0.22214655640774073,0.9000358888430667,-4.612299257113338,P23634,Plasma membrane calcium-transporting ATPase 4,ATP2B4,n.s.
P23771,0.3053002404646996,21.661616580666696,1.2344273611719159,0.2225315498137545,0.9000358888430667,-4.613095286170327,P23771,Trans-acting T-cell-specific transcription factor GATA-3,GATA3,n.s.
O95864,-0.3174909040416516,21.0356361367868,-1.2324993573024983,0.22324457427125402,0.9000358888430667,-4.614565258947107,O95864,Fatty acid desaturase 2,FADS2,n.s.
Q8WVM8,0.17446718332943334,22.862143508796187,1.229862811907707,0.22420460870675696,0.9000358888430667,-4.6165710852629935,Q8WVM8,Sec1 family domain-containing protein 1,SCFD1,n.s.
P62277,-0.13073535156573612,24.484280004417087,-1.2288115097450876,0.22459537882562017,0.9000358888430667,-4.617370208807199,P62277,40S ribosomal protein S13,RPS13,n.s.
P54652,-0.49156126809283407,21.86359977495765,-1.2203030150561875,0.22779407849911218,0.9000358888430667,-4.62381498316452,P54652,Heat shock-related 70 kDa protein 2,HSPA2,n.s.
Q9UQ80,-0.19112165337978126,23.92024137868283,-1.2201676470731335,0.2278449523599619,0.9000358888430667,-4.623917169593553,Q9UQ80,Proliferation-associated protein 2G4,PA2G4,n.s.
P54886,-0.21237611339481433,23.71711573146856,-1.2183256168006058,0.22853805020900336,0.9000358888430667,-4.625306637873491,P54886,Delta-1-pyrroline-5-carboxylate synthase;Glutamate 5-kinase;Gamma-glutamyl phosphate reductase,ALDH18A1,n.s.
Q15691,0.26015239834823944,23.198102401217245,1.217253028414638,0.22894234220559231,0.9000358888430667,-4.626114811750927,Q15691,Microtubule-associated protein RP/EB family member 1,MAPRE1,n.s.
P49585;Q9Y5K3,0.3007490202311587,22.598158529324035,1.2169628406421398,0.22905181298523464,0.9000358888430667,-4.6263333493134065,P49585,Choline-phosphate cytidylyltransferase A,PCYT1A,n.s.
Q15417,-0.46139491652207454,21.249706953962505,-1.2164968896079813,0.22922766907672393,0.9000358888430667,-4.626684151674461,Q15417,Calponin-3,CNN3,n.s.
P08651,-0.13184543157376538,20.599517100403567,-1.2156637197222826,0.22952476286667692,0.9000358888430667,-4.627310862834515,P08651,Nuclear factor 1 C-type,NFIC,n.s.
Q06323,0.3724947431199048,21.72442102741277,1.213345767223193,0.23041953939800353,0.9000358888430667,-4.629053288032989,Q06323,Proteasome activator complex subunit 1,PSME1,n.s.
P06703,-0.6820933970889982,22.59567896468088,-1.2120604466062157,0.23090699406514034,0.9000358888430667,-4.630018009911208,P06703,Protein S100-A6,S100A6,n.s.
Q16204,-0.39880513371310045,21.046426897844324,-1.2058077701744019,0.2332890606508233,0.9000358888430667,-4.634697575381164,Q16204,Coiled-coil domain-containing protein 6,CCDC6,n.s.
Q9P035,0.25134875170806126,24.19818587066898,1.2056220787469183,0.2333600761395618,0.9000358888430667,-4.634836206095566,Q9P035,3-hydroxyacyl-CoA dehydratase 3,PTPLAD1,n.s.
P63173,-0.19837848013891346,22.867283999711795,-1.2040426855292201,0.2339589794512636,0.9000358888430667,-4.6360146174513925,P63173,60S ribosomal protein L38,RPL38,n.s.
P78347,-0.2629299066190711,21.686534212298795,-1.2037636689077842,0.23407167169559426,0.9000358888430667,-4.636222540599197,P78347,General transcription factor II-I,GTF2I,n.s.
Q05519,0.1484801390223751,21.402553736504284,1.2031817020458802,0.23427736436538224,0.9000358888430667,-4.6366565827675466,Q05519,Serine/arginine-rich splicing factor 11,SRSF11,n.s.
P09525,0.15727617042604436,24.605714899007268,1.20148176461467,0.2349433618639376,0.9000358888430667,-4.637922177698884,P09525,Annexin A4,ANXA4,n.s.
O00429,0.2087889721541849,21.27613758168172,1.1948775194416295,0.23747949793103107,0.9000358888430667,-4.642824670973382,O00429,Dynamin-1-like protein,DNM1L,n.s.
P48643,0.21197527874019784,24.40712875332419,1.193521729884225,0.2380217553310051,0.9000358888430667,-4.6438272499456845,P48643,T-complex protein 1 subunit epsilon,CCT5,n.s.
P61160,0.18992389443514668,22.922804683223838,1.1931746500098621,0.23814557788216148,0.9000358888430667,-4.64408437223651,P61160,Actin-related protein 2,ACTR2,n.s.
P29992;O95837;Q03113;P19086,0.32785397959747087,21.647123887298886,1.1929409100513169,0.23824720669514102,0.9000358888430667,-4.644256707437709,P29992,Guanine nucleotide-binding protein subunit alpha-11,GNA11,n.s.
Q02878,-0.09434527282778404,25.37410870353529,-1.1919776029474911,0.23860411693325695,0.9000358888430667,-4.644969346266678,Q02878,60S ribosomal protein L6,RPL6,n.s.
P38159;Q96E39,0.12679698688964436,24.726569233050874,1.1896970288353106,0.2394918811010655,0.9000358888430667,-4.64665255720248,P38159;Q96E39,"RNA-binding motif protein, X chromosome;RNA-binding motif protein, X chromosome, N-terminally processed;RNA binding motif protein, X-linked-like-1;RNA binding motif protein, X-linked-like-1, N-terminally processed",RBMX;RBMXL1,n.s.
P19971,0.3889770370086829,22.894674772393053,1.1876059217993415,0.2403252956885899,0.9000358888430667,-4.6481923187951555,P19971,Thymidine phosphorylase,TYMP,n.s.
O95298,-0.23335536024040948,21.424629372143745,-1.1862885070218472,0.24083628768742527,0.9000358888430667,-4.649161903547655,O95298,NADH dehydrogenase [ubiquinone] 1 subunit C2,NDUFC2,n.s.
P17568,-0.27272135733553426,20.098264426069125,-1.1862927845026137,0.24083879915508472,0.9000358888430667,-4.649158507171047,P17568,NADH dehydrogenase [ubiquinone] 1 beta subcomplex subunit 7,NDUFB7,n.s.
P06744;Q8N196,0.2594099495435209,25.549542061604683,1.1841505626845439,0.24167822231009473,0.9000358888430667,-4.650732594550304,P06744,Glucose-6-phosphate isomerase,GPI,n.s.
Q9Y5M8,0.17727504658664728,21.647224863868384,1.183235611370976,0.2420201352899684,0.9000358888430667,-4.651405248575203,Q9Y5M8,Signal recognition particle receptor subunit beta,SRPRB,n.s.
P50914,-0.10610701043254522,24.07329745847806,-1.182914634517266,0.2421462303908806,0.9000358888430667,-4.651640716177092,P50914,60S ribosomal protein L14,RPL14,n.s.
P11233,0.30690950864207167,21.299217135873956,1.1786954631239563,0.24382534609488257,0.9000358888430667,-4.6547290255373035,P11233,Ras-related protein Ral-A,RALA,n.s.
P45973,-0.20184065571475784,20.927209634547086,-1.1778123749637244,0.24415835892475635,0.9000358888430667,-4.655375639286069,P45973,Chromobox protein homolog 5,CBX5,n.s.
Q9NTJ5,0.28307499038173844,21.128659130404557,1.1775554771070518,0.24427577992058072,0.9000358888430667,-4.655562018724838,Q9NTJ5,Phosphatidylinositide phosphatase SAC1,SACM1L,n.s.
P50402,0.17396047268699277,22.827574252950388,1.1767676072399433,0.24457025581893,0.9000358888430667,-4.656138700863633,P50402,Emerin,EMD,n.s.
P24534,0.11271167489822176,24.6710146612448,1.1752475825648894,0.2451723569725428,0.9000358888430667,-4.657247594219675,P24534,Elongation factor 1-beta,EEF1B2,n.s.
P61158;Q9P1U1;Q9C0K3,0.1449398302850753,24.077435248683308,1.1718818440588072,0.24650994359552822,0.9000358888430667,-4.659698181799106,P61158,Actin-related protein 3,ACTR3,n.s.
Q9P258,-0.20592414927810054,22.096843110788228,-1.168778553107952,0.2477493983025557,0.9000358888430667,-4.6619517266287644,Q9P258,Protein RCC2,RCC2,n.s.
O96008,-0.2312113082928029,21.530611158120127,-1.1684779754490444,0.24787982319536914,0.9000358888430667,-4.6621686695511055,O96008,Mitochondrial import receptor subunit TOM40 homolog,TOMM40,n.s.
Q9UNZ2,0.2678884347319226,21.720274628214526,1.1683832911811007,0.247921796764617,0.9000358888430667,-4.66223690456144,Q9UNZ2,NSFL1 cofactor p47,NSFL1C,n.s.
Q9Y6N3,0.27464695526445837,24.657006372235312,1.1659045903365726,0.24891379133983693,0.9000358888430667,-4.664032398537596,Q9Y6N3,Calcium-activated chloride channel regulator family member 3,CLCA3P,n.s.
Q15287,-0.15413383034191241,21.09973353617759,-1.1647532638051514,0.2493584882474394,0.9000358888430667,-4.664867059250683,Q15287,RNA-binding protein with serine-rich domain 1,RNPS1,n.s.
Q01081;P11274;Q8WU68,0.17258915236684658,24.330847876036692,1.1624711092445503,0.25029260769895045,0.9000358888430667,-4.6665136422331015,Q01081,Splicing factor U2AF 35 kDa subunit,U2AF1,n.s.
P50990,0.1590063787621112,24.183150095121956,1.1613287949270314,0.2507484354888194,0.9000358888430667,-4.667338124714575,P50990,T-complex protein 1 subunit theta,CCT8,n.s.
P30419;Q06945,0.38083323796811897,24.5089392411975,1.1591371609836474,0.2516366960234659,0.9000358888430667,-4.668916436608189,P30419,Glycylpeptide N-tetradecanoyltransferase 1,NMT1,n.s.
Q13797,0.19032366061052386,25.221466032838048,1.1586951152871423,0.2518152958276417,0.9000358888430667,-4.669234538686437,Q13797,Integrin alpha-9,ITGA9,n.s.
Q92520,-0.2504101971003472,20.814840490829805,-1.1581409046104512,0.2520393421233383,0.9000358888430667,-4.669633196518014,Q92520,Protein FAM3C,FAM3C,n.s.
Q9H0U3,0.2005135472420818,20.849597810067326,1.157095012190444,0.2524481861415946,0.9000358888430667,-4.670386883302192,Q9H0U3,Magnesium transporter protein 1,MAGT1,n.s.
P31946,0.18104662797692228,25.282104296098677,1.1568044493794982,0.25258020814406834,0.9000358888430667,-4.670593811850255,P31946,"14-3-3 protein beta/alpha;14-3-3 protein beta/alpha, N-terminally processed",YWHAB,n.s.
Q16563,-0.22680368167287668,21.837416885882497,-1.1566664845846923,0.2526319866978002,0.9000358888430667,-4.670693447079956,Q16563,Synaptophysin-like protein 1,SYPL1,n.s.
Q99873,-0.2596486981581485,21.82379438468768,-1.156155157935012,0.25284327777110305,0.9000358888430667,-4.671060135595307,Q99873,Protein arginine N-methyltransferase 1,PRMT1,n.s.
P50135,-0.26998960646186276,21.1215075028134,-1.1559246750020526,0.2529367084082241,0.9000358888430667,-4.6712256107002466,P50135,Histamine N-methyltransferase,HNMT,n.s.
Q9NYZ4,0.19509252371167918,21.125452618542585,1.1551480976036743,0.25323476107065734,0.9000358888430667,-4.671785162980848,Q9NYZ4,Sialic acid-binding Ig-like lectin 8,SIGLEC8,n.s.
P15880,-0.08911194015771429,24.863657130472486,-1.1530946385687533,0.2540690293631583,0.9006888652683753,-4.673257235915243,P15880,40S ribosomal protein S2,RPS2,n.s.
Q08945,-0.17981088010420976,22.744740031103227,-1.1515585504267745,0.25469515041961854,0.9006888652683753,-4.674356715313658,Q08945,FACT complex subunit SSRP1,SSRP1,n.s.
Q9UJ70,0.2244419533642592,22.048229896034186,1.1450726402949383,0.2573597542627007,0.9020878072280073,-4.678982626835249,Q9UJ70,N-acetyl-D-glucosamine kinase,NAGK,n.s.
P30085,0.3996947742108503,21.449580360144804,1.1438853624332868,0.2578515139049706,0.9020878072280073,-4.679826453724142,P30085,UMP-CMP kinase,CMPK1,n.s.
O00571;O15523;Q9NQI0,0.0995641518677921,24.18284327746201,1.1437986301262342,0.2578703719133742,0.9020878072280073,-4.6798907427304535,O00571;O15523,ATP-dependent RNA helicase DDX3X;ATP-dependent RNA helicase DDX3Y,DDX3X;DDX3Y,n.s.
O00303,-0.15969387746753938,21.81916134767096,-1.1435451374235155,0.2579745960117687,0.9020878072280073,-4.680070929892622,O00303,Eukaryotic translation initiation factor 3 subunit F,EIF3F,n.s.
Q9GZS3,0.1968605364573257,20.403803644929077,1.1426035452884153,0.25836515161462,0.9020878072280073,-4.680739401444667,Q9GZS3,WD repeat-containing protein 61,WDR61,n.s.
P11309,0.37599698130241777,22.53691212743257,1.1394640505314246,0.2596734229358902,0.9020878072280073,-4.682963928011361,P11309,Serine/threonine-protein kinase pim-1,PIM1,n.s.
P20339,0.244326958803331,20.979744543697823,1.1391716952632343,0.25979421744416087,0.9020878072280073,-4.683170990818508,P20339,Ras-related protein Rab-5A,RAB5A,n.s.
P27797,0.17801832080693458,25.178128552138237,1.1381773878981594,0.2602053419856832,0.9020878072280073,-4.683874845116971,P27797,Calreticulin,CALR,n.s.
Q9UL46,0.3616513009317721,21.777058438169153,1.1326683760419993,0.2624915914346786,0.905203520961335,-4.687764183389391,Q9UL46,Proteasome activator complex subunit 2,PSME2,n.s.
P39687;O43423;O95626,-0.19156267705175267,22.735897761451188,-1.1323857159982655,0.2626037967046067,0.905203520961335,-4.68796425588167,P39687,Acidic leucine-rich nuclear phosphoprotein 32 family member A,ANP32A,n.s.
P35232,-0.18270133621777163,25.976613722675722,-1.1313791836600178,0.2630286630716849,0.905203520961335,-4.688671801486489,P35232,Prohibitin,PHB,n.s.
Q14974,-0.13682604670203347,24.300257141910414,-1.1265939304642327,0.2650131648212172,0.9098140524640814,-4.692035319676875,Q14974,Importin subunit beta-1,KPNB1,n.s.
Q9HDC9,0.21448591099697012,24.448367766074515,1.1234073015024921,0.2663670441929766,0.9107799593526091,-4.694262704657554,Q9HDC9,Adipocyte plasma membrane-associated protein,APMAP,n.s.
P02743,-0.4617956218560195,21.06210475507731,-1.1224302747712243,0.2667782476708422,0.9107799593526091,-4.694945376930958,P02743,Serum amyloid P-component;Serum amyloid P-component(1-203),APCS,n.s.
P52272,-0.11996860647240837,25.747805580048688,-1.1205195868654592,0.26756719390862477,0.9107799593526091,-4.696282197893779,P52272,Heterogeneous nuclear ribonucleoprotein M,HNRNPM,n.s.
P30043,0.20268985746719892,24.176113072417117,1.1181419965746844,0.2685883770346236,0.9107799593526091,-4.697935126534841,P30043,Flavin reductase (NADPH),BLVRB,n.s.
P35637,-0.2394656527641601,23.02142242155346,-1.1177987360636819,0.2687336452722209,0.9107799593526091,-4.698173981660879,P35637,RNA-binding protein FUS,FUS,n.s.
O15127,0.2492598087251423,21.45159699165087,1.1142639877302878,0.27023278351343255,0.9107799593526091,-4.700629613926534,O15127,Secretory carrier-associated membrane protein 2,SCAMP2,n.s.
Q99536,0.1908812287554511,21.623700414569157,1.1136582789905092,0.2704738440696343,0.9107799593526091,-4.701053264661537,Q99536,Synaptic vesicle membrane protein VAT-1 homolog,VAT1,n.s.
P10644;P31321,0.4727808187666831,21.222460173075664,1.1128844733897414,0.2708194531481231,0.9107799593526091,-4.701586003014736,P10644,cAMP-dependent protein kinase type I-alpha regulatory subunit,PRKAR1A,n.s.
P10909,0.41741661811721187,22.22496901578767,1.109807291673139,0.2721313280191968,0.9107799593526091,-4.703715350693144,P10909,Clusterin;Clusterin beta chain;Clusterin alpha chain,CLU,n.s.
Q56VL3,-0.22907869672752668,21.066174237286145,-1.1084541510000534,0.2727096179742063,0.9107799593526091,-4.704649947845694,Q56VL3,OCIA domain-containing protein 2,OCIAD2,n.s.
P28062,0.31288124457366706,21.26572191893295,1.1082306491896055,0.272805218814735,0.9107799593526091,-4.704804214890227,P28062,Proteasome subunit beta type-8,PSMB8,n.s.
P55083,0.16920692116402236,24.78390554007396,1.107681197009806,0.2730403421730359,0.9107799593526091,-4.705183337819703,P55083,Microfibril-associated glycoprotein 4,MFAP4,n.s.
O95926,0.39589424258482353,18.330539232508123,1.1042002413099639,0.2745332368290938,0.9115661752212784,-4.707581107550457,O95926,Pre-mRNA-splicing factor SYF2,SYF2,n.s.
Q15836,0.18972261763102338,21.91558886781187,1.1040811287765309,0.2745681250666501,0.9115661752212784,-4.707666893338693,Q15836,Vesicle-associated membrane protein 3,VAMP3,n.s.
P49750,0.30574145564572675,21.379748602332082,1.099935862845548,0.2763699260770827,0.9137593152343659,-4.710508872014198,P49750,YLP motif-containing protein 1,YLPM1,n.s.
O00231,0.09455018959851458,23.513079470384994,1.0995416681832204,0.27652390333456717,0.9137593152343659,-4.710782963636315,O00231,26S proteasome non-ATPase regulatory subunit 11,PSMD11,n.s.
Q9BRX8,0.39565112446054584,20.822514200459885,1.0956108678184147,0.2782415090213618,0.9167512474630535,-4.71346739612968,Q9BRX8,Redox-regulatory protein FAM213A,FAM213A,n.s.
P52803,-0.24942834575489314,21.66073856089187,-1.0944882284959863,0.278728763403012,0.9167512474630535,-4.71423355205074,P52803,Ephrin-A5,EFNA5,n.s.
Q92599,0.27811438056579973,20.76700525411222,1.0898570740673181,0.28074511494534843,0.9193042655756952,-4.717386330726123,Q92599,Septin-8,41525.0,n.s.
P62269,-0.13006142731172687,24.543502020064278,-1.0895406475543978,0.28086787412462483,0.9193042655756952,-4.717605350525609,P62269,40S ribosomal protein S18,RPS18,n.s.
Q14247,0.3102623472938646,23.484329086327605,1.0872274229506966,0.2818945598221238,0.9193042655756952,-4.719170944583274,Q14247,Src substrate cortactin,CTTN,n.s.
O00194;P51159,-0.3124591884557084,21.17054660392962,-1.0854130853393955,0.2826895356314964,0.9193042655756952,-4.720399883998512,O00194,Ras-related protein Rab-27B,RAB27B,n.s.
Q9UBF2,-0.2887007163005393,21.16274787935917,-1.083172739724756,0.28367332754565155,0.9193042655756952,-4.721914717782012,Q9UBF2,Coatomer subunit gamma-2,COPG2,n.s.
Q16543,0.1602146209885582,21.962440050616472,1.0822923038313157,0.28404459004725674,0.9193042655756952,-4.722513666856171,Q16543,Hsp90 co-chaperone Cdc37,CDC37,n.s.
Q9H9B4,0.24975034353057524,23.04034484082107,1.0822807865539774,0.28406566958965496,0.9193042655756952,-4.722517002658861,Q9H9B4,Sideroflexin-1,SFXN1,n.s.
Q10589,0.27548162948947663,21.766495759095363,1.0756234431736469,0.2870059598128246,0.92360565072312,-4.726997586851183,Q10589,Bone marrow stromal antigen 2,BST2,n.s.
O75487,-0.19163974517423554,22.420009938715207,-1.0738626122666999,0.28778193901021837,0.92360565072312,-4.7281798559686115,O75487,Glypican-4;Secreted glypican-4,GPC4,n.s.
Q9BY44,0.19969507752827909,20.54979374229573,1.0712091865737066,0.28896333987113576,0.92360565072312,-4.729955306140579,Q9BY44,Eukaryotic translation initiation factor 2A,EIF2A,n.s.
O15321,-0.28761764702638004,22.367968472849753,-1.0708585010657263,0.28912338464024423,0.92360565072312,-4.73018855846788,O15321,Transmembrane 9 superfamily member 1,TM9SF1,n.s.
P52907,0.21995017209263068,23.823945110821683,1.0706263727450624,0.28922681270841577,0.92360565072312,-4.730343668815184,P52907,F-actin-capping protein subunit alpha-1,CAPZA1,n.s.
P08670;P41219;P07197;Q16352,0.19270455459511027,27.86700505972427,1.0699163437020953,0.2895433353744444,0.92360565072312,-4.730817920457216,P08670,Vimentin,VIM,n.s.
P62826,-0.2210665298804244,22.207516623938783,-1.068944799263585,0.289976827264594,0.92360565072312,-4.731466366841163,P62826,GTP-binding nuclear protein Ran,RAN,n.s.
Q8NI27,-0.13705717364410575,20.336846606577513,-1.0663586552982531,0.2911171286250986,0.9251492533558876,-4.733194571868685,Q8NI27,THO complex subunit 2,THOC2,n.s.
Q13151,0.1409813009152039,23.47129878538969,1.0592650157788794,0.29430468288354517,0.931462113119362,-4.737901693621416,Q13151,Heterogeneous nuclear ribonucleoprotein A0,HNRNPA0,n.s.
O00264,-0.25445229388510526,23.459918787317754,-1.059035559724896,0.2944238855076084,0.931462113119362,-4.738048481211423,O00264,Membrane-associated progesterone receptor component 1,PGRMC1,n.s.
Q92504,-0.23071530761137637,20.367862903792087,-1.0564792131928331,0.2955787123449777,0.9330236311381734,-4.7397371343353525,Q92504,Zinc transporter SLC39A7,SLC39A7,n.s.
Q14764,0.4052518746455114,24.918251991976643,1.0495706596376935,0.2987152384197619,0.9378092759980853,-4.744281479748914,Q14764,Major vault protein,MVP,n.s.
P40938,0.16239432432733736,25.735179706986653,1.0488072350527862,0.29906323538841517,0.9378092759980853,-4.744781923361844,P40938,Replication factor C subunit 3,RFC3,n.s.
Q9Y6E0,0.19296869325887656,19.541358757341968,1.0487065186600086,0.29909361448733635,0.9378092759980853,-4.744853114012347,Q9Y6E0,Serine/threonine-protein kinase 24;Serine/threonine-protein kinase 24 36 kDa subunit;Serine/threonine-protein kinase 24 12 kDa subunit,STK24,n.s.
Q9P2M7,-0.32900721274102196,21.191009897990828,-1.0472950753740495,0.2997533546953483,0.9378092759980853,-4.7457721667589166,Q9P2M7,Cingulin,CGN,n.s.
O75131;Q9UBL6;Q9HCH3;Q86YQ8;O95741;Q96A23;Q8IYJ1;Q96FN4,-0.2154038847508133,22.052581569969934,-1.0442790524378318,0.30113306769240145,0.9385893158733107,-4.747743192984799,O75131,Copine-3,CPNE3,n.s.
Q14914,0.20502554744108537,20.228723423139204,1.0438426408205461,0.3013330688097872,0.9385893158733107,-4.748027951511139,Q14914,Prostaglandin reductase 1,PTGR1,n.s.
P30041,-0.25200395503516404,23.50148813720741,-1.0357090633823132,0.30507722306376533,0.9424157019673046,-4.753314534441307,P30041,Peroxiredoxin-6,PRDX6,n.s.
O75396,0.21102059320922706,25.85179300193859,1.035506207789904,0.3051710083578359,0.9424157019673046,-4.75344588511653,O75396,Vesicle-trafficking protein SEC22b,SEC22B,n.s.
Q14697,0.13716633215991791,25.187132518587255,1.0308163233736594,0.30734104354691794,0.9424157019673046,-4.756477183095166,Q14697,Neutral alpha-glucosidase AB,GANAB,n.s.
Q9BV40,0.22447897960153185,21.78050989212673,1.0252343902267398,0.3099456622052392,0.9424157019673046,-4.760065165115972,Q9BV40,Vesicle-associated membrane protein 8,VAMP8,n.s.
Q07960,-0.21416654342521824,23.473016431311034,-1.0249533013846723,0.3100770305187592,0.9424157019673046,-4.760245424660965,Q07960,Rho GTPase-activating protein 1,ARHGAP1,n.s.
P62266,0.11960678844013728,22.729519738095586,1.0247669222146134,0.3101489441405195,0.9424157019673046,-4.760370564349117,P62266,40S ribosomal protein S23,RPS23,n.s.
P36956,0.2693080894130162,21.088256739437007,1.0239491993990766,0.3105466115736163,0.9424157019673046,-4.760888963567231,P36956,Sterol regulatory element-binding protein 1;Processed sterol regulatory element-binding protein 1,SREBF1,n.s.
Q9Y265,-0.15498815570438396,23.494657348664003,-1.0230104085550134,0.3109824084435031,0.9424157019673046,-4.761491477374704,Q9Y265,RuvB-like 1,RUVBL1,n.s.
P10253,-0.47063532273342545,20.703124755159465,-1.0205889601223241,0.3121215803519536,0.9424157019673046,-4.763038232541889,P10253,Lysosomal alpha-glucosidase;76 kDa lysosomal alpha-glucosidase;70 kDa lysosomal alpha-glucosidase,GAA,n.s.
P11215,0.2526056667548744,22.130571271920626,1.0205604359655365,0.31213497297238224,0.9424157019673046,-4.763056448477809,P11215,Integrin alpha-M,ITGAM,n.s.
Q9P2E9;Q8N4C6,0.2263786752541712,24.49621447740785,1.0201172449960805,0.312343109399267,0.9424157019673046,-4.763339414672148,Q9P2E9,Ribosome-binding protein 1,RRBP1,n.s.
Q9NQG5,-0.2304512476555196,21.478956352856812,-1.0199533127835476,0.31242012095318134,0.9424157019673046,-4.763444051753308,Q9NQG5,Regulation of nuclear pre-mRNA domain-containing protein 1B,RPRD1B,n.s.
P27708,0.19458551406287938,21.91787685489757,1.019399131362802,0.31267689329624926,0.9424157019673046,-4.763799053036879,P27708,CAD protein;Glutamine-dependent carbamoyl-phosphate synthase;Aspartate carbamoyltransferase;Dihydroorotase,CAD,n.s.
O00159,0.25306219520709305,22.754111658003673,1.0187667178863582,0.31297793941321317,0.9424157019673046,-4.764200974421329,O00159,Unconventional myosin-Ic,MYO1C,n.s.
P35580,0.2962871565817551,22.263920694222215,1.018751780772687,0.3129849656499974,0.9424157019673046,-4.764210497411105,P35580,Myosin-10,MYH10,n.s.
Q9NX62,-0.15185941392635982,23.175440213488326,-1.0139678664794127,0.3152303396783519,0.9424157019673046,-4.7672576533279765,Q9NX62,Inositol monophosphatase 3,IMPAD1,n.s.
Q9NZ08,0.2820917476077085,20.055424169208894,1.0109054407594316,0.3166905603885087,0.9424157019673046,-4.7691945620188605,Q9NZ08,Endoplasmic reticulum aminopeptidase 1,ERAP1,n.s.
Q9P0M6,-0.29335625047614045,22.345795054601407,-1.0063821299473432,0.3188401894996001,0.9424157019673046,-4.772051214836176,Q9P0M6,Core histone macro-H2A.2,H2AFY2,n.s.
O43570,-0.3977219742155498,21.62301734215593,-1.005762388241919,0.31913547526663527,0.9424157019673046,-4.772441660700311,O43570,Carbonic anhydrase 12,CA12,n.s.
P61769,0.3384283026000503,22.49704637474901,1.0032142166697426,0.3203515264706376,0.9424157019673046,-4.774044647364628,P61769,Beta-2-microglobulin;Beta-2-microglobulin form pI 5.3,B2M,n.s.
P30050,0.12014021701396516,24.831113442454125,1.0007933748497382,0.32149710559461775,0.9424157019673046,-4.775569060880658,P30050,60S ribosomal protein L12,RPL12,n.s.
Q96HC4,-0.3135329159056752,21.485733814960685,-1.0004704876634969,0.3216643822882298,0.9424157019673046,-4.775766341695199,Q96HC4,PDZ and LIM domain protein 5,PDLIM5,n.s.
Q6DD88,0.2641403837831966,22.50276844912574,0.9995145215201547,0.3221226533279247,0.9424157019673046,-4.7763651612085365,Q6DD88,Atlastin-3,ATL3,n.s.
Q96A72,-0.1874984817431269,20.79330590270428,-0.9977777756420707,0.32295274755487235,0.9424157019673046,-4.777453141121506,Q96A72,Protein mago nashi homolog 2,MAGOHB,n.s.
P09619,0.23271754022991686,21.927941274317188,0.9966495711980492,0.3234986770912811,0.9424157019673046,-4.778156519683005,P09619,Platelet-derived growth factor receptor beta,PDGFRB,n.s.
P81605,-0.4610803738524005,21.527411942212005,-0.996317245208316,0.323658546586441,0.9424157019673046,-4.778363996254581,P81605,Dermcidin;Survival-promoting peptide;DCD-1,DCD,n.s.
P46778,-0.16705812069443837,23.62436524929851,-0.995146352979879,0.324222240592819,0.9424157019673046,-4.77909448016032,P46778,60S ribosomal protein L21,RPL21,n.s.
P55884,-0.1198069483958406,22.493803497541755,-0.9919458106215608,0.32575167587364473,0.9424157019673046,-4.781093181963991,P55884,Eukaryotic translation initiation factor 3 subunit B,EIF3B,n.s.
Q14980,-0.23253283370077682,25.755731885544794,-0.990845376904563,0.3262984697201663,0.9424157019673046,-4.781770728143366,Q14980,Nuclear mitotic apparatus protein 1,NUMA1,n.s.
Q15029,-0.11858818944930505,23.011600137554566,-0.9897945040536191,0.32679241031997486,0.9424157019673046,-4.782429122570129,Q15029,116 kDa U5 small nuclear ribonucleoprotein component,EFTUD2,n.s.
P07355;A6NMY6,-0.22511084458225028,27.896853761030375,-0.9895001489163836,0.32694967851889944,0.9424157019673046,-4.782605525650384,P07355;A6NMY6,Annexin A2;Putative annexin A2-like protein,ANXA2;ANXA2P2,n.s.
P26373,-0.08169845416615473,24.370035492399772,-0.9872904153030261,0.3280066047179411,0.9424157019673046,-4.783980667233933,P26373,60S ribosomal protein L13,RPL13,n.s.
O00483,-0.22202982794892634,22.13852200315955,-0.9827226076252652,0.33024380471771575,0.9424157019673046,-4.7867950206850525,O00483,NADH dehydrogenase [ubiquinone] 1 alpha subcomplex subunit 4,NDUFA4,n.s.
P49458,0.13513572090873538,20.936114229472278,0.9825483106424114,0.3303142179328554,0.9424157019673046,-4.786908662538514,P49458,Signal recognition particle 9 kDa protein,SRP9,n.s.
Q9P2D6,-0.0860364631409638,21.485477525148543,-0.9823955678657516,0.3303887252221128,0.9424157019673046,-4.787002750253023,Q9P2D6,Protein FAM135A,FAM135A,n.s.
Q8NCL4,0.4172181588378905,21.45624303993098,0.9823025227836139,0.3304487058617772,0.9424157019673046,-4.7870537929291626,Q8NCL4,Polypeptide N-acetylgalactosaminyltransferase 6,GALNT6,n.s.
P01857,-0.229669731894667,25.77875334228272,-0.9817194241652534,0.3307332590787786,0.9424157019673046,-4.7874128073523075,P01857,Ig gamma-1 chain C region,IGHG1,n.s.
Q9Y295,0.13851108959971725,19.97161978563918,0.9816617162304958,0.3307468509948025,0.9424157019673046,-4.7874546001328255,Q9Y295,Developmentally-regulated GTP-binding protein 1,DRG1,n.s.
P50406,0.39127448983805735,21.005894092899613,0.9813461718938472,0.33091549247449636,0.9424157019673046,-4.787642512790589,P50406,5-hydroxytryptamine receptor 6,HTR6,n.s.
Q96A49,0.2524569066173896,21.274915635077583,0.9806729124807463,0.33124436764654563,0.9424157019673046,-4.788056637462825,Q96A49,Synapse-associated protein 1,SYAP1,n.s.
P00352;P49447,-0.20415956987635298,25.19631472210825,-0.9789011487239525,0.3321108812152158,0.9424157019673046,-4.789145165533092,P00352;P49447,Retinal dehydrogenase 1;Cytochrome b561,ALDH1A1;CYB561,n.s.
P31146,0.3651292283482981,20.59082833275837,0.9782794368415315,0.33241529760692146,0.9424157019673046,-4.789526686419424,P31146,Coronin-1A,CORO1A,n.s.
Q9UJZ1,-0.2613687624170353,22.95167206502004,-0.975513842095835,0.3337716957016029,0.9424157019673046,-4.791221033108689,Q9UJZ1,Stomatin-like protein 2,STOML2,n.s.
Q7Z2K6,0.34968902277121927,22.023938401907024,0.9752245478284883,0.3339137932408922,0.9424157019673046,-4.791398006195045,Q7Z2K6,Endoplasmic reticulum metallopeptidase 1,ERMP1,n.s.
P63244,-0.075107812980999,25.433492426999067,-0.974611209059486,0.3342007176228402,0.9424157019673046,-4.791779401188227,P63244,Guanine nucleotide-binding protein subunit beta-2-like 1,GNB2L1,n.s.
Q9Y2W1,0.1326324416357174,22.6379200370095,0.9723322488086983,0.33532222095750586,0.9424157019673046,-4.793170979446689,Q9Y2W1,Thyroid hormone receptor-associated protein 3,THRAP3,n.s.
Q07065,0.18765358541341826,25.441434407070133,0.9694486340562565,0.33675924523085665,0.9424157019673046,-4.794920915058454,Q07065,Cytoskeleton-associated protein 4,CKAP4,n.s.
P10586;P23468,-0.2809417036887716,20.427703153830787,-0.9689740828200221,0.3369937397533437,0.9424157019673046,-4.795209473231576,P10586,Receptor-type tyrosine-protein phosphatase F,PTPRF,n.s.
Q92896,-0.296397034443995,22.73401859009821,-0.9678182042905954,0.33756535681315736,0.9424157019673046,-4.795911760218692,Q92896,Golgi apparatus protein 1,GLG1,n.s.
P04626;P00533;P80192;Q5TCX8;Q02779,-0.6494343460644281,18.45851440236349,-0.9673617345035491,0.33779127143094145,0.9424157019673046,-4.796188881681587,P04626,Receptor tyrosine-protein kinase erbB-2,ERBB2,n.s.
Q96KP4,0.28595712204464974,22.438814783807732,0.9672814353903942,0.3378310231526752,0.9424157019673046,-4.796237618164236,Q96KP4,Cytosolic non-specific dipeptidase,CNDP2,n.s.
P62316,-0.17734175360698856,21.647939048223108,-0.9653319595225377,0.3387871341291758,0.9424157019673046,-4.797424112609123,P62316,Small nuclear ribonucleoprotein Sm D2,SNRPD2,n.s.
Q9NUH8,0.21799710547110607,20.419365935565153,0.9646224228238417,0.33914910164627954,0.9424157019673046,-4.79784929493649,Q9NUH8,Transmembrane protein 14B,TMEM14B,n.s.
Q08211,-0.09203571482811412,25.764730687353953,-0.9643986326904797,0.3392458723263895,0.9424157019673046,-4.797991211810391,Q08211,ATP-dependent RNA helicase A,DHX9,n.s.
Q9Y624,-0.27381401461948585,21.102786724547755,-0.9637411587062619,0.33958669410865117,0.9424157019673046,-4.798382513360816,Q9Y624,Junctional adhesion molecule A,F11R,n.s.
Q01995,0.3907887441757296,23.035794237782756,0.9629813529366377,0.3399642751958597,0.9424157019673046,-4.798841869499435,Q01995,Transgelin,TAGLN,n.s.
Q7L5N1,0.1752593587532445,20.29253472324139,0.9611454801710655,0.34087428925196317,0.9427346604149301,-4.799951933309545,Q7L5N1,COP9 signalosome complex subunit 6,COPS6,n.s.
P54803,0.2515018043715642,22.36125987847576,0.9597745195947531,0.34156094129644654,0.9427346604149301,-4.800776824281573,P54803,Galactocerebrosidase,GALC,n.s.
O15400,-0.24318607014007654,21.018689787734402,-0.9587266631670314,0.34208373219875565,0.9427346604149301,-4.801407752135285,O15400,Syntaxin-7,STX7,n.s.
Q13155,-0.09551785592207906,21.050752995138197,-0.9532066933110624,0.34483226755611085,0.9450328284389566,-4.804727127536095,Q13155,Aminoacyl tRNA synthase complex-interacting multifunctional protein 2,AIMP2,n.s.
P62917,-0.0916607509774856,24.51838593416924,-0.9531891509166156,0.34484107086665705,0.9450328284389566,-4.804737626668993,P62917,60S ribosomal protein L8,RPL8,n.s.
Q02325,0.29152972662112475,21.23323846001134,0.9506810614665162,0.3461153313621137,0.9450328284389566,-4.806230225970689,Q02325,Plasminogen-related protein B,PLGLB1,n.s.
O14599;P47804,0.19224006368726165,21.28798386474424,0.9500822448303092,0.3464146960205253,0.9450328284389566,-4.806588510840678,O14599;P47804,Testis-specific basic protein Y 2;RPE-retinal G protein-coupled receptor,BPY2;RGR,n.s.
Q9BT78,0.15025632843416403,21.576773111998918,0.9498906550033193,0.34649897741978175,0.9450328284389566,-4.806708503545508,Q9BT78,COP9 signalosome complex subunit 4,COPS4,n.s.
Q6NUK1,-0.2097165035408537,23.252721427761884,-0.9479936136354917,0.3474689041881549,0.9450328284389566,-4.807832428256305,Q6NUK1,Calcium-binding mitochondrial carrier protein SCaMC-1,SLC25A24,n.s.
Q15149,0.18757128721508565,27.507556678895227,0.9467969270683886,0.34807274629163065,0.9450328284389566,-4.808544476560975,Q15149,Plectin,PLEC,n.s.
O14828,-0.24452793641822268,22.76198625726069,-0.9463949394114891,0.3482757411681484,0.9450328284389566,-4.8087834733492345,O14828,Secretory carrier-associated membrane protein 3,SCAMP3,n.s.
P20671;P0C0S8;Q9BTM1;Q96KK5;Q99878,0.14317887406195595,29.181403501982977,0.9416556121004928,0.3506748309293072,0.94887265270928145,-4.81159388003863,P20671;P0C0S8;Q9BTM1;Q96KK5;Q99878,Histone H2A type 1-D;Histone H2A type 1;Histone H2A.J;Histone H2A type 1-H;Histone H2A type 1-J,HIST1H2AD;HIST1H2AG;H2AFJ;HIST1H2AH;HIST1H2AJ,n.s.
Q8IZ83,-0.2033643857419385,21.137038054868892,-0.9355810984533702,0.35376552768400515,0.94887265270928145,-4.815176352645891,Q8IZ83,Aldehyde dehydrogenase family 16 member A1,ALDH16A1,n.s.
P20618,-0.2200042518798888,21.995016472637605,-0.933928633897789,0.35460935261395465,0.94887265270928145,-4.816147070525845,P20618,Proteasome subunit beta type-1,PSMB1,n.s.
P31943,0.08966612088400083,25.995701701219225,0.9333454941351358,0.3548936047703405,0.94887265270928145,-4.81649597193387,P31943,"Heterogeneous nuclear ribonucleoprotein H;Heterogeneous nuclear ribonucleoprotein H, N-terminally processed",HNRNPH1,n.s.
P62829,-0.10593684868423381,22.828571551932942,-0.9329563816305614,0.3550926082994904,0.94887265270928145,-4.816724178897646,P62829,60S ribosomal protein L23,RPL23,n.s.
O75534,0.14783016561917606,20.657462306624577,0.9323165284146508,0.3554200054494612,0.94887265270928145,-4.817099242762909,O75534,Cold shock domain-containing protein E1,CSDE1,n.s.
P21810,0.3284468082753058,24.61370414005927,0.9281922160854154,0.3575487708146874,0.94887265270928145,-4.8195041265753735,P21810,Biglycan,BGN,n.s.
P78371,0.13414409397617888,25.153620885594872,0.9258402233335954,0.3587585122328587,0.94887265270928145,-4.820874841576121,P78371,T-complex protein 1 subunit beta,CCT2,n.s.
P54727,0.22641326102040082,22.068685728658224,0.9256810359571087,0.35884048539772606,0.94887265270928145,-4.8209674940789435,P54727,UV excision repair protein RAD23 homolog B,RAD23B,n.s.
Q9UL25,0.3989352723747892,21.500147386267006,0.9231985217175562,0.360120417459297,0.94887265270928145,-4.822410431329952,Q9UL25,Ras-related protein Rab-21,RAB21,n.s.
P09651;Q32P51,-0.11012266148895122,26.62489880828345,-0.9231043859201001,0.36015533246480225,0.94887265270928145,-4.822471876700397,P09651;Q32P51,Heterogeneous nuclear ribonucleoprotein A1;Heterogeneous nuclear ribonucleoprotein A1-like 2,HNRNPA1;HNRNPA1L2,n.s.
P36578,-0.10670345899114153,25.24763715589415,-0.9228605456229765,0.36028122503916327,0.94887265270928145,-4.822613394354964,P36578,60S ribosomal protein L4,RPL4,n.s.
P53990,0.19145138939873974,20.40845362233296,0.9226684704035171,0.360394082300425,0.94887265270928145,-4.82271803850367,P53990,IST1 homolog,IST1,n.s.
Q13310,-0.13327029070072527,20.778613465099642,-0.9211707052477067,0.36115445522506695,0.94887265270928145,-4.823593144842802,Q13310,Polyadenylate-binding protein 4,PABPC4,n.s.
Q96QK1,-0.11300661338853146,23.084428851024768,-0.9208025749265196,0.3613448686718641,0.94887265270928145,-4.823806354830407,Q96QK1,Vacuolar protein sorting-associated protein 35,VPS35,n.s.
Q02543,-0.09518375621159691,23.316069469420036,-0.9205646701863522,0.3614679580690643,0.94887265270928145,-4.8239440987209,Q02543,60S ribosomal protein L18a,RPL18A,n.s.
Q15942,0.1466738434226258,20.607015444073745,0.9196283122720597,0.36195268236779377,0.94887265270928145,-4.824485907591584,Q15942,Zyxin,ZYX,n.s.
Q8NCW5,-0.1922732467304229,22.708524856130566,-0.9161717974847782,0.3637592099756246,0.94887265270928145,-4.826474554651991,Q8NCW5,NAD(P)H-hydrate epimerase,APOA1BP,n.s.
Q9BTV4,0.19728857169810254,21.837768071383586,0.9153363934353687,0.3641933926198607,0.94887265270928145,-4.826955760487757,Q9BTV4,Transmembrane protein 43,TMEM43,n.s.
Q09666,0.20889626941107764,27.820913895340844,0.9150354177118634,0.36434989968203113,0.94887265270928145,-4.827129024290486,Q09666,Neuroblast differentiation-associated protein AHNAK,AHNAK,n.s.
Q5JPE7;P69849;Q15155,0.0968899619350232,22.225107884459902,0.9132181407549202,0.3652822790376895,0.94887265270928145,-4.828180882709249,Q5JPE7;P69849;Q15155,Nodal modulator 2;Nodal modulator 3;Nodal modulator 1,NOMO2;NOMO3;NOMO1,n.s.
P62140,0.1302831627051475,21.084982568569625,0.913003904793302,0.3653938970589605,0.94887265270928145,-4.828303946209245,P62140,Serine/threonine-protein phosphatase PP1-beta catalytic subunit,PPP1CB,n.s.
O15371,-0.10114220862203638,21.42107956556293,-0.9127131272443137,0.36554542867272477,0.94887265270928145,-4.828470933252908,O15371,Eukaryotic translation initiation factor 3 subunit D,EIF3D,n.s.
P25787,0.12260223865453668,23.35962862987936,0.9118806137122522,0.3659794958696908,0.94887265270928145,-4.828948745549599,P25787,Proteasome subunit alpha type-2,PSMA2,n.s.
P07237,-0.16636411874239343,27.04155054140834,-0.9109034244610581,0.36650290271194785,0.94887265270928145,-4.829502189997375,P07237,Protein disulfide-isomerase,P4HB,n.s.
Q9Y512,-0.11894557435803677,20.73697658005458,-0.9069920931963577,0.3685350096134443,0.9503889874001594,-4.831746035612149,Q9Y512,Sorting and assembly machinery component 50 homolog,SAMM50,n.s.
Q15233,-0.1456391678918436,24.170891826985578,-0.906638643793368,0.36873363704282835,0.9503889874001594,-4.831940836049527,Q15233,Non-POU domain-containing octamer-binding protein,NONO,n.s.
P61619;Q9H9S3,0.11207149626301671,21.910474149123335,0.9058965830834639,0.36910925945803497,0.9503889874001594,-4.8323709288076016,P61619,Protein transport protein Sec61 subunit alpha isoform 1,SEC61A1,n.s.
P09669,-0.19097445455187412,22.377479557847963,-0.9041412545579522,0.3700439462095828,0.9510601240468513,-4.833363780682089,P09669,Cytochrome c oxidase subunit 6C,COX6C,n.s.
P53367,0.22927563357327685,21.84960135884498,0.9018751754827141,0.37123546551067066,0.9523877124282841,-4.834651677130782,P53367,Arfaptin-1,ARFIP1,n.s.
P46940,0.1513006556411831,26.316425518048796,0.899408729315684,0.3725351192606847,0.9535274867838959,-4.836049929757273,P46940,Ras GTPase-activating-like protein IQGAP1,IQGAP1,n.s.
O43175,0.38691136148326777,22.052567494059723,0.8972541391933552,0.37367281597658586,0.9535274867838959,-4.837268384783957,O43175,D-3-phosphoglycerate dehydrogenase,PHGDH,n.s.
O94776,-0.1174777434408334,21.077659827476104,-0.8971642028031946,0.37370708730793367,0.9535274867838959,-4.837326114518216,O94776,Metastasis-associated protein MTA2,MTA2,n.s.
Q66K74,0.17862777050414635,19.55439139560765,0.8954424391276956,0.37462041558000136,0.9541325024970793,-4.83829639415094,Q66K74,Microtubule-associated protein 1S;MAP1S heavy chain;MAP1S light chain,MAP1S,n.s.
P13796,0.35387944789380654,22.582957117008352,0.893900559897309,0.3754480154476507,0.9545173870209642,-4.8391593131287856,P13796,Plastin-2,LCP1,n.s.
Q9H223;Q9NZN3,0.16695940250574282,21.008178413828844,0.8888001084709268,0.37815498715664353,0.9590880840909712,-4.842023888457899,Q9H223,EH domain-containing protein 4,EHD4,n.s.
P06753,0.18137956985507842,24.112974965014416,0.8879608628272283,0.37860528904228985,0.9590880840909712,-4.842491767812935,P06753,Tropomyosin alpha-3 chain,TPM3,n.s.
O43684,-0.11073285568651059,22.05401608104344,-0.8836340719951106,0.38090271946335696,0.9631787404351194,-4.844912857441672,O43684,Mitotic checkpoint protein BUB3,BUB3,n.s.
Q9UBE0,0.15077175075242266,19.5555787874086,0.881731307983258,0.3819216282702431,0.9640275804817765,-4.845970919139816,Q9UBE0,SUMO-activating enzyme subunit 1,SAE1,n.s.
O60506,0.1458617971952414,24.300005913246704,0.8799545474730066,0.38288760478151684,0.9646560768708179,-4.846949955576631,O60506,Heterogeneous nuclear ribonucleoprotein Q,SYNCRIP,n.s.
P43490,-0.36644893388828237,20.01235314151794,-0.8787435833586777,0.38353795827393966,0.9646560768708179,-4.847620886341655,P43490,Nicotinamide phosphoribosyltransferase,NAMPT,n.s.
P08579,0.12468937111727385,19.8472749643919,0.8773325836389728,0.38428367115794393,0.9648118505406741,-4.848408514423537,P08579,U2 small nuclear ribonucleoprotein B,SNRPB2,n.s.
Q14157,-0.1915843924571945,22.17464017421181,-0.8673709595867684,0.3896795796130441,0.9755887463226377,-4.853878537756419,Q14157,Ubiquitin-associated protein 2-like,UBAP2L,n.s.
Q9Y277,0.23443809292709972,24.76412308375481,0.8652330582432445,0.3908409575915347,0.9755887463226377,-4.8550461444618564,Q9Y277,Voltage-dependent anion-selective channel protein 3,VDAC3,n.s.
P05026,0.24541673961554977,22.030062774038427,0.8646353303305881,0.39116604945818645,0.9755887463226377,-4.855372095732134,P05026,Sodium/potassium-transporting ATPase subunit beta-1,ATP1B1,n.s.
O43390,0.08564900751984084,25.375845278276334,0.8601911640072885,0.3935757627508194,0.9755887463226377,-4.857795793490527,O43390,Heterogeneous nuclear ribonucleoprotein R,HNRNPR,n.s.
Q8N6H7,-0.13889745660625863,20.86801000126317,-0.8586824893121562,0.39440024145708286,0.9755887463226377,-4.858613471044682,Q8N6H7,ADP-ribosylation factor GTPase-activating protein 2,ARFGAP2,n.s.
P32969,-0.07326195188701945,24.440713232260553,-0.8586381204262696,0.3944245049596917,0.9755887463226377,-4.858637497366591,P32969,60S ribosomal protein L9,RPL9,n.s.
P08238;Q58FF7,0.08824413933384534,28.60895042280896,0.8585100752188293,0.3944945327790541,0.9755887463226377,-4.858706828793931,P08238,Heat shock protein HSP 90-beta,HSP90AB1,n.s.
O14617,0.12655736662479455,20.490264429379785,0.8576689612172042,0.39495472964793077,0.9755887463226377,-4.8591620115037175,O14617,AP-3 complex subunit delta-1,AP3D1,n.s.
Q7Z406,0.2356448235624562,23.869549863067387,0.8564415483473862,0.39563948927602866,0.9755887463226377,-4.859818463083863,Q7Z406,Myosin-14,MYH14,n.s.
Q6UXG2,0.2503856680628509,22.83059120521825,0.8562882052489215,0.3957235097978602,0.9755887463226377,-4.859901286668232,Q6UXG2,UPF0577 protein KIAA1324,KIAA1324,n.s.
P05198,0.10928072216023565,21.851797708814633,0.8548990023746614,0.39647261009129575,0.9755887463226377,-4.860657985013437,P05198,Eukaryotic translation initiation factor 2 subunit 1,EIF2S1,n.s.
Q8N8S7,0.2602475512715685,20.939826901939004,0.8541921591721583,0.3968730973700879,0.9755887463226377,-4.861031970990096,Q8N8S7,Protein enabled homolog,ENAH,n.s.
Q13838,-0.09345828613844986,24.56434673957668,-0.8517409129411769,0.3982075904193896,0.9769081608918744,-4.862357893540881,Q13838,Spliceosome RNA helicase DDX39B,DDX39B,n.s.
Q7L1Q6,0.1674564683570985,20.553288462336468,0.8462624779084329,0.40124089647856065,0.9769081608918744,-4.865285394716485,Q7L1Q6,Basic leucine zipper and W2 domain-containing protein 1,BZW1,n.s.
P84103,0.09935330407801501,24.217364532634164,0.8452451888896094,0.4017909509655452,0.9769081608918744,-4.865835308639547,P84103,Serine/arginine-rich splicing factor 3,SRSF3,n.s.
P50454,0.1449733171383656,24.60234283162932,0.8440033674740113,0.4024906662340225,0.9769081608918744,-4.8664901728340855,P50454,Serpin H1,SERPINH1,n.s.
Q14108,-0.22798127205428997,22.613741854853476,-0.8418945248746191,0.40365946999606506,0.9769081608918744,-4.867612013693642,Q14108,Lysosome membrane protein 2,SCARB2,n.s.
P00167,-0.25099461007667756,24.997935340131175,-0.8418023169206291,0.4037106229432875,0.9769081608918744,-4.867661003852664,P00167,Cytochrome b5,CYB5A,n.s.
O94973,-0.12593877555962507,21.205682705666927,-0.8414741499110161,0.4038803434306768,0.9769081608918744,-4.867842327260366,O94973,AP-2 complex subunit alpha-2,AP2A2,n.s.
P21291,0.2634178258231117,20.853822901748206,0.8407348539379678,0.40430309541258813,0.9769081608918744,-4.868227771390854,P21291,Cysteine and glycine-rich protein 1,CSRP1,n.s.
P11717,-0.12944669310343926,20.912883391875933,-0.8384829993704468,0.40554237755716416,0.9769081608918744,-4.869428123877996,P11717,Cation-independent mannose-6-phosphate receptor,IGF2R,n.s.
P50895,0.25693815576308765,22.486648808522272,0.8383403894204969,0.4056340369767808,0.9769081608918744,-4.869496587151276,P50895,Basal cell adhesion molecule,BCAM,n.s.
P07911,-0.1658899890586305,20.678354371724307,-0.8374277507200615,0.40614202695047885,0.9769081608918744,-4.8699792721970905,P07911,"Uromodulin;Uromodulin, secreted form",UMOD,n.s.
P11021,0.1398409982328559,27.49628516957529,0.8361717776584295,0.4068417611538748,0.9769081608918744,-4.870642714576019,P11021,78 kDa glucose-regulated protein,HSPA5,n.s.
P55072,0.1455814324746605,26.269881435227965,0.8359387460624859,0.40697167025107517,0.9769081608918744,-4.8707657032342055,P55072,Transitional endoplasmic reticulum ATPase,VCP,n.s.
Q8NFF5,0.215554657093616,20.586338463561486,0.8354936429227856,0.4072198744913388,0.9769081608918744,-4.87100052647879,Q8NFF5,FAD synthase;Molybdenum cofactor biosynthesis protein-like region;FAD synthase region,FLAD1,n.s.
P28838,-0.21662727451968067,22.435755032503934,-0.8344627076529783,0.40779511464586393,0.9769081608918744,-4.871543954362505,P28838,Cytosol aminopeptidase,LAP3,n.s.
P49321,0.1923753623169837,20.822214588229905,0.8301537635194777,0.41020480227554446,0.9795945684227271,-4.873808286835875,P49321,Nuclear autoantigenic sperm protein,NASP,n.s.
P62854;Q5JNZ5,0.14792757044949667,22.801967812577292,0.8285423042875236,0.4111054251487213,0.9795945684227271,-4.874653799827065,P62854;Q5JNZ5,40S ribosomal protein S26;Putative 40S ribosomal protein S26-like 1,RPS26;RPS26P11,n.s.
P01876,-0.3516750321339721,21.94616526733027,-0.8277195296520056,0.41156993719564716,0.9795945684227271,-4.875082468840322,P01876,Ig alpha-1 chain C region,IGHA1,n.s.
P06748,-0.13076801001699678,25.4878062351163,-0.8274993788921436,0.4116935358431447,0.9795945684227271,-4.875197527171127,P06748,Nucleophosmin,NPM1,n.s.
P21926,-0.21162787269773986,23.790859264681586,-0.8200241538843683,0.4159037626355838,0.9798370132197967,-4.879086807691499,P21926,CD9 antigen,CD9,n.s.
O60716;Q9UQB3;Q99569,-0.18043177007190891,23.36747432814345,-0.8168163428449859,0.41771847020510566,0.9798370132197967,-4.880745350860781,O60716,Catenin delta-1,CTNND1,n.s.
P63220,-0.16631683251908314,21.428932031347003,-0.8166611967299044,0.417804716012247,0.9798370132197967,-4.880826365753575,P63220,40S ribosomal protein S21,RPS21,n.s.
Q9Y678,0.13702439093402674,24.576491317822928,0.8132612605793414,0.41973523111738,0.9798370132197967,-4.882576110699393,Q9Y678,Coatomer subunit gamma-1,COPG1,n.s.
Q8NFV4,-0.29398602495367143,21.393885391512164,-0.8082815491951686,0.4225700480692669,0.9798370132197967,-4.885127540607055,Q8NFV4,Abhydrolase domain-containing protein 11,ABHD11,n.s.
P68371,-0.10966293870456312,28.344811598305625,-0.8082111812610572,0.4226062988946945,0.9798370132197967,-4.88516577290286,P68371,Tubulin beta-4B chain,TUBB4B,n.s.
P02792,0.34488162720753834,22.0288424497517,0.8074672006331696,0.4230347304217522,0.9798370132197967,-4.885543343744066,P02792,Ferritin light chain,FTL,n.s.
P25205,0.2320560358557593,21.868417054845015,0.8070104613814427,0.42329548895940894,0.9798370132197967,-4.885776375692123,P25205,DNA replication licensing factor MCM3,MCM3,n.s.
O43615,-0.1375290465090231,20.2552126069424,-0.8068920155005699,0.4233531357956548,0.9798370132197967,-4.88584266728658,O43615,Mitochondrial import inner membrane translocase subunit TIM44,TIMM44,n.s.
Q14166,-0.23945374971248512,20.974686187813862,-0.8064446761072122,0.4236186374971399,0.9798370132197967,-4.886064867083766,Q14166,Tubulin--tyrosine ligase-like protein 12,TTLL12,n.s.
O15042,0.1370027410657535,20.00976682190694,0.8063889605713875,0.42364024899885466,0.9798370132197967,-4.886099282579592,O15042,U2 snRNP-associated SURP motif-containing protein,U2SURP,n.s.
P51572,0.1590322604545733,24.47728185660512,0.805950992868916,0.42390072619856767,0.9798370132197967,-4.886316434212671,P51572,B-cell receptor-associated protein 31,BCAP31,n.s.
Q14839;Q8TDI0,-0.09553899735149685,21.37058524387715,-0.8041925031706089,0.4248946876761852,0.9798370132197967,-4.887218234939792,Q14839,Chromodomain-helicase-DNA-binding protein 4,CHD4,n.s.
Q13409;O14576,0.14359864745899387,21.116711989088387,0.8035335405781048,0.4252741475455666,0.9798370132197967,-4.887551778400356,Q13409,Cytoplasmic dynein 1 intermediate chain 2,DYNC1I2,n.s.
Q9BUH6,0.18519391333265034,20.417272340728786,0.8034962088997806,0.4253050577509154,0.9798370132197967,-4.887565112232586,Q9BUH6,Uncharacterized protein C9orf142,C9orf142,n.s.
P08621,0.08212078193501071,22.866294153838496,0.8003630309216827,0.4270898516206245,0.9798370132197967,-4.889160440418196,P08621,U1 small nuclear ribonucleoprotein 70 kDa,SNRNP70,n.s.
Q7KZF4,0.10881222459425288,25.028844700537906,0.8003034022516636,0.4271330948383365,0.9798370132197967,-4.88918527700159,Q7KZF4,Staphylococcal nuclease domain-containing protein 1,SND1,n.s.
Q9H8H3,-0.21402309454185442,20.90836537083604,-0.7995587911419147,0.4275634013812415,0.9798370132197967,-4.889560272615979,Q9H8H3,Methyltransferase-like protein 7A,METTL7A,n.s.
Q96JB5,0.1393379559674095,20.91904730493569,0.7993217986972457,0.4276896743498281,0.9798370132197967,-4.889685917338911,Q96JB5,CDK5 regulatory subunit-associated protein 3,CDK5RAP3,n.s.
Q53GQ0,-0.24163514797961838,21.947949096341706,-0.797044682571299,0.4290091434543576,0.9798370132197967,-4.8908292584950335,Q53GQ0,Estradiol 17-beta-dehydrogenase 12,HSD17B12,n.s.
Q92499,0.10778532986429568,23.561544103539635,0.7935278762199945,0.4310265827764642,0.9798370132197967,-4.892603705968197,Q92499,ATP-dependent RNA helicase DDX1,DDX1,n.s.
Q9C005,-0.33013029585497833,17.669120835100923,-0.793438400231666,0.43108523703303914,0.9798370132197967,-4.8926444339624835,Q9C005,Protein dpy-30 homolog,DPY30,n.s.
O95674,0.12583939851978343,20.559548438633612,0.7923633667422485,0.4316973644546922,0.9798370132197967,-4.89318872183095,O95674,Phosphatidate cytidylyltransferase 2,CDS2,n.s.
Q5JTV8,0.14624760503777523,22.626313804212913,0.7914417716139072,0.4322389620226964,0.9798370132197967,-4.893644973215002,Q5JTV8,Torsin-1A-interacting protein 1,TOR1AIP1,n.s.
Q8NE35,-0.24761138821306616,20.401518266988507,-0.7910393399529013,0.4324743364318189,0.9798370132197967,-4.893844782674475,Q8NE35,Cytoplasmic polyadenylation element-binding protein 3,CPEB3,n.s.
P60953,0.13669116520531333,22.67617360165038,0.7909520343109101,0.4325220440509262,0.9798370132197967,-4.893890126425136,P60953,Cell division control protein 42 homolog,CDC42,n.s.
P01023;P20742,-0.1888436006084433,21.691830655662617,-0.7906414331005219,0.43270452345078425,0.9798370132197967,-4.894043808170705,P01023,Alpha-2-macroglobulin,A2M,n.s.
P07339,-0.2806696786370537,24.13219757217704,-0.7884691021132777,0.4339624912279969,0.9798370132197967,-4.895128658235436,P07339,Cathepsin D;Cathepsin D light chain;Cathepsin D heavy chain,CTSD,n.s.
P80303,0.22262617057650402,21.142477186185154,0.7864635973807679,0.4351257802814831,0.9798370132197967,-4.896127631286753,P80303,Nucleobindin-2,NUCB2,n.s.
Q9Y4L1,0.163059043924779,23.9808732047746,0.7814140111195702,0.43806296969355707,0.9798370132197967,-4.898631998742967,Q9Y4L1,Hypoxia up-regulated protein 1,HYOU1,n.s.
P50570;Q05193;Q9UQ16,0.11592256199837436,21.21237354477252,0.7799579337446011,0.4389007504907101,0.9798370132197967,-4.899358080905694,P50570,Dynamin-2,DNM2,n.s.
Q86VP6;O75155,0.1696592142805251,24.86470849364751,0.7788414330618424,0.43956385899087647,0.9798370132197967,-4.899901874335685,Q86VP6,Cullin-associated NEDD8-dissociated protein 1,CAND1,n.s.
P04083,0.19386784242295363,23.956536158974483,0.7773622163924848,0.44042823455035207,0.9798370132197967,-4.900630208194044,P04083,Annexin A1,ANXA1,n.s.
Q8WVQ1,-0.13304705923168925,20.577871899254625,-0.7744738081363685,0.44210941853591823,0.9798370132197967,-4.90205429656363,Q8WVQ1,Soluble calcium-activated nucleotidase 1,CANT1,n.s.
Q9UQ35,0.11548050681955857,23.076205937402396,0.7741203746890485,0.4423165666298099,0.9798370132197967,-4.90222749337001,Q9UQ35,Serine/arginine repetitive matrix protein 2,SRRM2,n.s.
Q96AE4,-0.1396171800464323,20.91740195041119,-0.7729747878087294,0.4429913598037981,0.9798370132197967,-4.9027865530331995,Q96AE4,Far upstream element-binding protein 1,FUBP1,n.s.
Q15046,0.15508596951243447,21.655703695746503,0.7722373091477478,0.4434279854237081,0.9798370132197967,-4.903144869096064,Q15046,Lysine--tRNA ligase,KARS,n.s.
Q9Y2R0,-0.14428977289597356,21.26032767537634,-0.7689078976236683,0.4453840190725552,0.9798370132197967,-4.904769409826853,Q9Y2R0,Coiled-coil domain-containing protein 56,CCDC56,n.s.
Q12907,0.1350738154611193,24.13754054333062,0.7685211085337001,0.4456153730628307,0.9798370132197967,-4.904955397509605,Q12907,Vesicular integral-membrane protein VIP36,LMAN2,n.s.
Q8N357,0.17936712882409367,19.833228252169572,0.7676714266056226,0.44611576681675935,0.9798370132197967,-4.905368547374255,Q8N357,Transmembrane protein C2orf18,C2orf18,n.s.
P67809;P16989;Q9Y2T7,0.14494802431174136,22.61230473124028,0.7668323745354724,0.4466102233222846,0.9798370132197967,-4.90577609370655,P67809,Nuclease-sensitive element-binding protein 1,YBX1,n.s.
P13797,0.238767669763714,20.664951491313854,0.7664739489380181,0.4468215426294322,0.9798370132197967,-4.905950057289157,P13797,Plastin-3,PLS3,n.s.
P09758,-0.2222744005074766,21.90008137479519,-0.7659993166755646,0.44710146469727063,0.9798370132197967,-4.906180300967009,P09758,Tumor-associated calcium signal transducer 2,TACSTD2,n.s.
P21399,-0.19034832515641398,21.833723601165524,-0.7647677328257684,0.4478282895980362,0.9798370132197967,-4.906777096107329,P21399,Cytoplasmic aconitate hydratase,ACO1,n.s.
Q9H8Y8,0.18959085096766515,21.375776417829258,0.7644504068469932,0.4480156728440291,0.9798370132197967,-4.906930713552025,Q9H8Y8,Golgi reassembly-stacking protein 2,GORASP2,n.s.
O75569,0.1190607027190893,20.91980623140547,0.7642640900545015,0.44811462778755573,0.9798370132197967,-4.907027633903498,O75569,Interferon-inducible double stranded RNA-dependent protein kinase activator A,PRKRA,n.s.
Q8IXI1;Q8IXI2,-0.11056881111915473,20.480124380792113,-0.7622422779405745,0.4493098027657466,0.9798370132197967,-4.908004697747172,Q8IXI1,Mitochondrial Rho GTPase 2,RHOT2,n.s.
Q96DG6,0.2341097720207017,21.636300819668786,0.7618221989750337,0.44956940875666274,0.9798370132197967,-4.908200651438945,Q96DG6,Carboxymethylenebutenolidase homolog,CMBL,n.s.
Q9HD45,-0.18712643920897776,21.998913181609357,-0.7613973732392864,0.4498208507208743,0.9798370132197967,-4.908405526967469,Q9HD45,Transmembrane 9 superfamily member 3,TM9SF3,n.s.
P20700,0.10501528184502007,26.179675784889618,0.7586793196673448,0.45142886488350487,0.9798370132197967,-4.909715332806134,P20700,Lamin-B1,LMNB1,n.s.
Q13232,0.2236676097421899,21.711078585582488,0.7566729067306098,0.4526226464000498,0.9798370132197967,-4.910676464663768,Q13232,Nucleoside diphosphate kinase 3,NME3,n.s.
P62873;P16520,0.09672868156172143,23.93762812972164,0.7552504355648703,0.4534589456422756,0.9798370132197967,-4.9113632009594435,P62873,Guanine nucleotide-binding protein G(I)/G(S)/G(T) subunit beta-1,GNB1,n.s.
P16615;O14983,0.1350957123885479,23.764477220888978,0.7541617950737807,0.45411595345448164,0.9798370132197967,-4.911877912681137,P16615,Sarcoplasmic/endoplasmic reticulum calcium ATPase 2,ATP2A2,n.s.
Q12805,-0.35621964932407124,19.906848834040638,-0.7523719169691184,0.45518209974179236,0.9798370132197967,-4.912731918221399,Q12805,EGF-containing fibulin-like extracellular matrix protein 1,EFEMP1,n.s.
P61106,0.10361355534475791,24.369785511471346,0.7521729708691867,0.45529805621280584,0.9798370132197967,-4.9128283374016775,P61106,Ras-related protein Rab-14,RAB14,n.s.
P49327,-0.32291567020030953,28.05489898669971,-0.7469508073179862,0.45842003120350017,0.9798370132197967,-4.915306474286425,P49327,Fatty acid synthase;[Acyl-carrier-protein] S-acetyltransferase;[Acyl-carrier-protein] S-malonyltransferase;3-oxoacyl-[acyl-carrier-protein] synthase;3-oxoacyl-[acyl-carrier-protein] reductase;3-hydroxypalmitoyl-[acyl-carrier-protein] dehydratase;Enoyl-[acyl-carrier-protein] reductase;Oleoyl-[acyl-carrier-protein] hydrolase,FASN,n.s.
Q93009,-0.1609160884481362,21.947553716652653,-0.7468760377132411,0.45846478245420474,0.9798370132197967,-4.915341856952971,Q93009,Ubiquitin carboxyl-terminal hydrolase 7,USP7,n.s.
Q00577,-0.1911896834812694,21.85292532959687,-0.7434761572291573,0.4605023464136463,0.9798370132197967,-4.916947122194543,Q00577,Transcriptional activator protein Pur-alpha,PURA,n.s.
Q96S52,-0.28854308216832436,18.63775100041595,-0.7426262247453752,0.4610125277554985,0.9798370132197967,-4.9173473091028415,Q96S52,GPI transamidase component PIG-S,PIGS,n.s.
O60613,0.17359887691437947,20.209018680111388,0.7424537949029382,0.4611160703098043,0.9798370132197967,-4.917428442660525,O60613,15 kDa selenoprotein,41532.0,n.s.
P40429;Q6NVV1,-0.06070662714718367,24.412595920394455,-0.7420151190558903,0.4613688342485941,0.9798370132197967,-4.917641384816859,P40429,60S ribosomal protein L13a,RPL13A,n.s.
Q1KMD3,-0.13338557945277074,22.901676493208306,-0.7391759648785657,0.46308691848294503,0.9798370132197967,-4.91896728105174,Q1KMD3,Heterogeneous nuclear ribonucleoprotein U-like protein 2,HNRNPUL2,n.s.
Q9BUJ2,0.1160677866643276,22.666162608206367,0.7363654533143602,0.46477035431803115,0.9798370132197967,-4.9202878149939115,Q9BUJ2,Heterogeneous nuclear ribonucleoprotein U-like protein 1,HNRNPUL1,n.s.
Q9UNF1;Q12816;Q9Y5V3,0.2852588972693155,22.11625465583828,0.736023555817054,0.4649869039769732,0.9798370132197967,-4.920440996078636,Q9UNF1,Melanoma-associated antigen D2,MAGED2,n.s.
P61204;P84077,0.1085018568392826,24.635956980609013,0.7335913338424163,0.46645586894238045,0.9798370132197967,-4.921573847726499,P61204;P84077,ADP-ribosylation factor 3;ADP-ribosylation factor 1,ARF3;ARF1,n.s.
P08107,-0.17547339538048234,28.05627272821205,-0.7326975056320353,0.4669963706117688,0.9798370132197967,-4.9219892484626575,P08107,Heat shock 70 kDa protein 1A/1B,HSPA1A,n.s.
Q9Y394,0.2678750069710816,21.607062741407194,0.7323290185114733,0.46721930030860714,0.9798370132197967,-4.922160357067457,Q9Y394,Dehydrogenase/reductase SDR family member 7,DHRS7,n.s.
Q96EX3,-0.16445335012481976,21.001061275663435,-0.7285847307532602,0.46948798274602066,0.9798370132197967,-4.923894286980972,Q96EX3,WD repeat-containing protein 34,WDR34,n.s.
P02794,0.2939106287782458,21.55674519895348,0.7279705107714567,0.46986073898805747,0.9798370132197967,-4.9241778988034515,P02794,Ferritin heavy chain,FTH1,n.s.
Q96I25,-0.06963967184249853,20.178932877640122,-0.7272994018802365,0.4702577401500433,0.9798370132197967,-4.924494021336318,Q96I25,Splicing factor 45,RBM17,n.s.
P60866,-0.07659564873319269,23.034438417188387,-0.7256535655972564,0.47125790945555246,0.9798370132197967,-4.925252134208453,P60866,40S ribosomal protein S20,RPS20,n.s.
P15170,-0.14372258590478282,20.577623296550428,-0.7250093877235919,0.47166013643444793,0.9798370132197967,-4.925541912183688,P15170,Eukaryotic peptide chain release factor GTP-binding subunit ERF3A,GSPT1,n.s.
P49207,-0.09268896915181912,22.848518780548112,-0.7248378651906986,0.4717540549074747,0.9798370132197967,-4.925627246682339,P49207,60S ribosomal protein L34,RPL34,n.s.
Q86SF2,0.24160588993230192,21.597243627567345,0.7234961254522401,0.47258121348341586,0.9798370132197967,-4.926236893840966,Q86SF2,N-acetylgalactosaminyltransferase 7,GALNT7,n.s.
P53992,0.14067230596411662,22.68202671672892,0.7234104808076091,0.4726333732404835,0.9798370132197967,-4.926276184804825,P53992,Protein transport protein Sec24C,SEC24C,n.s.
P40227;Q92526,0.09544710942934032,25.02819999663511,0.7221967761103231,0.47337038567865763,0.9798370132197967,-4.926834072758386,P40227,T-complex protein 1 subunit zeta,CCT6A,n.s.
Q6P1A2,-0.17292837116132276,20.95120159239702,-0.718966447114685,0.47534437253741535,0.9798370132197967,-4.928308751110316,Q6P1A2,Lysophospholipid acyltransferase 5,LPCAT3,n.s.
O75368,-0.26301827792232757,21.05130322904005,-0.715859175339086,0.4772451075453008,0.9798370132197967,-4.92972268116299,O75368,SH3 domain-binding glutamic acid-rich-like protein,SH3BGRL,n.s.
P15311,0.13406520364573282,25.71656910741739,0.7106349688237625,0.48045040666114036,0.9798370132197967,-4.932086459201413,P15311,Ezrin,EZR,n.s.
P11532,-0.14092761288776856,23.886084460769485,-0.7086798060099178,0.48165308866385736,0.9798370132197967,-4.9329667686838805,P11532,Dystrophin,DMD,n.s.
Q15717;P26378;Q12926,-0.06992281967859526,23.885237562979434,-0.7074856193065101,0.48237835662666584,0.9798370132197967,-4.933509638485156,Q15717,ELAV-like protein 1,ELAVL1,n.s.
Q8TE77,-0.24087156538086063,20.404594305383394,-0.7067246114978334,0.48285747342416463,0.9798370132197967,-4.933844729903462,Q8TE77,Protein phosphatase Slingshot homolog 3,SSH3,n.s.
P23526,0.16403539468115724,23.03916417552741,0.7051623711600262,0.48382100977169185,0.9798370132197967,-4.934544540469238,P23526,Adenosylhomocysteinase,AHCY,n.s.
P10599,0.24625912101561198,21.718078123081714,0.7051329392843453,0.4838391726377108,0.9798370132197967,-4.934557710091614,P10599,Thioredoxin,TXN,n.s.
O15372,-0.09905333518702619,20.79036469384968,-0.7049986688791384,0.4839119372971402,0.9798370132197967,-4.934624114049461,O15372,Eukaryotic translation initiation factor 3 subunit H,EIF3H,n.s.
P28288,0.2118026274017275,22.809992061529396,0.7032663365688352,0.4849918590676746,0.9798370132197967,-4.935391848246814,P28288,ATP-binding cassette sub-family D member 3,ABCD3,n.s.
Q92621,-0.0727036479399139,20.12749946906105,-0.7005031859563958,0.4866909721722885,0.9798370132197967,-4.936628967100005,Q92621,Nuclear pore complex protein Nup205,NUP205,n.s.
Q00796,0.20683306621255326,23.667220551238632,0.6996190558111637,0.4872485803402473,0.9798370132197967,-4.937015508439805,Q00796,Sorbitol dehydrogenase,SORD,n.s.
P20591,-0.47058752115583147,21.651903588727244,-0.6995407510314279,0.4872970945843459,0.9798370132197967,-4.937050277157082,P20591,"Interferon-induced GTP-binding protein Mx1;Interferon-induced GTP-binding protein Mx1, N-terminally processed",MX1,n.s.
Q9UHL4,-0.2172782524777368,21.041124441570247,-0.698958694353346,0.48765779573558454,0.9798370132197967,-4.937308601796626,Q9UHL4,Dipeptidyl peptidase 2,DPP7,n.s.
Q9Y5K6,0.11195403158541595,19.948798037356443,0.6962878634014654,0.4893048561180722,0.9798370132197967,-4.9384975195215715,Q9Y5K6,CD2-associated protein,CD2AP,n.s.
Q6UW68,-0.20287141002858178,22.398101124697266,-0.6932680067875837,0.4911921185502959,0.9798370132197967,-4.939823161657012,Q6UW68,Transmembrane protein 205,TMEM205,n.s.
Q8TC12,0.1443767801662652,20.782891127915804,0.692168229726005,0.4918767870338131,0.9798370132197967,-4.940306811978696,Q8TC12,Retinol dehydrogenase 11,RDH11,n.s.
A0MZ66,-0.19528210136800084,21.468508416121413,-0.6918759904110663,0.492058809782733,0.9798370132197967,-4.940435204494209,A0MZ66,Shootin-1,KIAA1598,n.s.
Q13595,0.09655100317295862,21.144970196360287,0.6905420475025652,0.49288027477018803,0.9798370132197967,-4.941026790922896,Q13595,Transformer-2 protein homolog alpha,TRA2A,n.s.
Q9UMX0;Q9NRR5,0.11542227499756308,22.099384115832983,0.6901034516603457,0.493153787932633,0.9798370132197967,-4.941219018270812,Q9UMX0;Q9NRR5,Ubiquilin-1;Ubiquilin-4,UBQLN1;UBQLN4,n.s.
P29966,0.30857075604482276,20.48197206373731,0.6899925949346251,0.493232783593907,0.9798370132197967,-4.94126138747012,P29966,Myristoylated alanine-rich C-kinase substrate,MARCKS,n.s.
Q10471,-0.16890890612591036,21.05068687837305,-0.6879195989199861,0.4945267230153092,0.9798370132197967,-4.942168202311831,Q10471,Polypeptide N-acetylgalactosaminyltransferase 2;Polypeptide N-acetylgalactosaminyltransferase 2 soluble form,GALNT2,n.s.
P51659,0.17118462594157435,24.763704289549754,0.6876461483643415,0.49469754688081813,0.9798370132197967,-4.942287622269402,P51659,Peroxisomal multifunctional enzyme type 2;(3R)-hydroxyacyl-CoA dehydrogenase;Enoyl-CoA hydratase 2,HSD17B4,n.s.
P17987,0.10224833314610038,25.06381552807563,0.6873314124782878,0.4948942017472926,0.9798370132197967,-4.942425014812846,P17987,T-complex protein 1 subunit alpha,TCP1,n.s.
P43246,0.15768179518872927,20.700378417764785,0.6872611582419782,0.4949381042207792,0.9798370132197967,-4.942455674715313,P43246,DNA mismatch repair protein Msh2,MSH2,n.s.
O15254,0.23243624838623234,21.890716283717722,0.6860708494080969,0.49568226372541146,0.9798370132197967,-4.942974676885843,O15254,Peroxisomal acyl-coenzyme A oxidase 3,ACOX3,n.s.
P17655,-0.23401336755426883,22.577976316070618,-0.6849280062659167,0.496397326330286,0.9798370132197967,-4.943472156926924,P17655,Calpain-2 catalytic subunit,CAPN2,n.s.
P00491,0.1974885574400993,20.117850676157662,0.6833720492212804,0.49737177817532285,0.9798370132197967,-4.944148164611086,P00491,Purine nucleoside phosphorylase,PNP,n.s.
P30047,0.14628184193293592,24.294285760237518,0.682596788411999,0.49785769298367655,0.9798370132197967,-4.9444844277007425,P30047,GTP cyclohydrolase 1 feedback regulatory protein,GCHFR,n.s.
Q12904,-0.09985742172861123,21.738467439623005,-0.6818783420400784,0.4982985136074658,0.9798370132197967,-4.944801838671454,Q12904,Aminoacyl tRNA synthase complex-interacting multifunctional protein 1;Endothelial monocyte-activating polypeptide 2,AIMP1,n.s.
Q9NUQ9;Q9H0Q0,0.1804126717233565,22.35582709382586,0.6806566395370532,0.49907486988204475,0.9798370132197967,-4.945324318880041,Q9NUQ9,Protein FAM49B,FAM49B,n.s.
P05455,0.08240573733830914,23.243318322673947,0.6790725204474912,0.500060222314961,0.9798370132197967,-4.946014451012264,P05455,Lupus La protein,SSB,n.s.
O95786,-0.14552256303055344,21.019338171165252,-0.6787181159824109,0.5002926497928668,0.9798370132197967,-4.94616117594023,O95786,Probable ATP-dependent RNA helicase DDX58,DDX58,n.s.
Q6NXG1,-0.10833892915347576,20.881225606482328,-0.6761816310243396,0.5018788928545428,0.9798370132197967,-4.947258722060392,Q6NXG1,Epithelial splicing regulatory protein 1,ESRP1,n.s.
O95716,0.16580277351294725,22.25998087108872,0.6757876029791924,0.5021366712598039,0.9798370132197967,-4.947421849281415,O95716,Ras-related protein Rab-3D,RAB3D,n.s.
P13056,-0.11036147024209697,23.590661086571984,-0.6757079192738588,0.5021868637383025,0.9798370132197967,-4.947456053926679,P13056,Nuclear receptor subfamily 2 group C member 1,NR2C1,n.s.
Q2TAY7,-0.06478533441648082,20.300360076463544,-0.6739325751946219,0.5032962699076368,0.9798370132197967,-4.948223155862272,Q2TAY7,WD40 repeat-containing protein SMU1,SMU1,n.s.
Q8NBX0,-0.18174104510266886,22.888879318508277,-0.6735299704706621,0.5035598024118688,0.9798370132197967,-4.948389424821466,Q8NBX0,Saccharopine dehydrogenase-like oxidoreductase,SCCPDH,n.s.
O43813,-0.1063200851126389,20.256708440362633,-0.6724940780723051,0.5042039640427074,0.9798370132197967,-4.948838362772503,O43813,LanC-like protein 1,LANCL1,n.s.
Q8TB61,-0.12451000959658742,20.056277290358143,-0.6718368182042171,0.5046262291033223,0.9798370132197967,-4.949114460004719,Q8TB61,Adenosine 3-phospho 5-phosphosulfate transporter 1,SLC35B2,n.s.
P13473,-0.1705858975609864,22.127052013078046,-0.6688218278719829,0.5065346825545356,0.9798370132197967,-4.950397065520783,P13473,Lysosome-associated membrane glycoprotein 2,LAMP2,n.s.
Q15758,-0.23269256644971748,20.428842866608633,-0.6686682241309234,0.5066318982771805,0.9798370132197967,-4.950462333327834,Q15758,Neutral amino acid transporter B(0),SLC1A5,n.s.
P12109,-0.15479947136856964,25.18903864509407,-0.6681400191723672,0.5069662758981548,0.9798370132197967,-4.950686661270667,P12109,Collagen alpha-1(VI) chain,COL6A1,n.s.
Q14254,-0.10934365322202666,21.27471129125745,-0.665395055645509,0.5086964380660743,0.9798370132197967,-4.951855618832966,Q14254,Flotillin-2,FLOT2,n.s.
Q92688,-0.12968478792426197,19.80052425344617,-0.6633483149315981,0.5100028051950259,0.9798370132197967,-4.95271521790964,Q92688,Acidic leucine-rich nuclear phosphoprotein 32 family member B,ANP32B,n.s.
B9A064;P0CG04,-0.19507977460755654,22.647645519762555,-0.6622739169115511,0.5106877892726661,0.9798370132197967,-4.953166343229246,B9A064;P0CG04,Immunoglobulin lambda-like polypeptide 5;Ig lambda-1 chain C regions,IGLL5;IGLC1,n.s.
Q9UHG3,-0.1386406415008068,22.65699592433881,-0.6619890214692932,0.5108689030926865,0.9798370132197967,-4.953286228334864,Q9UHG3,Prenylcysteine oxidase 1,PCYOX1,n.s.
Q14677,-0.09330257335383507,21.103757256021638,-0.6618459348142438,0.5109504949256061,0.9798370132197967,-4.953352349224319,Q14677,Clathrin interactor 1,CLINT1,n.s.
Q8IXQ6,0.16493900609682655,20.301847238281695,0.6603646930616551,0.5119021809492088,0.9798370132197967,-4.953968788851239,Q8IXQ6,Poly [ADP-ribose] polymerase 9,PARP9,n.s.
P27348,0.14181805146638027,24.05508141665188,0.6597443747499588,0.5122970774866293,0.9798370132197967,-4.954229020886316,P27348,14-3-3 protein theta,YWHAQ,n.s.
Q92664,0.2653640260258179,18.447619855280653,0.659564952012812,0.5124113290145693,0.9798370132197967,-4.954304246610952,Q92664,Transcription factor IIIA,GTF3A,n.s.
P62899,-0.07463010212998,23.37515795476966,-0.6553600338487944,0.5150835382473453,0.9798370132197967,-4.956067357701977,P62899,60S ribosomal protein L31,RPL31,n.s.
P31948,-0.11838678585441542,23.02986474695532,-0.6553582430954575,0.5150939589006776,0.9798370132197967,-4.956062241099654,P31948,Stress-induced-phosphoprotein 1,STIP1,n.s.
Q8N1G4,0.10969810675598168,22.4188712942293,0.6552502424783009,0.5151541632841374,0.9798370132197967,-4.956112770061418,Q8N1G4,Leucine-rich repeat-containing protein 47,LRRC47,n.s.
P51570,-0.15050266333870965,20.87997751074759,-0.6543598621058538,0.5157317293182657,0.9798370132197967,-4.956477852259119,P51570,Galactokinase,GALK1,n.s.
Q15020,0.07638511126096148,20.712792124125084,0.654187391874642,0.5158326890627261,0.9798370132197967,-4.9565554368657905,Q15020,Squamous cell carcinoma antigen recognized by T-cells 3,SART3,n.s.
Q9NVI7;Q5T2N8,-0.13712087795179428,21.425339127072032,-0.6537182125058025,0.5161418404738699,0.9798370132197967,-4.9567446343777,Q9NVI7,ATPase family AAA domain-containing protein 3A,ATAD3A,n.s.
P07099,-0.22189304061623716,24.094835004365773,-0.6529514807673493,0.5166321261081903,0.9798370132197967,-4.957063086921332,P07099,Epoxide hydrolase 1,EPHX1,n.s.
P00918,0.5234714061802705,20.50323610002312,0.6515629801290735,0.5175206326195687,0.9798370132197967,-4.9576388532234406,P00918,Carbonic anhydrase 2,CA2,n.s.
Q99436,-0.15068921620901676,20.56824274762528,-0.6503112499777977,0.5183223159921271,0.9798370132197967,-4.958156877759636,Q99436,Proteasome subunit beta type-7,PSMB7,n.s.
Q12906;Q96SI9,-0.05874822557057513,25.168936495837833,-0.6483340918267068,0.5195807902158371,0.9798370132197967,-4.958978923110402,Q12906,Interleukin enhancer-binding factor 3,ILF3,n.s.
Q99714,0.16923646793130231,23.582893378280346,0.6470255987194969,0.52042978282737,0.9798370132197967,-4.959511998207285,Q99714,3-hydroxyacyl-CoA dehydrogenase type-2,HSD17B10,n.s.
Q92974,0.26723775999207433,18.10623581898398,0.6469075673672903,0.5205055743829261,0.9798370132197967,-4.959560553626242,Q92974,Rho guanine nucleotide exchange factor 2,ARHGEF2,n.s.
Q15637,0.09252865585094128,20.367979756378165,0.6460367137828098,0.5210558337343197,0.9798370132197967,-4.959924300866293,Q15637,Splicing factor 1,SF1,n.s.
P39019,-0.15687645824633734,21.531953421518814,-0.6427734364683729,0.5231639138254084,0.9798370132197967,-4.961255772623256,P39019,40S ribosomal protein S19,RPS19,n.s.
P20042;A6NK07,0.07576828778464417,20.778032201043196,0.6426154531442506,0.5232565757952914,0.9798370132197967,-4.961326072946421,P20042;A6NK07,Eukaryotic translation initiation factor 2 subunit 2,EIF2S2,n.s.
Q96HR9,-0.23681347401156216,22.68904556278045,-0.6416120667909911,0.5239119886135758,0.9798370132197967,-4.961730083942028,Q96HR9,Receptor expression-enhancing protein 6,REEP6,n.s.
P50991,0.08605497633731574,24.080135606355764,0.6407829992193197,0.5244434237385199,0.9798370132197967,-4.962070023891282,P50991,T-complex protein 1 subunit delta,CCT4,n.s.
Q9P1F3,0.21717312744154782,20.530155190363658,0.6405384804589418,0.5246040209088335,0.9798370132197967,-4.962167797216818,Q9P1F3,Costars family protein ABRACL,ABRACL,n.s.
Q5T4S7,0.09379426976492056,20.623802498501355,0.6400393238980412,0.5249169160031993,0.9798370132197967,-4.962376766705734,Q5T4S7,E3 ubiquitin-protein ligase UBR4,UBR4,n.s.
O14980,0.07329458126245925,23.450822886698717,0.6400202375802612,0.5249292276659432,0.9798370132197967,-4.962384535787425,O14980,Exportin-1,XPO1,n.s.
O95336,0.1073520265249499,23.9132026181115,0.6388081557222061,0.5257203987945656,0.9798370132197967,-4.962871760061879,O95336,6-phosphogluconolactonase,PGLS,n.s.
O15355,0.12260800523306159,26.120253236627015,0.6379912505643061,0.5262478869150297,0.9798370132197967,-4.963203460843417,O15355,Protein phosphatase 1G,PPM1G,n.s.
O60762,-0.1607611484040703,20.97731788815323,-0.637827101016202,0.5263539143395277,0.9798370132197967,-4.963270062917919,O60762,Dolichol-phosphate mannosyltransferase,DPM1,n.s.
Q7Z5L9,0.12394689319792462,20.77522209990599,0.6366335768877168,0.5271231175813775,0.9798370132197967,-4.963755117276538,Q7Z5L9,Interferon regulatory factor 2-binding protein 2,IRF2BP2,n.s.
P46781,-0.05576636566140536,25.431614725648917,-0.6314443151317103,0.5304764866309183,0.9798370132197967,-4.965852412568692,P46781,40S ribosomal protein S9,RPS9,n.s.
P18077,-0.07268505150855731,23.15926356140271,-0.6306007571792972,0.5310237840496737,0.9798370132197967,-4.96619105031685,P18077,60S ribosomal protein L35a,RPL35A,n.s.
P47897,0.09119608475624119,22.85486563373313,0.6263656462801377,0.5337759553740377,0.9798370132197967,-4.967884490306591,P47897,Glutamine--tRNA ligase,QARS,n.s.
Q8N684,0.12853164647487247,20.940934949224527,0.6256974923818626,0.534219617737502,0.9798370132197967,-4.968145089545445,Q8N684,Cleavage and polyadenylation specificity factor subunit 7,CPSF7,n.s.
O75943,0.08386080935962781,23.34479216435239,0.6247723909131613,0.5348132422098361,0.9798370132197967,-4.968518670904128,O75943,Cell cycle checkpoint protein RAD17,RAD17,n.s.
P00751,-0.17491318529845756,20.53902655783545,-0.6236835828196682,0.5355314663842763,0.9798370132197967,-4.9689456269680745,P00751,Complement factor B;Complement factor B Ba fragment;Complement factor B Bb fragment,CFB,n.s.
Q9H993,0.31862140771232106,22.75265586038424,0.6231621439936089,0.535871400462179,0.9798370132197967,-4.969152488925616,Q9H993,UPF0364 protein C6orf211,C6orf211,n.s.
Q9Y5B9,-0.12134183721991931,22.648768388158917,-0.6231271231418518,0.5358942351053433,0.9798370132197967,-4.969166376103605,Q9Y5B9,FACT complex subunit SPT16,SUPT16H,n.s.
P22307,0.16235481938387153,21.715392026643748,0.6222826177145042,0.5364450305080348,0.9798370132197967,-4.969501024925835,P22307,Non-specific lipid-transfer protein,SCP2,n.s.
P60900,0.07137696402031324,23.05784623267734,0.6222258445528004,0.5364733369977993,0.9798370132197967,-4.969529013609462,P60900,Proteasome subunit alpha type-6,PSMA6,n.s.
P13489,-0.11065787335205002,23.43653182963641,-0.6209246384755883,0.5373313330118299,0.9798370132197967,-4.970038213370136,P13489,Ribonuclease inhibitor,RNH1,n.s.
Q00341,0.10052855481315248,24.083877329963084,0.6195477217153755,0.5382307675442832,0.9798370132197967,-4.970581718764708,Q00341,Vigilin,HDLBP,n.s.
P68104;Q5VTE0,0.08703794340718574,27.64724956744998,0.6191967077167638,0.5384580802050041,0.9798370132197967,-4.970721409335361,P68104;Q5VTE0,Elongation factor 1-alpha 1;Putative elongation factor 1-alpha-like 3,EEF1A1;EEF1A1P5,n.s.
O60784,-0.2711974096079075,18.89066755868798,-0.6182648363220531,0.5390694773905522,0.9798370132197967,-4.971087043256985,O60784,Target of Myb protein 1,TOM1,n.s.
P84098,-0.06790982803740064,23.354135571961862,-0.6169371310660451,0.5399295524413354,0.9798370132197967,-4.971614389026846,P84098,60S ribosomal protein L19,RPL19,n.s.
Q92544,0.08809417356235016,22.63167741276646,0.6156168069878818,0.5407941793026654,0.9798370132197967,-4.972132279693743,Q92544,Transmembrane 9 superfamily member 4,TM9SF4,n.s.
Q92841,-0.06574111186829157,24.287367490680772,-0.6139298543904055,0.541899931209646,0.9798370132197967,-4.9727923956609015,Q92841,Probable ATP-dependent RNA helicase DDX17,DDX17,n.s.
P36959,0.1185810262194309,21.095153100996534,0.6129601183887797,0.542542594862135,0.9798370132197967,-4.97316696110163,P36959,GMP reductase 1,GMPR,n.s.
Q9NRV9,-0.3083786386601979,20.617309620721283,-0.6120755659940226,0.543125270690896,0.9798370132197967,-4.973510549051488,Q9NRV9,Heme-binding protein 1,HEBP1,n.s.
Q92734,0.11943705068110333,21.928397161501074,0.6102112130324893,0.5443479606955919,0.9798370132197967,-4.974237180563655,Q92734,Protein TFG,TFG,n.s.
P55735,-0.09964147153132785,22.325061034590004,-0.6088403389102843,0.5452429878746017,0.9798370132197967,-4.974773193311011,P55735,Protein SEC13 homolog,SEC13,n.s.
Q71U36;Q13748;Q6PEY2,0.17848818070993033,22.114340087853325,0.6086443151284848,0.5453804668745635,0.9798370132197967,-4.974843806917577,Q71U36;Q13748;Q6PEY2,Tubulin alpha-1A chain;Tubulin alpha-3C/D chain;Tubulin alpha-3E chain,TUBA1A;TUBA3C;TUBA3E,n.s.
P00403,-0.12291783546254464,23.471293739754003,-0.6067047630611718,0.5466573527860118,0.9798370132197967,-4.9755941932883765,P00403,Cytochrome c oxidase subunit 2,MT-CO2,n.s.
P12273,-0.33288217393753783,21.343319770965174,-0.6061218804936459,0.5470413855029932,0.9798370132197967,-4.975819243527418,P12273,Prolactin-inducible protein,PIP,n.s.
B7ZAQ6;P0CG08;A6NKF9,0.10589064198131837,20.552383141987754,0.6051778036722543,0.5476578329524743,0.9798370132197967,-4.976186977350955,B7ZAQ6;P0CG08;A6NKF9,Golgi pH regulator A;Golgi pH regulator B;Putative Golgi pH regulator C,GPR89A;GPR89B;GPR89C,n.s.
P11488,-0.2328124761960595,22.481522195513538,-0.6048970304858258,0.5478488264382821,0.9798370132197967,-4.976291465106226,P11488,Guanine nucleotide-binding protein G(t) subunit alpha-1,GNAT1,n.s.
P18440,-0.2890251006244071,23.846547467889206,-0.6039281773452586,0.5484879391259668,0.9798370132197967,-4.97666432732149,P18440,Arylamine N-acetyltransferase 1,NAT1,n.s.
P30086,0.16702625311678787,21.99257005550736,0.6034426326037925,0.5488083755000466,0.9798370132197967,-4.976850968179493,P30086,Phosphatidylethanolamine-binding protein 1;Hippocampal cholinergic neurostimulating peptide,PEBP1,n.s.
P31949,-0.1425412348007491,20.895477602321872,-0.6028974685222807,0.5491682710409642,0.9798370132197967,-4.977060350875304,P31949,Protein S100-A11,S100A11,n.s.
Q15366;P57721,0.11420473388215768,22.460101138314432,0.602707848877301,0.5492914413394558,0.9798370132197967,-4.977134414812589,Q15366,Poly(rC)-binding protein 2,PCBP2,n.s.
P26640,0.15798019396154572,23.59887119863361,0.6019790182433825,0.5497748659514854,0.9798370132197967,-4.977412682710039,P26640,Valine--tRNA ligase,VARS,n.s.
Q06830,0.12769582164857596,26.033008707340553,0.6013435694136896,0.5501947499202285,0.9798370132197967,-4.977656142295687,Q06830,Peroxiredoxin-1,PRDX1,n.s.
P08754;P63096;P19087;P38405;A8MTJ3,-0.08548631402344498,21.320262867844633,-0.5969957605074846,0.5530636720643956,0.9798370132197967,-4.979320367723629,P08754,Guanine nucleotide-binding protein G(k) subunit alpha,GNAI3,n.s.
Q13263,-0.10215350796748979,25.76429176323034,-0.5935333735394349,0.5553687065825295,0.9798370132197967,-4.980627850048372,Q13263,Transcription intermediary factor 1-beta,TRIM28,n.s.
P83731,-0.08069360740888953,21.694212993350522,-0.5913719962790309,0.5567966147779083,0.9798370132197967,-4.981448649729321,P83731,60S ribosomal protein L24,RPL24,n.s.
Q9UKM9,0.08568599959923162,23.19915877348469,0.5903851937673262,0.5574541911878849,0.9798370132197967,-4.9818192734699505,Q9UKM9,RNA-binding protein Raly,RALY,n.s.
Q6NZI2,-0.1855380638578481,20.705101477093724,-0.5890168691923158,0.5583718364313576,0.9798370132197967,-4.98232893312093,Q6NZI2,Polymerase I and transcript release factor,PTRF,n.s.
P21964,-0.2092076989598084,20.2830702921555,-0.5886009630630911,0.5586487900125116,0.9798370132197967,-4.9824849372050295,P21964,Catechol O-methyltransferase,COMT,n.s.
P09972,-0.20635493887119694,22.385401322774786,-0.5862302394354265,0.5602287744115261,0.9798370132197967,-4.983372115872076,P09972,Fructose-bisphosphate aldolase C,ALDOC,n.s.
Q16891,0.05533470176788313,24.76589222713807,0.5858601932785018,0.5604674548633495,0.9798370132197967,-4.983515365937413,Q16891,Mitochondrial inner membrane protein,IMMT,n.s.
Q9UMS4,-0.06536617518520416,23.21706313435504,-0.5843583918929001,0.5614697356935825,0.9798370132197967,-4.984075188941464,Q9UMS4,Pre-mRNA-processing factor 19,PRPF19,n.s.
P11172,0.08804757372973171,22.64065392173258,0.5836566036656501,0.5619384046667675,0.9798370132197967,-4.984336308973815,P11172,Uridine 5-monophosphate synthase;Orotate phosphoribosyltransferase;Orotidine 5-phosphate decarboxylase,UMPS,n.s.
Q14257,0.1460986820906527,20.313241540569305,0.5830993671249945,0.5623187729276269,0.9798370132197967,-4.984538370124926,Q14257,Reticulocalbin-2,RCN2,n.s.
Q08J23,0.13124424633565113,21.65466416735367,0.5829542564445352,0.5624157347163211,0.9798370132197967,-4.984592275289902,Q08J23,tRNA (cytosine(34)-C(5))-methyltransferase,NSUN2,n.s.
Q9Y2Q3,-0.16979910787645025,22.332896973946703,-0.5826267473915218,0.5626346041514994,0.9798370132197967,-4.9847138886664135,Q9Y2Q3,Glutathione S-transferase kappa 1,GSTK1,n.s.
Q99460,-0.07072646715677422,22.862698259946775,-0.5804468801953135,0.5640844010864645,0.9798370132197967,-4.985526647362778,Q99460,26S proteasome non-ATPase regulatory subunit 1,PSMD1,n.s.
P34820,-0.14836049909617088,22.460592190320753,-0.5800033544263288,0.5643893034597931,0.9798370132197967,-4.985685605639492,P34820,Bone morphogenetic protein 8B,BMP8B,n.s.
P26641,-0.0905190006882215,25.072186513029393,-0.5798226392391748,0.5645102774636281,0.9798370132197967,-4.985752384760313,P26641,Elongation factor 1-gamma,EEF1G,n.s.
Q8IWE2,0.08604562185466946,21.382867834124905,0.5798062370983346,0.5645132156729925,0.9798370132197967,-4.985763460199088,Q8IWE2,Protein NOXP20,FAM114A1,n.s.
Q9BUP0,-0.16081603629449504,20.591266229468268,-0.5795606879364483,0.5646856551743664,0.9798370132197967,-4.985849146508795,Q9BUP0,EF-hand domain-containing protein D1,EFHD1,n.s.
O43865;Q96HN2,0.10658870798076592,20.695272019416336,0.5791722802927315,0.5649438009188587,0.9798370132197967,-4.985993753169068,O43865;Q96HN2,Putative adenosylhomocysteinase 2;Putative adenosylhomocysteinase 3,AHCYL1;AHCYL2,n.s.
Q5SSJ5,0.11942082855469138,23.2283370873527,0.5779615669103083,0.5657568591066515,0.9798370132197967,-4.986438911373382,Q5SSJ5,Heterochromatin protein 1-binding protein 3,HP1BP3,n.s.
Q8N163,-0.12342693521553372,23.44137747752627,-0.5773246414752204,0.5661837960345975,0.9798370132197967,-4.986673367152626,Q8N163,DBIRD complex subunit KIAA1967,KIAA1967,n.s.
P55957,-0.09382891628668233,21.893629109906794,-0.5771014550481984,0.5663254388646735,0.9798370132197967,-4.986760446147367,P55957,BH3-interacting domain death agonist;BH3-interacting domain death agonist p15;BH3-interacting domain death agonist p13;BH3-interacting domain death agonist p11,BID,n.s.
Q16630,0.0696530961597901,22.093917175677962,0.5759408510904144,0.5671039311802737,0.9798370132197967,-4.987186841425211,Q16630,Cleavage and polyadenylation specificity factor subunit 6,CPSF6,n.s.
Q03518,0.1934056054389366,20.55808108146918,0.5750212999306012,0.5677290732227134,0.9798370132197967,-4.987519119175768,Q03518,Antigen peptide transporter 1,TAP1,n.s.
A0AVT1,0.0955913247017861,20.825420609379016,0.5728081995271468,0.5692078331691777,0.9798370132197967,-4.988333536722834,A0AVT1,Ubiquitin-like modifier-activating enzyme 6,UBA6,n.s.
P51532,0.07235536633203665,20.474713163863505,0.5727943652928031,0.5692171327958704,0.9798370132197967,-4.988338587057328,P51532,Transcription activator BRG1,SMARCA4,n.s.
Q15257,0.11350884589161225,22.2047411419833,0.5677296520459747,0.5726334997951312,0.9798370132197967,-4.9901752557903265,Q15257,Serine/threonine-protein phosphatase 2A activator,PPP2R4,n.s.
P49257,0.10057793614377175,24.127727939743544,0.5666817976585108,0.573341228020074,0.9798370132197967,-4.9905534548445765,P49257,Protein ERGIC-53,LMAN1,n.s.
P04792,0.27409758481716295,27.08288548350279,0.5664951923753758,0.5734671149628943,0.9798370132197967,-4.990620852802699,P04792,Heat shock protein beta-1,HSPB1,n.s.
P07602,0.2342115942763776,22.182094775941742,0.5658516068388841,0.5739013915705937,0.9798370132197967,-4.990853135081619,P07602,Proactivator polypeptide;Saposin-A;Saposin-B-Val;Saposin-B;Saposin-C;Saposin-D,PSAP,n.s.
Q99729,-0.08421387002277925,22.106926145459273,-0.5656446112008687,0.5740332870475191,0.9798370132197967,-4.990932632765748,Q99729,Heterogeneous nuclear ribonucleoprotein A/B,HNRNPAB,n.s.
P26599,-0.04673867217059424,25.88000486394133,-0.5655397157448964,0.5741040933382013,0.9798370132197967,-4.990970452033832,P26599,Polypyrimidine tract-binding protein 1,PTBP1,n.s.
Q15165,0.19124057724285848,20.326129555880833,0.5645699264923929,0.5747667168820971,0.9798370132197967,-4.9913149444537215,Q15165,Serum paraoxonase/arylesterase 2,PON2,n.s.
P49189,-0.14388207001621467,22.772669264183754,-0.562793566825658,0.575967073283532,0.9798370132197967,-4.991953291543607,P49189,4-trimethylaminobutyraldehyde dehydrogenase,ALDH9A1,n.s.
O60312,0.12003556029135609,21.438139038640454,0.5609584692105648,0.5772083983310162,0.9798370132197967,-4.992610668598696,O60312,Probable phospholipid-transporting ATPase VA,ATP10A,n.s.
Q99653,0.093589578828567,20.003673847361643,0.5593803334229056,0.5782694837524565,0.9798370132197967,-4.993178915446473,Q99653,Calcium-binding protein p22,CHP,n.s.
Q12996,0.0821232152985445,20.112025921336638,0.558428197108886,0.5789143884988787,0.9798370132197967,-4.993518366341432,Q12996,Cleavage stimulation factor subunit 3,CSTF3,n.s.
O75382,0.15202361959399013,20.079993482724802,0.5581452669814215,0.5791138614391637,0.9798370132197967,-4.9936143259989185,O75382,Tripartite motif-containing protein 3,TRIM3,n.s.
Q03252,-0.09435394380079742,24.72440204761624,-0.5557580468535019,0.5807331740556052,0.9798370132197967,-4.994462113147939,Q03252,Lamin-B2,LMNB2,n.s.
Q06210;O94808,-0.19014740749928194,22.086002367830876,-0.5552866805835234,0.5810531715551883,0.9798370132197967,-4.994629089442,Q06210,Glucosamine--fructose-6-phosphate aminotransferase [isomerizing] 1,GFPT1,n.s.
Q9NR31,-0.10721792462197044,21.161299496283938,-0.5438264543936007,0.588857390251675,0.9798370132197967,-4.99864694154494,Q9NR31,GTP-binding protein SAR1a,SAR1A,n.s.
P61019,0.07950640611887394,24.532853347312525,0.5431957658617036,0.5892902277985909,0.9798370132197967,-4.9988644923888526,P61019,Ras-related protein Rab-2A,RAB2A,n.s.
P56537,0.10598059147806893,20.550435845266207,0.5429040592753892,0.5894887751398532,0.9798370132197967,-4.998966071013289,P56537,Eukaryotic translation initiation factor 6,EIF6,n.s.
Q9H0U4;Q92928,0.16026070553098393,23.2207097562966,0.5422944078282064,0.5899065003806483,0.9798370132197967,-4.999176558010389,Q9H0U4;Q92928,Ras-related protein Rab-1B;Putative Ras-related protein Rab-1C,RAB1B;RAB1C,n.s.
Q5TZA2;Q8IVE0,-0.14002609098942642,22.60320995463976,-0.5381288480509425,0.5927585193342899,0.9798370132197967,-5.000612116285298,Q5TZA2,Rootletin,CROCC,n.s.
P43487,0.1115537899943817,20.556370812808833,0.5371864587289648,0.5934046426265279,0.9798370132197967,-5.000935375377112,P43487,Ran-specific GTPase-activating protein,RANBP1,n.s.
P04406,-0.08142156168127102,28.17320400231729,-0.5363185207133581,0.5940000137598076,0.9798370132197967,-5.001232602395848,P04406,Glyceraldehyde-3-phosphate dehydrogenase,GAPDH,n.s.
O75400,0.0689553543630872,21.36015872274083,0.5345261457372306,0.595223082302663,0.9798370132197967,-5.001849365602438,O75400,Pre-mRNA-processing factor 40 homolog A,PRPF40A,n.s.
P21796,0.08588914596675323,26.410459093720657,0.5337356843038693,0.5957733980499375,0.9798370132197967,-5.002114298635767,P21796,Voltage-dependent anion-selective channel protein 1,VDAC1,n.s.
Q7L2H7,-0.06540595142015704,21.19777514581241,-0.5335154820629308,0.5959174019307169,0.9798370132197967,-5.002193721339559,Q7L2H7,Eukaryotic translation initiation factor 3 subunit M,EIF3M,n.s.
P40616,0.10383690939624657,21.650824337466705,0.5325770990381947,0.5965679282035429,0.9798370132197967,-5.00250951330345,P40616,ADP-ribosylation factor-like protein 1,ARL1,n.s.
P54578,-0.11130844064397039,22.67284230040251,-0.5320549110202905,0.5969287550085185,0.9798370132197967,-5.0026858074975165,P54578,Ubiquitin carboxyl-terminal hydrolase 14,USP14,n.s.
Q9Y4W6;Q01484,-0.104037788763776,21.325183639033394,-0.5309530825472225,0.5976849579363992,0.9798370132197967,-5.003060564394163,Q9Y4W6,AFG3-like protein 2,AFG3L2,n.s.
Q9UM54,0.15475317676377642,24.090164477282286,0.5305669776273055,0.5979524289265776,0.9798370132197967,-5.003190263366954,Q9UM54,Unconventional myosin-VI,MYO6,n.s.
P68036,0.10758568128639467,22.24084075215883,0.5301897817634784,0.5982120637926127,0.9798370132197967,-5.003317923358934,P68036,Ubiquitin-conjugating enzyme E2 L3,UBE2L3,n.s.
Q9UEW8,-0.15408094006359008,19.744635780457262,-0.5288636355746692,0.5991253063778641,0.9798370132197967,-5.003766040450161,Q9UEW8,STE20/SPS1-related proline-alanine-rich protein kinase,STK39,n.s.
Q16864,0.0809029805174859,19.64680543913183,0.5263946929209284,0.6008200679626633,0.9798370132197967,-5.004601730166278,Q16864,V-type proton ATPase subunit F,ATP6V1F,n.s.
Q16718,-0.10850588423459229,20.77607853679741,-0.5243934042374135,0.6022084819453752,0.9798370132197967,-5.005268424690446,Q16718,NADH dehydrogenase [ubiquinone] 1 alpha subcomplex subunit 5,NDUFA5,n.s.
Q10713,0.07874773040234473,19.9175369316059,0.5242534608297137,0.6022979649444884,0.9798370132197967,-5.005319585449472,Q10713,Mitochondrial-processing peptidase subunit alpha,PMPCA,n.s.
Q00839,0.047512304107605985,26.653927969281686,0.5220211258752253,0.6038405334018082,0.9798370132197967,-5.006064912048805,Q00839,Heterogeneous nuclear ribonucleoprotein U,HNRNPU,n.s.
P21980,-0.2010409881906483,20.678563074351942,-0.5214482368165873,0.6042438126464258,0.9798370132197967,-5.006251385970656,P21980,Protein-glutamine gamma-glutamyltransferase 2,TGM2,n.s.
Q96AG4,0.15618230594747828,23.10366617971237,0.5211062029584003,0.6044803893702348,0.9798370132197967,-5.006365187390944,Q96AG4,Leucine-rich repeat-containing protein 59,LRRC59,n.s.
Q9BUL8,-0.07199161099863005,20.29100833604796,-0.5210416277460131,0.6045179534458868,0.9798370132197967,-5.006390954741735,Q9BUL8,Programmed cell death protein 10,PDCD10,n.s.
O00203,-0.08194118583394783,21.197559738539542,-0.520996135251706,0.6045494245376604,0.9798370132197967,-5.006406083024363,O00203,AP-3 complex subunit beta-1,AP3B1,n.s.
P98095,0.14324237308845156,20.797000876062615,0.5183777150697122,0.6063691489819891,0.9798370132197967,-5.007270372958084,P98095,Fibulin-2,FBLN2,n.s.
O94979,-0.0745911456174575,22.793809775954955,-0.5165105148405795,0.607656221552398,0.9798370132197967,-5.007891355770172,O94979,Protein transport protein Sec31A,SEC31A,n.s.
Q01813,0.19221032258229087,20.535092195629137,0.5164725383093276,0.6076895899540571,0.9798370132197967,-5.007899643886713,Q01813,6-phosphofructokinase type C,PFKP,n.s.
Q13561,0.08266308958104673,22.421022522235237,0.5156930251018099,0.6082232136430503,0.9798370132197967,-5.008160677446425,Q13561,Dynactin subunit 2,DCTN2,n.s.
O75369,-0.1288718347097877,27.882868701932324,-0.5140261925077466,0.6093870368619108,0.9798370132197967,-5.008704309576705,O75369,Filamin-B,FLNB,n.s.
Q96AA8,0.12455775327624607,20.006676462313287,0.5129832661650248,0.6101113514198949,0.9798370132197967,-5.009046209088764,Q96AA8,Janus kinase and microtubule-interacting protein 2,JAKMIP2,n.s.
Q13243,0.08859045289348799,21.105569769334853,0.5111271184987419,0.611394785072719,0.9798370132197967,-5.009656987309429,Q13243,Serine/arginine-rich splicing factor 5,SRSF5,n.s.
P55327,-0.16485534126601564,22.851468524159557,-0.5104300958522849,0.6118861912209805,0.9798370132197967,-5.009880316561723,P55327,Tumor protein D52,TPD52,n.s.
P68366;A6NHL2;Q9H853,-0.23979442619466695,21.712568121439865,-0.5095971345177508,0.6124657335684778,0.9798370132197967,-5.010151552509519,P68366,Tubulin alpha-4A chain,TUBA4A,n.s.
P51148,0.07733232201450946,24.04556468712997,0.5092176960074886,0.612729814971023,0.9798370132197967,-5.010274963621372,P51148,Ras-related protein Rab-5C,RAB5C,n.s.
P39748,0.1866932352704076,20.793932685953248,0.5064687880124377,0.6146445420465525,0.9798370132197967,-5.011166328208627,P39748,Flap endonuclease 1,FEN1,n.s.
O15173,0.10279078897421101,23.059641664258844,0.506288871742388,0.6147699555392379,0.9798370132197967,-5.011224502114188,O15173,Membrane-associated progesterone receptor component 2,PGRMC2,n.s.
O00519,-0.11774806644135438,20.038561380414748,-0.5042007115239705,0.616226387522033,0.9798370132197967,-5.011898193218397,O00519,Fatty-acid amide hydrolase 1,FAAH,n.s.
P04233,-0.2552765016487122,20.610832041490564,-0.5041605747086507,0.616254397057288,0.9798370132197967,-5.011911115414803,P04233,HLA class II histocompatibility antigen gamma chain,CD74,n.s.
P12429,0.2420654732408103,20.912601738295166,0.5030321698866359,0.6170420911233341,0.9798370132197967,-5.012273994062028,P12429,Annexin A3,ANXA3,n.s.
Q9UHB6,-0.13467137967487375,22.26408125161364,-0.5019843800436565,0.6177739172449581,0.9798370132197967,-5.012610229604584,Q9UHB6,LIM domain and actin-binding protein 1,LIMA1,n.s.
O75955,-0.13020337967197548,22.172037652218556,-0.49985527309953726,0.6192621887404137,0.9798370132197967,-5.013291328000896,O75955,Flotillin-1,FLOT1,n.s.
P04075,-0.11793362123361106,27.430512728378172,-0.499700323326947,0.6193705633070232,0.9798370132197967,-5.013340784679486,P04075,Fructose-bisphosphate aldolase A,ALDOA,n.s.
Q96G03,-0.0884842507031145,20.8816511303546,-0.4989214182844546,0.6199107941060822,0.9798370132197967,-5.013591940554097,Q96G03,Phosphoglucomutase-2,PGM2,n.s.
Q01085,-0.07587729276404787,20.510363964969667,-0.4971338832052484,0.6211600802673911,0.9798370132197967,-5.0141617242703385,Q01085,Nucleolysin TIAR,TIAL1,n.s.
Q9UKV3,0.059354103639382316,21.060524226723008,0.49505222613928807,0.622618771408066,0.9798370132197967,-5.014821282765053,Q9UKV3,Apoptotic chromatin condensation inducer in the nucleus,ACIN1,n.s.
Q03519;Q9NRJ7;Q9NUS5,-0.14105742703930702,20.126381525217266,-0.4927313224673165,0.6242535734610044,0.9798370132197967,-5.015549491104039,Q03519,Antigen peptide transporter 2,TAP2,n.s.
Q63HN8,-0.16388172129443035,21.536684247655977,-0.4891506019536909,0.6267691348323892,0.9798370132197967,-5.01667242790738,Q63HN8,E3 ubiquitin-protein ligase RNF213,RNF213,n.s.
P11387,0.07366686196455063,22.29824264487812,0.48886360515389454,0.6269643482995286,0.9798370132197967,-5.016765964803224,P11387,DNA topoisomerase 1,TOP1,n.s.
P52306,0.16740712903863297,20.04680548833107,0.4887066375409109,0.6270813450866772,0.9798370132197967,-5.016811094386606,P52306,Rap1 GTPase-GDP dissociation stimulator 1,RAP1GDS1,n.s.
Q8N1S5,-0.12002972429120362,20.07940974299025,-0.48838837679874464,0.6273051987135267,0.9798370132197967,-5.01691042244344,Q8N1S5,Zinc transporter ZIP11,SLC39A11,n.s.
P20645,-0.13808384485462355,21.207122851924574,-0.4881083429119877,0.6275021940834676,0.9798370132197967,-5.01699776718008,P20645,Cation-dependent mannose-6-phosphate receptor,M6PR,n.s.
P61923,-0.04934572880661747,22.84796710807909,-0.4876673806124342,0.6278058673946479,0.9798370132197967,-5.017139074252013,P61923,Coatomer subunit zeta-1,COPZ1,n.s.
Q01130;Q9BRL6,0.06635514230783102,23.555192961602437,0.4872733087020402,0.6280842042432601,0.9798370132197967,-5.017261199081654,Q01130,Serine/arginine-rich splicing factor 2,SRSF2,n.s.
P22694,-0.07589174016806766,24.420828622874005,-0.48725598276059234,0.6281019717344172,0.9798370132197967,-5.017263320411549,P22694,cAMP-dependent protein kinase catalytic subunit beta,PRKACB,n.s.
Q9H1E3,0.15462726356848577,20.535864251385785,0.4870635654084943,0.6282374044423034,0.9798370132197967,-5.01732320471114,Q9H1E3,Nuclear ubiquitous casein and cyclin-dependent kinase substrate 1,NUCKS1,n.s.
P12270,-0.041338924241792085,23.726606527892702,-0.48572923263628043,0.6291703711331604,0.9798370132197967,-5.017741677439498,P12270,Nucleoprotein TPR,TPR,n.s.
P62244,-0.04079338168807567,24.272865167020523,-0.48548648604052486,0.6293413626420024,0.9798370132197967,-5.017816984453586,P62244,40S ribosomal protein S15a,RPS15A,n.s.
O00299,0.08247239845104914,24.205313220332545,0.4816733795395549,0.6320364985477367,0.9798370132197967,-5.01899124830896,O00299,Chloride intracellular channel protein 1,CLIC1,n.s.
P43307,0.06698182333761338,22.813771115221137,0.48165758700836403,0.6320411511436855,0.9798370132197967,-5.01899990011492,P43307,Translocon-associated protein subunit alpha,SSR1,n.s.
Q14195;Q14117,-0.08773071538641375,20.126241809245546,-0.4801330674771,0.6331224146364562,0.9798370132197967,-5.019465456699464,Q14195,Dihydropyrimidinase-related protein 3,DPYSL3,n.s.
P33993,0.11355715686637069,20.788536885879083,0.47994994975919814,0.6332533191320892,0.9798370132197967,-5.019520710712619,P33993,DNA replication licensing factor MCM7,MCM7,n.s.
P25685,-0.09209325051538286,21.50872279390166,-0.4789138538099347,0.6339837804567219,0.9798370132197967,-5.019839021383547,P25685,DnaJ homolog subfamily B member 1,DNAJB1,n.s.
P26196,-0.07790569848373252,21.726102999346082,-0.4769475398991571,0.6353691763014945,0.9798370132197967,-5.020442347017128,P26196,Probable ATP-dependent RNA helicase DDX6,DDX6,n.s.
P61254,-0.05287169390081914,23.945099614279457,-0.47619114594175654,0.6359043383199088,0.9798370132197967,-5.020672686498986,P61254,60S ribosomal protein L26,RPL26,n.s.
Q9H444,0.12101059272503178,21.04422781478457,0.47598602703073895,0.6360559030977546,0.9798370132197967,-5.020731367975906,Q9H444,Charged multivesicular body protein 4b,CHMP4B,n.s.
A6NL28,0.11302090924464991,22.30805784620711,0.47597777008616426,0.6360617465631,0.9798370132197967,-5.020733879448352,A6NL28,Putative tropomyosin alpha-3 chain-like protein,NA,n.s.
P48730,0.1643846119184751,24.771807042570057,0.4756120905072026,0.6363205625015123,0.9798370132197967,-5.020845063151579,P48730,Casein kinase I isoform delta,CSNK1D,n.s.
A8MWD9;P62308,-0.05932728050608205,21.020464307779008,-0.4747308473701618,0.6369380783752137,0.9798370132197967,-5.021116359127193,A8MWD9;P62308,Small nuclear ribonucleoprotein G-like protein;Small nuclear ribonucleoprotein G,SNRPG,n.s.
P50395,0.06587037559489772,25.76053708988927,0.47390113996673994,0.6375312467276022,0.9798370132197967,-5.021364658102037,P50395,Rab GDP dissociation inhibitor beta,GDI2,n.s.
P51571,0.061409594592078065,23.570243740893478,0.4738815650696817,0.6375396168656926,0.9798370132197967,-5.021373771419381,P51571,Translocon-associated protein subunit delta,SSR4,n.s.
Q9NTK5,0.11377481724526106,20.82224138791838,0.47382259099799146,0.6375877693921126,0.9798370132197967,-5.021387936884371,Q9NTK5,Obg-like ATPase 1,OLA1,n.s.
O00487,-0.0732686912193472,21.33654422168789,-0.4733837276000086,0.6378923446023962,0.9798370132197967,-5.02152445113218,O00487,26S proteasome non-ATPase regulatory subunit 14,PSMD14,n.s.
P63208,0.06107065268953349,21.440162089154907,0.4729679966158216,0.6381869628990033,0.9798370132197967,-5.021650159852827,P63208,S-phase kinase-associated protein 1,SKP1,n.s.
O75822,-0.0658021814205405,21.90794809000748,-0.4723985687291181,0.6385905977937083,0.9798370132197967,-5.02182216626551,O75822,Eukaryotic translation initiation factor 3 subunit J,EIF3J,n.s.
Q15276,-0.09006034863830337,20.843962279376328,-0.46996255013162325,0.6403233797558412,0.9798370132197967,-5.022552937798769,Q15276,Rab GTPase-binding effector protein 1,RABEP1,n.s.
Q15582,0.1451983200880953,22.412267247602436,0.46845635705195177,0.6413943133149386,0.9798370132197967,-5.023003743210054,Q15582,Transforming growth factor-beta-induced protein ig-h3,TGFBI,n.s.
P38117,0.0926064831565867,20.269490556049554,0.467761545169153,0.6418878916546518,0.9798370132197967,-5.02321162504688,P38117,Electron transfer flavoprotein subunit beta,ETFB,n.s.
Q9Y3B3,0.07078732954022726,23.444623870669346,0.46732092054259355,0.642199466739638,0.9798370132197967,-5.023344172200589,Q9Y3B3,Transmembrane emp24 domain-containing protein 7,TMED7,n.s.
Q00688,-0.091681623963904,21.828033035033524,-0.4668474128745584,0.6425360010299282,0.9798370132197967,-5.023485533611198,Q00688,Peptidyl-prolyl cis-trans isomerase FKBP3,FKBP3,n.s.
Q02790,0.12418724842030215,24.835084815218416,0.4661138583230992,0.6430590209140832,0.9798370132197967,-5.023703379513753,Q02790,"Peptidyl-prolyl cis-trans isomerase FKBP4;Peptidyl-prolyl cis-trans isomerase FKBP4, N-terminally processed",FKBP4,n.s.
Q9UHX1,-0.054684863675440454,23.592393171412635,-0.46513432388917747,0.6437494394934922,0.9798370132197967,-5.023998492137092,Q9UHX1,Poly(U)-binding-splicing factor PUF60,PUF60,n.s.
P62995,-0.046738784259126476,23.86329247393756,-0.4648240004565649,0.6439702177444386,0.9798370132197967,-5.024090720577047,P62995,Transformer-2 protein homolog beta,TRA2B,n.s.
Q96EP5,-0.08763706448521091,21.425917590822866,-0.4641654940908332,0.6444429919463112,0.9798370132197967,-5.024283832919568,Q96EP5,DAZ-associated protein 1,DAZAP1,n.s.
Q04828;P17516,0.08917564947953949,23.19955865683536,0.4624840989577083,0.6456421692596663,0.9798370132197967,-5.024780633034225,Q04828,Aldo-keto reductase family 1 member C1,AKR1C1,n.s.
Q13162,0.1258797092107251,22.746504757106013,0.4621685141570224,0.6458669663110159,0.9798370132197967,-5.024873899963774,Q13162,Peroxiredoxin-4,PRDX4,n.s.
Q9NQC3,0.07620668909157757,24.214206532125115,0.4617963987512872,0.6461320739391445,0.9798370132197967,-5.024983792883245,Q9NQC3,Reticulon-4,RTN4,n.s.
Q96TA1,0.10301250757111902,22.954458281756246,0.4592516783189767,0.6479462568267844,0.9798370132197967,-5.025732952058807,Q96TA1,Niban-like protein 1,FAM129B,n.s.
Q9Y285,0.08131576844075639,22.163994505085597,0.4589209719453562,0.6481769771416948,0.9798370132197967,-5.025832978529715,Q9Y285,Phenylalanine--tRNA ligase alpha subunit,FARSA,n.s.
P49721,0.08145277180102894,21.40212025849606,0.45835394400133844,0.6485815861510628,0.9798370132197967,-5.025999227681375,P49721,Proteasome subunit beta type-2,PSMB2,n.s.
Q53GS9,-0.046895940581414663,19.857967846852322,-0.4571199474163821,0.6494615510283064,0.9798370132197967,-5.026360857755102,Q53GS9,U4/U6.U5 tri-snRNP-associated protein 2,USP39,n.s.
Q58FF8,-0.11833856794728348,23.224976656105422,-0.4563492846549038,0.650018060053302,0.9798370132197967,-5.0265824111451956,Q58FF8,Putative heat shock protein HSP 90-beta 2,HSP90AB2P,n.s.
O14933,0.10510078477222251,19.81982082191988,0.45536131137964747,0.6507239373206415,0.9798370132197967,-5.026870351250026,O14933,Ubiquitin/ISG15-conjugating enzyme E2 L6,UBE2L6,n.s.
P22532;P35325;P35326,0.1371914131304699,20.26194446764064,0.45386474146616446,0.6517938055296597,0.9798370132197967,-5.027305343565473,P22532,Small proline-rich protein 2D,SPRR2D,n.s.
Q15185,0.13795126895379894,21.484059757430863,0.45233232616097335,0.6528900634871126,0.9798370132197967,-5.027749286686345,Q15185,Prostaglandin E synthase 3,PTGES3,n.s.
P57764,-0.10176991316582829,20.523082259693187,-0.450854833719615,0.6539477614128694,0.9798370132197967,-5.0281759119466924,P57764,Gasdermin-D,GSDMD,n.s.
Q8TAQ2,0.06448097486061855,21.772781691961043,0.4501104138986644,0.6544749315530243,0.9798370132197967,-5.028393732525342,Q8TAQ2,SWI/SNF complex subunit SMARCC2,SMARCC2,n.s.
P49736,0.07023973441035736,20.82205896796129,0.45003134956294627,0.6545315722834251,0.9798370132197967,-5.028416485154722,P49736,DNA replication licensing factor MCM2,MCM2,n.s.
Q9BPW8,0.10097997702314743,21.746627918762226,0.4490231037904759,0.655260041727234,0.9798370132197967,-5.028702905617793,Q9BPW8,Protein NipSnap homolog 1,NIPSNAP1,n.s.
O95994,0.24842304278055494,25.914463903361117,0.4489191238035725,0.6553345675460414,0.9798370132197967,-5.028732757266604,O95994,Anterior gradient protein 2 homolog,AGR2,n.s.
P49368,0.060875731635047003,24.39226550676111,0.4484785160504149,0.6556489549887046,0.9798370132197967,-5.028859992113119,P49368,T-complex protein 1 subunit gamma,CCT3,n.s.
O43242,0.037485085402437335,23.594768619511438,0.44822200235286724,0.6558283251833753,0.9798370132197967,-5.028936086594119,O43242,26S proteasome non-ATPase regulatory subunit 3,PSMD3,n.s.
P41091;Q2VIR3,-0.05095622189940485,23.138161742229787,-0.4473788398053584,0.6564329818729167,0.9798370132197967,-5.02917751521665,P41091;Q2VIR3,Eukaryotic translation initiation factor 2 subunit 3;Putative eukaryotic translation initiation factor 2 subunit 3-like protein,EIF2S3;EIF2S3L,n.s.
O43583,-0.056346537016441545,20.858199548799846,-0.446167570371027,0.6573020240547547,0.9798370132197967,-5.029523559079,O43583,Density-regulated protein,DENR,n.s.
A1L0T0,0.09896405567987543,20.622804309345778,0.444811514405878,0.6582814426659062,0.9798370132197967,-5.02990653852612,A1L0T0,Acetolactate synthase-like protein,ILVBL,n.s.
P23588,-0.09227668476192363,21.242153799786042,-0.4444276439614363,0.6585571185963672,0.9798370132197967,-5.03001568689626,P23588,Eukaryotic translation initiation factor 4B,EIF4B,n.s.
O15027,0.09860270682855088,21.603599070123252,0.4431780242648846,0.6594548614903055,0.9798370132197967,-5.03037035334378,O15027,Protein transport protein Sec16A,SEC16A,n.s.
Q8TEM1,-0.10952698675688666,22.869368446911572,-0.4427812319121509,0.6597400278945015,0.9798370132197967,-5.0304827639920315,Q8TEM1,Nuclear pore membrane glycoprotein 210,NUP210,n.s.
P0C0S5;Q71UI9,-0.08176171492810269,24.448555700146,-0.4419127525678027,0.6603643633882896,0.9798370132197967,-5.030728455015263,P0C0S5;Q71UI9,Histone H2A.Z;Histone H2A.V,H2AFZ;H2AFV,n.s.
P62805,-0.05107832634199738,30.26343805346633,-0.4412990552898855,0.6607998083296677,0.9798370132197967,-5.03090506318791,P62805,Histone H4,HIST1H4A,n.s.
P13010,0.054893249293165525,25.336258230155305,0.43922269943363357,0.6622962072979036,0.9798370132197967,-5.031488403049667,P13010,X-ray repair cross-complementing protein 5,XRCC5,n.s.
Q5VW32,-0.10091132523692181,21.741772793713007,-0.4389918231466693,0.662465954542073,0.9798370132197967,-5.031551276236053,Q5VW32,BRO1 domain-containing protein BROX,BROX,n.s.
P55265,-0.07633003800405902,23.333688253856174,-0.43831274340873494,0.6629549411030311,0.9798370132197967,-5.031741797993194,P55265,Double-stranded RNA-specific adenosine deaminase,ADAR,n.s.
P42224,0.1431832578503709,23.783990628066874,0.4371470408291878,0.6637946758369182,0.9798370132197967,-5.032068165177559,P42224,Signal transducer and activator of transcription 1-alpha/beta,STAT1,n.s.
O75298,-0.10284119476107989,20.72773936644546,-0.4357891974598541,0.6647733705034741,0.9798370132197967,-5.032447241936578,O75298,Reticulon-2,RTN2,n.s.
Q05707,-0.19254857770991407,21.63387297497753,-0.4346094089681354,0.6656242059127568,0.9798370132197967,-5.032775662069594,Q05707,Collagen alpha-1(XIV) chain,COL14A1,n.s.
P62241,-0.03491895584378568,25.15125428292975,-0.4332889713130855,0.666571241128699,0.9798370132197967,-5.033145371866852,P62241,40S ribosomal protein S8,RPS8,n.s.
Q8NBJ5,-0.11171447869385531,19.84501795437334,-0.4325074847432501,0.6671411609709627,0.9798370132197967,-5.033358594471246,Q8NBJ5,Procollagen galactosyltransferase 1,GLT25D1,n.s.
P52292;A8MYJ9,0.1008996574116594,20.735463835416322,0.43249080886780816,0.6671532015298943,0.9798370132197967,-5.033363208047908,P52292,Importin subunit alpha-2,KPNA2,n.s.
P45880,0.11840117295561114,25.90916836994613,0.4318251624860373,0.667633893222709,0.9798370132197967,-5.03354722307362,P45880,Voltage-dependent anion-selective channel protein 2,VDAC2,n.s.
P56182,0.09234161503423621,22.342889224256016,0.4309414659519059,0.6682722650174115,0.9798370132197967,-5.033791083429925,P56182,Ribosomal RNA processing protein 1 homolog A,RRP1,n.s.
Q9H3P7,-0.09005932004045647,22.391981365669686,-0.43036895141434955,0.6686859744858838,0.9798370132197967,-5.033948807512744,Q9H3P7,Golgi resident protein GCP60,ACBD3,n.s.
Q969X5,-0.15364153376515688,23.78320093381821,-0.4291858172733162,0.6695412567346077,0.9798370132197967,-5.0342740953652205,Q969X5,Endoplasmic reticulum-Golgi intermediate compartment protein 1,ERGIC1,n.s.
P34913,-0.0960342062295787,20.666709972884476,-0.4290211758471165,0.6696603102534756,0.9798370132197967,-5.034319291157363,P34913,Epoxide hydrolase 2,EPHX2,n.s.
Q14165,0.07968219271230481,22.98619701282273,0.42857315154499137,0.6699843234030542,0.9798370132197967,-5.034442191549433,Q14165,Malectin,MLEC,n.s.
P63252,-0.07933001399333861,28.826298243158366,-0.4278557318683672,0.670503296044447,0.9798370132197967,-5.0346387266004955,P63252,Inward rectifier potassium channel 2,KCNJ2,n.s.
P22102,-0.0404934197629494,20.419897692554876,-0.42783234824915833,0.6705145373062995,0.9798370132197967,-5.034648241548915,P22102,Trifunctional purine biosynthetic protein adenosine-3;Phosphoribosylamine--glycine ligase;Phosphoribosylformylglycinamidine cyclo-ligase;Phosphoribosylglycinamide formyltransferase,GART,n.s.
P04632;Q96L46,0.09406075621326693,22.860147627158266,0.4275748078039762,0.6707065571779478,0.9798370132197967,-5.034715596079759,P04632,Calpain small subunit 1,CAPNS1,n.s.
Q14344,0.09355829272568883,20.028591802924772,0.4269764450250453,0.6711395820620596,0.9798370132197967,-5.03487915987082,Q14344,Guanine nucleotide-binding protein subunit alpha-13,GNA13,n.s.
P05388;Q8NHW5,-0.03681250607031927,25.25600647295543,-0.4267471631601473,0.6712998785009123,0.9798370132197967,-5.034944875553723,P05388;Q8NHW5,60S acidic ribosomal protein P0;60S acidic ribosomal protein P0-like,RPLP0;RPLP0P6,n.s.
Q99733,-0.08434891775765507,22.413033499463296,-0.4266368707790996,0.6713853761063655,0.9798370132197967,-5.034971882326548,Q99733,Nucleosome assembly protein 1-like 4,NAP1L4,n.s.
P28070,-0.08277732875697197,22.568958912607485,-0.42608803143220114,0.6717827189702041,0.9798370132197967,-5.035121591170403,P28070,Proteasome subunit beta type-4,PSMB4,n.s.
P11388,-0.1353985752033111,21.42670462625552,-0.4257581838530153,0.6720215639149307,0.9798370132197967,-5.035211473018484,P11388,DNA topoisomerase 2-alpha,TOP2A,n.s.
P58107,0.20992325062360706,23.758931705909554,0.42541240049272705,0.6722719846436438,0.9798370132197967,-5.035305623259122,P58107,Epiplakin,EPPK1,n.s.
Q9UH99,-0.1401423123179768,20.2547888905434,-0.4253533912783315,0.6723147236085147,0.9798370132197967,-5.035321682778056,Q9UH99,SUN domain-containing protein 2,SUN2,n.s.
O75223,-0.07880656065454161,20.29206508260814,-0.42416412945413945,0.67317494834307,0.9798370132197967,-5.0356456162985355,O75223,Gamma-glutamylcyclotransferase,GGCT,n.s.
Q8TBX8,0.09533107435147414,20.831504325890307,0.42297133319963676,0.6740408996520929,0.9798370132197967,-5.035968123678143,Q8TBX8,Phosphatidylinositol 5-phosphate 4-kinase type-2 gamma,PIP4K2C,n.s.
P15104,0.14365314525038286,21.745623473431827,0.4219720992508741,0.6747655285334258,0.9798370132197967,-5.036238224137866,P15104,Glutamine synthetase,GLUL,n.s.
Q15388,-0.05750801815637274,20.610155679161707,-0.4211272740226007,0.6753728477354594,0.9798370132197967,-5.036469124553999,Q15388,Mitochondrial import receptor subunit TOM20 homolog,TOMM20,n.s.
Q12797,-0.1706482804470255,22.436555094531304,-0.41942316598837565,0.6766153794263504,0.9798370132197967,-5.0369243533157455,Q12797,Aspartyl/asparaginyl beta-hydroxylase,ASPH,n.s.
Q8NE71,-0.06249358049548093,20.271609335963127,-0.41900113542710815,0.6769163106297661,0.9798370132197967,-5.037040564617663,Q8NE71,ATP-binding cassette sub-family F member 1,ABCF1,n.s.
P55060,0.08902377802394668,25.94699084883081,0.41813391907638314,0.6775517973629694,0.9798370132197967,-5.037269827862892,P55060,Exportin-2,CSE1L,n.s.
O43772,-0.08707397404026551,22.090861158162514,-0.4180195519048741,0.6776348903853278,0.9798370132197967,-5.037300423503044,O43772,Mitochondrial carnitine/acylcarnitine carrier protein,SLC25A20,n.s.
Q8TD06,0.12937513653732324,22.292975643996122,0.4180001784627694,0.6776489664837686,0.9798370132197967,-5.0373056054875915,Q8TD06,Anterior gradient protein 3 homolog,AGR3,n.s.
Q99832,0.056719435046968414,24.078251110175692,0.415915184611989,0.6791631978243002,0.9798370132197967,-5.037862624453563,Q99832,T-complex protein 1 subunit eta,CCT7,n.s.
O75494;Q8WXF0,0.05762021036152376,22.204325378411266,0.4156530963822252,0.6793496377366219,0.9798370132197967,-5.0379346032797745,O75494,Serine/arginine-rich splicing factor 10,SRSF10,n.s.
P40879,-0.07797150755794391,25.629056829643343,-0.41404441636080375,0.6805255105832086,0.9798370132197967,-5.0383587021001475,P40879,Chloride anion exchanger,SLC26A3,n.s.
P05161,-0.14439901486940698,21.677636048511292,-0.4120046278087673,0.6820106743320973,0.9798370132197967,-5.038897853191468,P05161,Ubiquitin-like protein ISG15,ISG15,n.s.
P22059,-0.07667299820323237,20.440682613246214,-0.411757744767651,0.6821891985509901,0.9798370132197967,-5.038963635691721,P22059,Oxysterol-binding protein 1,OSBP,n.s.
P84243,0.0546154206146916,28.768628329059105,0.4081649649536453,0.6848060312634422,0.9798370132197967,-5.03990756932572,P84243,Histone H3.3,H3F3A,n.s.
Q6P2Q9,0.05332330403861363,23.025439051586833,0.4076322609499743,0.6851930703494997,0.9798370132197967,-5.040047518159853,Q6P2Q9,Pre-mRNA-processing-splicing factor 8,PRPF8,n.s.
Q9Y262,-0.037283912858288915,22.606336983746306,-0.40698118908477826,0.6856682540415242,0.9798370132197967,-5.040217237996249,Q9Y262,Eukaryotic translation initiation factor 3 subunit L,EIF3L,n.s.
P34932,0.059168120639458976,23.787904940924076,0.406644445312505,0.6859181404291896,0.9798370132197967,-5.040302751086562,P34932,Heat shock 70 kDa protein 4,HSPA4,n.s.
O14974,0.12726890409575375,19.45703374047464,0.40625177882585445,0.6862061217761504,0.9798370132197967,-5.040404210289426,O14974,Protein phosphatase 1 regulatory subunit 12A,PPP1R12A,n.s.
P49915,0.10237270704629964,20.210365788408744,0.4055206360140503,0.6867400475079064,0.9798370132197967,-5.040594152699874,P49915,GMP synthase [glutamine-hydrolyzing],GMPS,n.s.
P04908;Q7L7L0;Q93077,0.11800059794302342,23.066278225353482,0.4050814521081551,0.6870608441149523,0.9798370132197967,-5.040708084492467,P04908;Q7L7L0;Q93077,Histone H2A type 1-B/E;Histone H2A type 3;Histone H2A type 1-C,HIST1H2AB;HIST3H2A;HIST1H2AC,n.s.
P12111,0.11133028565870617,27.095202489485217,0.4026759912990123,0.6888189111469194,0.9798370132197967,-5.041329930735324,P12111,Collagen alpha-3(VI) chain,COL6A3,n.s.
P16403,0.14332443817409413,21.254546796943917,0.402029007073991,0.689292064973875,0.9798370132197967,-5.041496558759392,P16403,Histone H1.2,HIST1H1C,n.s.
Q9Y3D6,0.08425230415201312,21.765987078303194,0.40181907807218925,0.6894456175579609,0.9798370132197967,-5.041550567986663,Q9Y3D6,Mitochondrial fission 1 protein,FIS1,n.s.
Q9NY33,-0.15026163583603136,22.72109754129961,-0.3958100052421217,0.6938465113320285,0.9798370132197967,-5.043084683184599,Q9NY33,Dipeptidyl peptidase 3,DPP3,n.s.
Q96A26,0.10084289808020586,21.46397819934265,0.3957394451127583,0.6938982513067424,0.9798370132197967,-5.043102560993452,Q96A26,Protein FAM162A,FAM162A,n.s.
Q16706,-0.13365169409496502,20.032070357553604,-0.39557624032823474,0.6940179309092742,0.9798370132197967,-5.0431439000512315,Q16706,Alpha-mannosidase 2,MAN2A1,n.s.
P61163,-0.06282607789058048,21.690657414664706,-0.39480420257300997,0.6945789907920643,0.9798370132197967,-5.04334193510434,P61163,Alpha-centractin,ACTR1A,n.s.
P51610,0.04935734112311252,21.316936695624264,0.3944587060686261,0.6948324560954533,0.9798370132197967,-5.043429218518716,P51610,Host cell factor 1;HCF N-terminal chain 1;HCF N-terminal chain 2;HCF N-terminal chain 3;HCF N-terminal chain 4;HCF N-terminal chain 5;HCF N-terminal chain 6;HCF C-terminal chain 1;HCF C-terminal chain 2;HCF C-terminal chain 3;HCF C-terminal chain 4;HCF C-terminal chain 5;HCF C-terminal chain 6,HCFC1,n.s.
Q15067,-0.13229370157044684,20.350855374613964,-0.3936385888322818,0.6954394280945327,0.9798370132197967,-5.043633406221898,Q15067,Peroxisomal acyl-coenzyme A oxidase 1,ACOX1,n.s.
P62333,-0.04532030165509937,22.09829964062679,-0.3931284551253206,0.6958086905860728,0.9798370132197967,-5.043764574457426,P62333,26S protease regulatory subunit 10B,PSMC6,n.s.
Q86UE4,0.07871117789634496,22.81857798794771,0.3915953446420768,0.6969395836971862,0.9798370132197967,-5.04414700534256,Q86UE4,Protein LYRIC,MTDH,n.s.
Q9BZZ5,-0.054129834499381246,22.0518780280235,-0.3893336560868605,0.6985964350725469,0.9798370132197967,-5.044715066487192,Q9BZZ5,Apoptosis inhibitor 5,API5,n.s.
Q12874,-0.04148797698056228,21.92105212586373,-0.38881723980720223,0.6989761305529547,0.9798370132197967,-5.04484370738989,Q12874,Splicing factor 3A subunit 3,SF3A3,n.s.
Q16832,-0.08151694194830483,22.93666536951152,-0.3880291613131189,0.6995608053622978,0.9798370132197967,-5.045037064386553,Q16832,Discoidin domain-containing receptor 2,DDR2,n.s.
Q13547,-0.07810702881758047,21.53563334951924,-0.38726969497630637,0.7001183065558754,0.9798370132197967,-5.045226190091555,Q13547,Histone deacetylase 1,HDAC1,n.s.
Q9H307,0.05743148723110991,20.989522261053025,0.3867435883222084,0.7005015636875342,0.9798370132197967,-5.045358554484273,Q9H307,Pinin,PNN,n.s.
P13674,0.1133658024661841,20.624429710357603,0.3863706998011387,0.7007810685150777,0.9798370132197967,-5.045448236128101,P13674,Prolyl 4-hydroxylase subunit alpha-1,P4HA1,n.s.
P07951,0.08968924315362514,23.710512594706735,0.3861634455986896,0.7009336179816661,0.9798370132197967,-5.045499496502313,P07951,Tropomyosin beta chain,TPM2,n.s.
Q16643,-0.09133830947963872,20.7822134979331,-0.3851395752335097,0.7016874197484555,0.9798370132197967,-5.045752330869175,Q16643,Drebrin,DBN1,n.s.
Q13185,0.07662343847383468,23.662685923854003,0.38437465770425716,0.7022507704507648,0.9798370132197967,-5.045940784776121,Q13185,Chromobox protein homolog 3,CBX3,n.s.
Q99613,-0.035456582063094544,23.05247319897459,-0.3841243731292481,0.7024301045825262,0.9798370132197967,-5.046004949804892,Q99613,Eukaryotic translation initiation factor 3 subunit C,EIF3C,n.s.
Q9BTT0,0.09893046776811687,20.88708647085873,0.38313632449451523,0.7031631416869923,0.9798370132197967,-5.046245086683578,Q9BTT0,Acidic leucine-rich nuclear phosphoprotein 32 family member E,ANP32E,n.s.
O95793,0.0727673406607856,20.18535529353527,0.3824226037512556,0.7036879795297146,0.9798370132197967,-5.046420650690068,O95793,Double-stranded RNA-binding protein Staufen homolog 1,STAU1,n.s.
Q15436,-0.07301610583156659,21.357146249917513,-0.380561438457157,0.7050604507927056,0.9798370132197967,-5.046875321834477,Q15436,Protein transport protein Sec23A,SEC23A,n.s.
Q15424,0.04436334919128626,22.78175758891323,0.38049638633907384,0.7051046649762351,0.9798370132197967,-5.046893098653233,Q15424,Scaffold attachment factor B1,SAFB,n.s.
P48556,-0.03829586010829544,21.387320901138594,-0.3788565206095562,0.7063148116877653,0.9798370132197967,-5.047291800753102,P48556,26S proteasome non-ATPase regulatory subunit 8,PSMD8,n.s.
O75323,-0.08910238412048344,21.507542209739185,-0.37821524871066264,0.7067931971087419,0.9798370132197967,-5.0474447361200125,O75323,Protein NipSnap homolog 2,GBAS,n.s.
Q8TAT6,-0.05818124809379199,20.347127761096935,-0.37816269242540895,0.7068270557391698,0.9798370132197967,-5.047459977275336,Q8TAT6,Nuclear protein localization protein 4 homolog,NPLOC4,n.s.
Q3ZCQ8,0.08762353272295798,21.039875626823026,0.37644497130796223,0.708100735636128,0.9798370132197967,-5.047872525999582,Q3ZCQ8,Mitochondrial import inner membrane translocase subunit TIM50,TIMM50,n.s.
P57088,0.06238697257538561,20.48199210162906,0.3760813958396979,0.7083646313280707,0.9798370132197967,-5.047962542776323,P57088,Transmembrane protein 33,TMEM33,n.s.
Q9BXP5,-0.04372444686934074,21.90151083274382,-0.37578172867873366,0.7085859267302611,0.9798370132197967,-5.04803477056506,Q9BXP5,Serrate RNA effector molecule homolog,SRRT,n.s.
Q96CW1,-0.04977622893199296,21.541397002759226,-0.3757741269403053,0.7085915448707591,0.9798370132197967,-5.048036599944882,Q96CW1,AP-2 complex subunit mu,AP2M1,n.s.
Q16696,-0.07766636482030265,21.45795895037176,-0.3755261649008055,0.7087797215110485,0.9798370132197967,-5.048093771446622,Q16696,Cytochrome P450 2A13,CYP2A13,n.s.
P46782,-0.03676454922307926,24.276067218556538,-0.37529773593460375,0.7089436589135025,0.9798370132197967,-5.048151171495327,P46782,"40S ribosomal protein S5;40S ribosomal protein S5, N-terminally processed",RPS5,n.s.
P01024,-0.10514904039655093,23.985911127974717,-0.37516500981716583,0.7090466756025262,0.9798370132197967,-5.048180589416453,P01024,Complement C3;Complement C3 beta chain;Complement C3 alpha chain;C3a anaphylatoxin;Complement C3b alpha chain;Complement C3c alpha chain fragment 1;Complement C3dg fragment;Complement C3g fragment;Complement C3d fragment;Complement C3f fragment;Complement C3c alpha chain fragment 2,C3,n.s.
P40121,-0.0850941859515757,24.095050423518924,-0.37441751982738186,0.7095993126411184,0.9798370132197967,-5.048360014893937,P40121,Macrophage-capping protein,CAPG,n.s.
P09493,-0.10729132452738455,22.681110796266548,-0.3723455726026369,0.7111319732721813,0.9798370132197967,-5.048855502388204,P09493,Tropomyosin alpha-1 chain,TPM1,n.s.
Q9NP72,0.08401107015514242,23.219982380224163,0.37141584409662287,0.7118201030684809,0.9798370132197967,-5.04907695131747,Q9NP72,Ras-related protein Rab-18,RAB18,n.s.
P30626,0.11108830857855523,20.768770614710768,0.37130997950552047,0.7118984730761553,0.9798370132197967,-5.049102131993521,P30626,Sorcin,SRI,n.s.
Q9NSD9,0.06314575349415819,22.66792689705314,0.37095701004233966,0.7121581994832705,0.9798370132197967,-5.049186836071511,Q9NSD9,Phenylalanine--tRNA ligase beta subunit,FARSB,n.s.
Q99816,-0.06043029566567526,21.468490749626223,-0.36870308161867127,0.7138244968397391,0.9798370132197967,-5.049722354575571,Q99816,Tumor susceptibility gene 101 protein,TSG101,n.s.
Q07654,0.03721343665058541,23.64271947215161,0.36723379139614437,0.7149136000204954,0.9798370132197967,-5.050068647140635,Q07654,Trefoil factor 3,TFF3,n.s.
P20340,0.06144772442366886,24.87042202520082,0.36703420081683313,0.7150663781287101,0.9798370132197967,-5.050113200227793,P20340,Ras-related protein Rab-6A,RAB6A,n.s.
Q9BTZ2;Q6PKH6;P0CG22,0.10388379466724729,20.332300485662014,0.36678854409396217,0.7152485381860209,0.9798370132197967,-5.050170936008369,Q9BTZ2;Q6PKH6,Dehydrogenase/reductase SDR family member 4;Dehydrogenase/reductase SDR family member 4-like 2,DHRS4;DHRS4L2,n.s.
Q8NBS9,-0.08127016072286608,23.705802143643243,-0.36609039519794084,0.7157663225495406,0.9798370132197967,-5.050334809768975,Q8NBS9,Thioredoxin domain-containing protein 5,TXNDC5,n.s.
O95573;O60488,0.11196111862246738,21.441994765323184,0.36589739271824545,0.7159094872016774,0.9798370132197967,-5.050380057783906,O95573,Long-chain-fatty-acid--CoA ligase 3,ACSL3,n.s.
P49720,-0.055145216410718234,22.348801286218013,-0.3652689999105348,0.7163709239990133,0.9798370132197967,-5.050529577104062,P49720,Proteasome subunit beta type-3,PSMB3,n.s.
P15924,-0.10070659833329998,26.38736448452664,-0.3641816654058356,0.7171826241426276,0.9798370132197967,-5.050781255846197,P15924,Desmoplakin,DSP,n.s.
Q7Z3U7,0.12437065262163571,17.733746217914675,0.3617851551550093,0.7189575706304534,0.9798370132197967,-5.051340831535574,Q7Z3U7,Protein MON2 homolog,MON2,n.s.
O14979,0.0607719028912328,22.1556977534277,0.36043515675758864,0.7199607954804059,0.9798370132197967,-5.051653118751834,O14979,Heterogeneous nuclear ribonucleoprotein D-like,HNRPDL,n.s.
P12956,0.04448590146065001,25.97267540794942,0.35965248678457756,0.7205433646232577,0.9798370132197967,-5.05183328691811,P12956,X-ray repair cross-complementing protein 6,XRCC6,n.s.
Q9P0S9,-0.06753136954716155,20.768564588770662,-0.35959369006170966,0.7205899129777745,0.9798370132197967,-5.051845443609869,Q9P0S9,Transmembrane protein 14C,TMEM14C,n.s.
O76024,0.09677475361016619,20.511030168929096,0.35864115791787965,0.7212994046111949,0.9798370132197967,-5.052064034536803,O76024,Wolframin,WFS1,n.s.
P26368,-0.038412441303254496,22.449559602047053,-0.35705361642026423,0.7224758959471479,0.9798370132197967,-5.052430260187554,P26368,Splicing factor U2AF 65 kDa subunit,U2AF2,n.s.
P35237,0.12369304817125126,22.326655923978926,0.35653391429979814,0.72286734736907,0.9798370132197967,-5.052546791501917,P35237,Serpin B6,SERPINB6,n.s.
P15941,-0.1218967611136037,22.31979637352801,-0.3560659000864976,0.7232157468318203,0.9798370132197967,-5.05265362724259,P15941,Mucin-1;Mucin-1 subunit alpha;Mucin-1 subunit beta,MUC1,n.s.
Q29RF7,0.0406880284313047,19.83796710854835,0.3549293719247626,0.724057434127325,0.9798370132197967,-5.052914729923682,Q29RF7,Sister chromatid cohesion protein PDS5 homolog A,PDS5A,n.s.
P09529,-0.08829659979801363,20.506187916735332,-0.35441923581401663,0.7244420265148388,0.9798370132197967,-5.053028410654209,P09529,Inhibin beta B chain,INHBB,n.s.
Q12792,-0.06795178317210215,21.99746580862795,-0.3535820931472074,0.7250646180052397,0.9798370132197967,-5.0532188231660244,Q12792,Twinfilin-1,TWF1,n.s.
P62191,-0.04049879344017526,22.869563377848273,-0.3535217206226373,0.7251061241924391,0.9798370132197967,-5.053234186335884,P62191,26S protease regulatory subunit 4,PSMC1,n.s.
P35749,0.1932386114617728,17.438906104129153,0.3529691718761907,0.7255224995837168,0.9798370132197967,-5.0533570183884455,P35749,Myosin-11,MYH11,n.s.
Q14160,-0.068955297412991,20.711326347658822,-0.35213970158151986,0.7261402591897632,0.9798370132197967,-5.053544653263288,Q14160,Protein scribble homolog,SCRIB,n.s.
Q13740,0.18117094283227786,22.99875957315978,0.3503126294488424,0.7275034024604672,0.9798370132197967,-5.053955561113352,Q13740,CD166 antigen,ALCAM,n.s.
P53396,-0.09063745845687521,23.72381377300734,-0.3493928305037039,0.7281897061791984,0.9798370132197967,-5.054161752901381,P53396,ATP-citrate synthase,ACLY,n.s.
O60664,-0.07323918704001642,23.793643037579226,-0.3479484748977548,0.7292678578084046,0.9798370132197967,-5.05448444774946,O60664,Perilipin-3,PLIN3,n.s.
P35221,0.1325118678837569,23.971548710861104,0.3478678164566196,0.729328082256592,0.9798370132197967,-5.05450242912566,P35221,Catenin alpha-1,CTNNA1,n.s.
Q92785,-0.041368398684131336,19.968372949697617,-0.3473687810517908,0.7296962244700769,0.9798370132197967,-5.05461574502275,Q92785,Zinc finger protein ubi-d4,DPF2,n.s.
O95232,0.05167041013698892,21.165341255722787,0.34641088015002236,0.7304117218006629,0.9798370132197967,-5.054828660216198,O95232,Luc7-like protein 3,LUC7L3,n.s.
P60903,0.13257952689771102,22.1585921102522,0.34535051590570054,0.7312085121440817,0.9798370132197967,-5.055061534651455,P60903,Protein S100-A10,S100A10,n.s.
P62841,-0.07501374184478848,22.606501903363032,-0.34249889438428927,0.7333406887988929,0.9798370132197967,-5.055690019545897,P62841,40S ribosomal protein S15,RPS15,n.s.
P13861,0.06037382995501872,22.14386641097365,0.3408381046826386,0.7345797112141947,0.9798370132197967,-5.056055428758323,P13861,cAMP-dependent protein kinase type II-alpha regulatory subunit,PRKAR2A,n.s.
P25398,-0.04198133839593865,23.68898611092721,-0.3404051598088486,0.7349031305352315,0.9798370132197967,-5.056150250939511,P25398,40S ribosomal protein S12,RPS12,n.s.
Q14498,0.035818083022956415,23.07082477424642,0.33972999546478333,0.7354086426857726,0.9798370132197967,-5.056297387958975,Q14498,RNA-binding protein 39,RBM39,n.s.
Q9C0D9,-0.04764258077009842,20.370191412518622,-0.3391209320013861,0.735864764641791,0.9798370132197967,-5.0564298706388024,Q9C0D9,Ethanolaminephosphotransferase 1,EPT1,n.s.
P45974,-0.05837094524697761,23.788768690155337,-0.3385829909045861,0.7362720849614517,0.9798370132197967,-5.056544627675062,P45974,Ubiquitin carboxyl-terminal hydrolase 5,USP5,n.s.
Q9NZB2;Q5T035,0.053274211044790576,22.368571772712556,0.33818479191346,0.7365660179606417,0.9798370132197967,-5.0566330378515,Q9NZB2,Constitutive coactivator of PPAR-gamma-like protein 1,FAM120A,n.s.
Q7L576;Q96F07,0.0463860658186519,21.558309150908585,0.33797615528003067,0.736722336391826,0.9798370132197967,-5.056678241453621,Q7L576;Q96F07,Cytoplasmic FMR1-interacting protein 1;Cytoplasmic FMR1-interacting protein 2,CYFIP1;CYFIP2,n.s.
Q96C36,-0.10155325536409876,21.44166842342669,-0.3379384578598461,0.7367549543921874,0.9798370132197967,-5.056684354561621,Q96C36,Pyrroline-5-carboxylate reductase 2,PYCR2,n.s.
Q9UNL2,0.047729921783659535,21.714566576471878,0.33737883412897623,0.7371699338722412,0.9798370132197967,-5.056807504820139,Q9UNL2,Translocon-associated protein subunit gamma,SSR3,n.s.
P05556,0.05945444879439776,22.82854233493808,0.33662294785667746,0.737739781975574,0.9798370132197967,-5.056969212888084,P05556,Integrin beta-1,ITGB1,n.s.
P23352,-0.12084336598151069,21.591906561034584,-0.33474428343925694,0.7391495318130566,0.9798370132197967,-5.057372906529176,P23352,Anosmin-1,KAL1,n.s.
P62136,0.043356481874358366,22.458262957242304,0.33402292435927927,0.7396863572455923,0.9798370132197967,-5.057529514716512,P62136,Serine/threonine-protein phosphatase PP1-alpha catalytic subunit,PPP1CA,n.s.
P11940;Q9H361;Q4VXU2;Q5JQF8,0.030300461030613235,24.967367917879727,0.3304807642634141,0.7423455527533882,0.9798370132197967,-5.058283810880356,P11940,Polyadenylate-binding protein 1,PABPC1,n.s.
P00738;P00739,-0.12771973481408594,19.909619289368155,-0.32925942394515945,0.7432674322672788,0.9798370132197967,-5.058540082944144,P00738,Haptoglobin;Haptoglobin alpha chain;Haptoglobin beta chain,HP,n.s.
Q9UH62,0.07267555342751564,20.472807158013694,0.3291885751967634,0.7433206735614821,0.9798370132197967,-5.058555034107115,Q9UH62,Armadillo repeat-containing X-linked protein 3,ARMCX3,n.s.
P61020,0.053112354374075466,21.82963121261242,0.32761551022287067,0.7444988951294624,0.9798370132197967,-5.058888111072085,P61020,Ras-related protein Rab-5B,RAB5B,n.s.
O14818,0.03452858011694815,23.150258059889946,0.3266567798675585,0.7452198757412654,0.9798370132197967,-5.059089144977058,O14818,Proteasome subunit alpha type-7,PSMA7,n.s.
Q9P0L0,0.054047595353871714,23.64808139656648,0.3255496206501411,0.7460569614061738,0.9798370132197967,-5.059318657686199,Q9P0L0,Vesicle-associated membrane protein-associated protein A,VAPA,n.s.
O60264;P28370,-0.05559073564305095,22.481278653560917,-0.3241182706668769,0.7471311197652297,0.9798370132197967,-5.059618092278945,O60264,SWI/SNF-related matrix-associated actin-dependent regulator of chromatin subfamily A member 5,SMARCA5,n.s.
Q9UBQ5,-0.04282658946984341,21.27837650426972,-0.3229475754484857,0.7480114145130047,0.9798370132197967,-5.059861400609536,Q9UBQ5,Eukaryotic translation initiation factor 3 subunit K,EIF3K,n.s.
Q15293,0.08360746802620511,20.774882724464344,0.3227704673926887,0.748148950654596,0.9798370132197967,-5.059896169156622,Q15293,Reticulocalbin-1,RCN1,n.s.
P53621,-0.03215670440469509,25.152349180882403,-0.32251947518185403,0.7483338214784081,0.9798370132197967,-5.0599499664145595,P53621,Coatomer subunit alpha;Xenin;Proxenin,COPA,n.s.
O75340,-0.06526713625445169,21.03340138391418,-0.3163860094182111,0.7529620165673445,0.9798370132197967,-5.061204215316465,O75340,Programmed cell death protein 6,PDCD6,n.s.
Q9BSJ8,0.05705832697423929,23.327840724415097,0.31547679859870625,0.75364825474367525,0.9798370132197967,-5.061388379642814,Q9BSJ8,Extended synaptotagmin-1,ESYT1,n.s.
O00629,0.060541511832138184,20.84260495899429,0.31535074166909816,0.7537424314846031,0.9798370132197967,-5.06141430881099,O00629,Importin subunit alpha-4,KPNA4,n.s.
Q07507,0.12777232555011153,21.00658731775635,0.3149343356729376,0.7540577807876508,0.9798370132197967,-5.061498006567405,Q07507,Dermatopontin,DPT,n.s.
P07585,-0.10127724446993369,23.44930946773503,-0.3146078257529839,0.7543043099502883,0.9798370132197967,-5.061563900827506,P07585,Decorin,DCN,n.s.
Q14566,0.05848946832688995,20.707522690838356,0.3143624351498904,0.7544886286765904,0.9798370132197967,-5.061613814233379,Q14566,DNA replication licensing factor MCM6,MCM6,n.s.
Q7Z7H5,0.062021303876434786,22.077208455073468,0.31354844791007447,0.755103387402994,0.9798370132197967,-5.06177766265546,Q7Z7H5,Transmembrane emp24 domain-containing protein 4,TMED4,n.s.
Q96FW1,-0.059838010918642937,22.742127689709335,-0.31345627470863413,0.7551739864381262,0.9798370132197967,-5.0617957570689835,Q96FW1,Ubiquitin thioesterase OTUB1,OTUB1,n.s.
P07900;Q58FG0;Q58FF6;Q58FG1,-0.05367631516890725,27.02125014243969,-0.31344365977145233,0.7551835152843616,0.9798370132197967,-5.061798292308942,P07900,Heat shock protein HSP 90-alpha,HSP90AA1,n.s.
Q8WWY3,-0.03363737054738891,20.654637487535812,-0.3125297054593749,0.7558699665846513,0.9798370132197967,-5.061983477688108,Q8WWY3,U4/U6 small nuclear ribonucleoprotein Prp31,PRPF31,n.s.
O00232,-0.03245417888129154,22.5876003458087,-0.3124470966377419,0.7559323864119745,0.9798370132197967,-5.0620000281476365,O00232,26S proteasome non-ATPase regulatory subunit 12,PSMD12,n.s.
Q7Z4W1,-0.09515973710924541,20.90151752426941,-0.31127386733896245,0.7568230633936124,0.9798370132197967,-5.062232847890473,Q7Z4W1,L-xylulose reductase,DCXR,n.s.
P28066,-0.04065502211504324,22.58702718910165,-0.31102892950189753,0.7570042190334422,0.9798370132197967,-5.062283475348767,P28066,Proteasome subunit alpha type-5,PSMA5,n.s.
P58546,0.0520553130889283,20.600851662022517,0.31067894612639485,0.7572689862472569,0.9798370132197967,-5.062353149351224,P58546,Myotrophin,MTPN,n.s.
Q6PIU2,0.1200672326534793,19.90730679455808,0.30937552801217716,0.7582584192514792,0.9798370132197967,-5.062610574809402,Q6PIU2,Neutral cholesterol ester hydrolase 1,NCEH1,n.s.
P32455;Q9H0R5,0.13336830848753323,19.965747395360246,0.30727930085060046,0.7598443966350645,0.9798370132197967,-5.0630250057618795,P32455,Interferon-induced guanylate-binding protein 1,GBP1,n.s.
Q9Y266,0.050990076102788606,21.066170067778984,0.306396849990707,0.7605084262429382,0.9798370132197967,-5.063200343378344,Q9Y266,Nuclear migration protein nudC,NUDC,n.s.
P53618,0.03368913460721856,24.55946445673056,0.3050436879198763,0.7615330632523457,0.9798370132197967,-5.063465602824407,P53618,Coatomer subunit beta,COPB1,n.s.
P24821,0.2867101396876244,22.56380512828522,0.3049545524387021,0.7616044854894285,0.9798370132197967,-5.063481337143064,P24821,Tenascin,TNC,n.s.
P47914,0.042314276716300725,21.78859758315551,0.3047348223930738,0.7617670017873559,0.9798370132197967,-5.063525985740483,P47914,60S ribosomal protein L29,RPL29,n.s.
Q16629,0.028751339177429003,24.534469079025943,0.3034081377202186,0.7627721034832968,0.9798370132197967,-5.0637846589934306,Q16629,Serine/arginine-rich splicing factor 7,SRSF7,n.s.
P26885,0.07112602229646114,20.53995607771455,0.3033931064020946,0.7627873843127702,0.9798370132197967,-5.063785901624522,P26885,Peptidyl-prolyl cis-trans isomerase FKBP2,FKBP2,n.s.
Q52LJ0,-0.059669381715963254,21.208526885647135,-0.3021516754645343,0.7637273196137386,0.9798370132197967,-5.064027340019162,Q52LJ0,Protein FAM98B,FAM98B,n.s.
P62753,-0.02755004161987884,23.78963978007279,-0.3016014090677114,0.7641415500995263,0.9798370132197967,-5.064135123450582,P62753,40S ribosomal protein S6,RPS6,n.s.
P35606,0.028450117094848792,25.035745390364326,0.30129747211605684,0.7643719999947906,0.9798370132197967,-5.064193875630317,P35606,Coatomer subunit beta,COPB2,n.s.
Q12905,0.02766734693051376,24.912195092315937,0.30097380870867935,0.7646174304090436,0.9798370132197967,-5.0642563761872,Q12905,Interleukin enhancer-binding factor 2,ILF2,n.s.
Q13177,0.07003597341421042,22.504208198289376,0.3006925102939564,0.7648346091251432,0.9798370132197967,-5.06430898767578,Q13177,Serine/threonine-protein kinase PAK 2;PAK-2p27;PAK-2p34,PAK2,n.s.
P54920;Q9H115,0.06063017530689763,23.354887022116422,0.30059978643635676,0.7649049298680759,0.9798370132197967,-5.064326864964856,P54920,Alpha-soluble NSF attachment protein,NAPA,n.s.
P21333,0.06410331155648308,27.257041248673602,0.3005195117197082,0.7649658109312345,0.9798370132197967,-5.064342337610189,P21333,Filamin-A,FLNA,n.s.
Q9BQG0,0.09894751575282967,18.86827267557366,0.29911551989250196,0.7660308521521162,0.9798370132197967,-5.064612286608921,Q9BQG0,Myb-binding protein 1A,MYBBP1A,n.s.
Q9HC07,0.06621364474866809,21.51546244087571,0.2986798230655079,0.7663614560114848,0.9798370132197967,-5.064695803302496,Q9HC07,Transmembrane protein 165,TMEM165,n.s.
Q15050,-0.06256458232263284,19.563328422696387,-0.2979396780603516,0.7669222495914685,0.9798370132197967,-5.064837794123385,Q15050,Ribosome biogenesis regulatory protein homolog,RRS1,n.s.
P10768,0.06556384639280566,26.88002267761236,0.2965328046780953,0.7679912374728636,0.9798370132197967,-5.0651055853739715,P10768,S-formylglutathione hydrolase,ESD,n.s.
P46783;Q9NQ39,-0.04537237675086203,22.427973484627422,-0.2965257963701734,0.767992762999648,0.9798370132197967,-5.065108529603397,P46783;Q9NQ39,40S ribosomal protein S10;Putative 40S ribosomal protein S10-like,RPS10;RPS10P5,n.s.
P14324,0.10139463422956752,21.966230450264227,0.29619111380985413,0.7682507093717608,0.9798370132197967,-5.0651705294043365,P14324,Farnesyl pyrophosphate synthase,FDPS,n.s.
P14384,-0.044314191080790266,22.904938345626906,-0.29588974723436107,0.7684757947266483,0.9798370132197967,-5.06522935225755,P14384,Carboxypeptidase M,CPM,n.s.
P55011;Q13621,-0.2074578628243664,18.784498638539482,-0.29473778881968726,0.7693546278568153,0.9798370132197967,-5.065445925245486,P55011,Solute carrier family 12 member 2,SLC12A2,n.s.
Q6ZRV2,0.08864297455136594,19.604470249781887,0.29358131782374314,0.7702334054835489,0.9798370132197967,-5.0656641056751335,Q6ZRV2,Protein FAM83H,FAM83H,n.s.
O60841,0.0315541446802321,20.016456739945657,0.29256480803635215,0.7710023385077471,0.9798370132197967,-5.065856747221795,O60841,Eukaryotic translation initiation factor 5B,EIF5B,n.s.
P16070,-0.13333428931522562,21.881144002622126,-0.2919112037544421,0.771503025025848,0.9798370132197967,-5.065977683211452,P16070,CD44 antigen,CD44,n.s.
Q07955,0.0320404675075352,24.646086447377638,0.29132061354780214,0.7719484174456726,0.9798370132197967,-5.066089704023963,Q07955,Serine/arginine-rich splicing factor 1,SRSF1,n.s.
O75821,-0.028956271894578833,20.944469434284205,-0.28962604531405345,0.7732375191740777,0.9798370132197967,-5.066405396650865,O75821,Eukaryotic translation initiation factor 3 subunit G,EIF3G,n.s.
Q6P996;Q6P474,-0.07214350349412513,24.075104788269137,-0.28826347668124913,0.774278210317408,0.9798370132197967,-5.066656380376827,Q6P996,Pyridoxal-dependent decarboxylase domain-containing protein 1,PDXDC1,n.s.
P06702,0.18280571210888752,20.804784957158027,0.28467278796089024,0.7770129022899908,0.9798370132197967,-5.067316165565883,P06702,Protein S100-A9,S100A9,n.s.
Q8WUM4,0.06217880727365355,25.042857103414118,0.2835300544213079,0.7778838140834459,0.9798370132197967,-5.067524414194979,Q8WUM4,Programmed cell death 6-interacting protein,PDCD6IP,n.s.
P02462;P29400,0.1267723135007266,19.825340826160982,0.28232155704467765,0.7788051588766043,0.9798370132197967,-5.067743739918992,P02462,Collagen alpha-1(IV) chain;Arresten,COL4A1,n.s.
Q96RP8,0.05483983952768767,20.02476303205439,0.2822880201878067,0.7788299063761223,0.9798370132197967,-5.067750149796583,Q96RP8,Potassium voltage-gated channel subfamily A member 7,KCNA7,n.s.
P53004,0.07026824521576458,23.026106979892777,0.2821722157727944,0.7789190372146437,0.9798370132197967,-5.067770778546391,P53004,Biliverdin reductase A,BLVRA,n.s.
Q16531,0.033881808780819256,23.504723685445587,0.2802456878347287,0.780384950540791,0.9798370132197967,-5.06811975359465,Q16531,DNA damage-binding protein 1,DDB1,n.s.
Q14444,-0.04716651236179814,22.482628636290745,-0.2794197156054881,0.7810157764661756,0.9798370132197967,-5.068267795628645,Q14444,Caprin-1,CAPRIN1,n.s.
O43324,0.0556145261498564,21.952725776172734,0.2788419311529778,0.7814589080219838,0.9798370132197967,-5.0683703814385295,O43324,Eukaryotic translation elongation factor 1 epsilon-1,EEF1E1,n.s.
P37198,0.021286447418457755,20.473395971137343,0.27809500586179337,0.7820263970962831,0.9798370132197967,-5.068504892212216,P37198,Nuclear pore glycoprotein p62,NUP62,n.s.
P61081,0.04589946123879329,21.002586234546804,0.27788116805750146,0.7821896574184187,0.9798370132197967,-5.068543024221077,P61081,NEDD8-conjugating enzyme Ubc12,UBE2M,n.s.
Q13435,0.03454784155076496,22.916109258940264,0.2777068136618338,0.7823227803576115,0.9798370132197967,-5.068574093843562,Q13435,Splicing factor 3B subunit 2,SF3B2,n.s.
P25786,0.040398389349988406,22.742356772289963,0.2766978378891829,0.7830932814681036,0.9798370132197967,-5.068753509992315,P25786,Proteasome subunit alpha type-1,PSMA1,n.s.
P31025,-0.06579610857287221,22.286064132725347,-0.2762297818467109,0.7834543044255499,0.9798370132197967,-5.068835108239503,P31025,Lipocalin-1,LCN1,n.s.
P11279,0.0923464844168791,22.222960201439864,0.2759244030309818,0.7836875757164985,0.9798370132197967,-5.0688891941092855,P11279,Lysosome-associated membrane glycoprotein 1,LAMP1,n.s.
Q9UHQ9,0.06831082885555517,23.494712273972315,0.2758316374479449,0.783758441002568,0.9798370132197967,-5.068905612090698,Q9UHQ9,NADH-cytochrome b5 reductase 1,CYB5R1,n.s.
P42081,-0.08036088746039383,21.409625375907346,-0.27282927363281745,0.7860529933667243,0.9798370132197967,-5.069434011974767,P42081,T-lymphocyte activation antigen CD86,CD86,n.s.
Q9Y224,0.05386010856410195,21.697922136741568,0.2708395524820521,0.7875738559983445,0.9798370132197967,-5.069781347412379,Q9Y224,UPF0568 protein C14orf166,C14orf166,n.s.
Q5VYK3,-0.05302922631707219,21.20680081303412,-0.27001480136625866,0.7882048560769168,0.9798370132197967,-5.069924439926438,Q5VYK3,Proteasome-associated protein ECM29 homolog,ECM29,n.s.
O75352,0.05610001667902864,20.701331660250908,0.26541917248414865,0.791724300954364,0.9798370132197967,-5.070713493806465,O75352,Mannose-P-dolichol utilization defect 1 protein,MPDU1,n.s.
P63241;Q6IS14;Q9GZV4,-0.05703160665260043,22.974880207344313,-0.263567256286563,0.7931434478381849,0.9798370132197967,-5.0710277769726675,P63241;Q6IS14,Eukaryotic translation initiation factor 5A-1;Eukaryotic translation initiation factor 5A-1-like,EIF5A;EIF5AL1,n.s.
P14550,0.0716250756360246,21.419956472112393,0.2631830479662017,0.7934379600190388,0.9798370132197967,-5.071092705192462,P14550,Alcohol dehydrogenase [NADP(+)],AKR1A1,n.s.
O43488,-0.05878681079027359,20.52175023740435,-0.2600629300010631,0.7958307833153759,0.9798370132197967,-5.071616485553732,O43488,Aflatoxin B1 aldehyde reductase member 2,AKR7A2,n.s.
P51888,-0.117909973007162,21.20987080281482,-0.2596970718234549,0.796111490429766,0.9798370132197967,-5.071677495158897,P51888,Prolargin,PRELP,n.s.
Q96PU5,0.10892016062804899,18.080615928095476,0.2591896340236576,0.7965008703743346,0.9798370132197967,-5.071761972553794,Q96PU5,E3 ubiquitin-protein ligase NEDD4-like,NEDD4L,n.s.
Q8NFU3,0.06445435434480373,22.317550190601136,0.25917241594156915,0.7965140835013008,0.9798370132197967,-5.071764836103086,Q8NFU3,Thiosulfate sulfurtransferase/rhodanese-like domain-containing protein 1,TSTD1,n.s.
P33121;Q9ULC5,0.08678797153555351,21.015479686645385,0.2590371175310838,0.7966179133599527,0.9798370132197967,-5.071787331063342,P33121,Long-chain-fatty-acid--CoA ligase 1,ACSL1,n.s.
P29373,0.11595770238049852,21.53314883430861,0.2587330362802274,0.7968512830012746,0.9798370132197967,-5.071837845449279,P29373,Cellular retinoic acid-binding protein 2,CRABP2,n.s.
Q92973,-0.031799025952750526,22.638991717044487,-0.2580309271945067,0.7973869201582499,0.9798370132197967,-5.071955494739822,Q92973,Transportin-1,TNPO1,n.s.
O75874,-0.07950832473329328,21.980919847110105,-0.2577237019726769,0.7976260387073064,0.9798370132197967,-5.072005093567141,O75874,Isocitrate dehydrogenase [NADP] cytoplasmic,IDH1,n.s.
P30536,0.06322664830862124,21.15582110997185,0.257181059935309,0.7980426505680042,0.9798370132197967,-5.0720947408479,P30536,Translocator protein,TSPO,n.s.
P98160,0.09827465615144959,22.2538447266828,0.25631705517502373,0.7987061098080803,0.9798370132197967,-5.072237090316669,P98160,Basement membrane-specific heparan sulfate proteoglycan core protein;Endorepellin;LG3 peptide,HSPG2,n.s.
Q14011,0.060440568469445566,22.953187649525077,0.25554567163537567,0.7992985726649826,0.9798370132197967,-5.07236377656371,Q14011,Cold-inducible RNA-binding protein,CIRBP,n.s.
P12236;Q9H0C2,0.03404009695009336,25.446191047626233,0.2545283483116987,0.800079330604845,0.9798370132197967,-5.072530564735105,P12236,ADP/ATP translocase 3,SLC25A6,n.s.
P30040,0.041534507137239274,23.12796321366003,0.2528453241066986,0.8013727391073189,0.9798370132197967,-5.072804552381068,P30040,Endoplasmic reticulum resident protein 29,ERP29,n.s.
Q00765,-0.05077916427008944,22.864874706263528,-0.25252104266031633,0.8016227894604718,0.9798370132197967,-5.072856847448211,Q00765,Receptor expression-enhancing protein 5,REEP5,n.s.
P62495,-0.029706340451991053,22.676712314093606,-0.25247551129100265,0.8016545918851096,0.9798370132197967,-5.072865414752402,P62495,Eukaryotic peptide chain release factor subunit 1,ETF1,n.s.
P07814,-0.0340917188567893,24.62988774517446,-0.25236624571518723,0.8017410147014465,0.9798370132197967,-5.072882212624357,P07814,Bifunctional glutamate/proline--tRNA ligase;Glutamate--tRNA ligase;Proline--tRNA ligase,EPRS,n.s.
P29728,-0.09590070391195837,21.07404796259587,-0.2523664665343653,0.8017416191696694,0.9798370132197967,-5.072881889082695,P29728,2-5-oligoadenylate synthase 2,OAS2,n.s.
P33991,0.0624277813471501,20.08263753506999,0.25160018225349384,0.8023307664170574,0.9798370132197967,-5.073005802964686,P33991,DNA replication licensing factor MCM4,MCM4,n.s.
P49354,-0.057190266134035994,19.969663170573934,-0.2472190272467802,0.8057013681451758,0.9798370132197967,-5.073707055690959,P49354,Protein farnesyltransferase/geranylgeranyltransferase type-1 subunit alpha,FNTA,n.s.
O75643,-0.02400292719350361,23.85806944707124,-0.24698778961789258,0.8058762467059439,0.9798370132197967,-5.073744867422687,O75643,U5 small nuclear ribonucleoprotein 200 kDa helicase,SNRNP200,n.s.
P62913,0.022373248676966995,23.476530978503003,0.24583562726512234,0.8067633390934037,0.9798370132197967,-5.073927064101327,P62913,60S ribosomal protein L11,RPL11,n.s.
P24723,-0.07552022662648739,23.145603564820995,-0.24479054932076166,0.8075713010426058,0.9798370132197967,-5.074090471117725,P24723,Protein kinase C eta type,PRKCH,n.s.
P61077;P62837;P51668;Q9Y2X8,-0.043047604961479635,21.46326611484085,-0.24372968752552127,0.808385850342825,0.9798370132197967,-5.074257743162869,P61077;P62837,Ubiquitin-conjugating enzyme E2 D3;Ubiquitin-conjugating enzyme E2 D2,UBE2D3;UBE2D2,n.s.
Q9UQE7,-0.03387158659102951,21.56359626901406,-0.24287674779422566,0.8090426589320376,0.9798370132197967,-5.074391074153201,Q9UQE7,Structural maintenance of chromosomes protein 3,SMC3,n.s.
Q9Y6E2,-0.07490599525849717,20.687505929479947,-0.2428534765281403,0.8090636629506809,0.9798370132197967,-5.074393596846565,Q9Y6E2,Basic leucine zipper and W2 domain-containing protein 2,BZW2,n.s.
Q96HY6,0.052546289470658536,21.31869099036906,0.2404553338088644,0.8109122325157927,0.9798370132197967,-5.074765547709758,Q96HY6,DDRGK domain-containing protein 1,DDRGK1,n.s.
O95825,-0.03666948926549907,23.869433674042174,-0.24041068746169814,0.8109466577538693,0.9798370132197967,-5.074772437444846,O95825,Quinone oxidoreductase-like protein 1,CRYZL1,n.s.
P35998,-0.021251359580961804,22.274004155023565,-0.2393719999978603,0.8117446348660726,0.9798370132197967,-5.074933439976544,P35998,26S protease regulatory subunit 7,PSMC2,n.s.
Q7Z3K3,-0.101796739076633,18.533566994187314,-0.23936951840519924,0.8117495733491584,0.9798370132197967,-5.074932746857683,Q7Z3K3,Pogo transposable element with ZNF domain,POGZ,n.s.
P62195,-0.028567814904004507,22.666257656532334,-0.2391059467052239,0.8119498426018186,0.9798370132197967,-5.074974291215404,P62195,26S protease regulatory subunit 8,PSMC5,n.s.
P14174,0.07495778197263547,21.79544655249991,0.23891281260747493,0.8121018342818564,0.9798370132197967,-5.075002847236065,P14174,Macrophage migration inhibitory factor,MIF,n.s.
P98179,0.07441811420216382,22.73574272767682,0.23869024084576673,0.8122735198943983,0.9798370132197967,-5.075036961695379,P98179,Putative RNA-binding protein 3,RBM3,n.s.
P50995,0.06310001293957157,22.570266305945346,0.23604374728388403,0.8143156600583338,0.9798370132197967,-5.075440170678669,P50995,Annexin A11,ANXA11,n.s.
P29590,0.05667391949435441,20.529866089838073,0.23593020730355033,0.8144033012013397,0.9798370132197967,-5.075457368889928,P29590,Protein PML,PML,n.s.
P21860,0.05182819128185301,21.254129519676894,0.23571748001135984,0.8145675111415482,0.9798370132197967,-5.075489569064208,P21860,Receptor tyrosine-protein kinase erbB-3,ERBB3,n.s.
P40763,-0.0467763288796057,22.877720052070405,-0.235529279923567,0.814712794858773,0.9798370132197967,-5.075518032450552,P40763,Signal transducer and activator of transcription 3,STAT3,n.s.
Q13347,-0.024684486295520003,21.492233917208374,-0.2332561771613514,0.8164651215103319,0.9798370132197967,-5.075861048502738,Q13347,Eukaryotic translation initiation factor 3 subunit I,EIF3I,n.s.
Q66K14,0.06689852411185271,19.570840061768045,0.23229579186326824,0.8172099514001383,0.9798370132197967,-5.0760035245527835,Q66K14,TBC1 domain family member 9B,TBC1D9B,n.s.
Q9H4A4,-0.05157139414098921,24.068511391899204,-0.23170500536964453,0.8176664108155047,0.9798370132197967,-5.076091505127233,Q9H4A4,Aminopeptidase B,RNPEP,n.s.
Q14258,0.02773404952789349,21.69217284763052,0.23140401661611562,0.8178960692711507,0.9798370132197967,-5.076137249628322,Q14258,E3 ubiquitin/ISG15 ligase TRIM25,TRIM25,n.s.
P84090,0.03754280521993536,22.057426473283275,0.231396567724267,0.8179018254222531,0.9798370132197967,-5.076138356001856,P84090,Enhancer of rudimentary homolog,ERH,n.s.
Q14240,-0.060614212406413515,21.46020415355837,-0.2297500192906814,0.8191773445570902,0.9798370132197967,-5.0763810508819285,Q14240,Eukaryotic initiation factor 4A-II,EIF4A2,n.s.
P51153,-0.046564181171753205,20.846459622460245,-0.2284682384775772,0.8201683591774473,0.9798370132197967,-5.076569562761412,P51153,Ras-related protein Rab-13,RAB13,n.s.
P26038,0.05986613588540379,22.5908883102294,0.22780977033523508,0.8206775717786534,0.9798370132197967,-5.076665994919947,P26038,Moesin,MSN,n.s.
P42025,-0.038266047854015994,21.27796721619712,-0.22729690935540572,0.8210713712412804,0.9798370132197967,-5.0767418834846465,P42025,Beta-centractin,ACTR1B,n.s.
P63151;Q66LE6;Q00005;Q9Y2T4,-0.06451732584133296,21.738121131910077,-0.22712665160706064,0.8212059295811809,0.9798370132197967,-5.076765743778557,P63151,Serine/threonine-protein phosphatase 2A 55 kDa regulatory subunit B alpha isoform,PPP2R2A,n.s.
Q92616,0.044495935664020436,22.86760459707235,0.22364094976959412,0.8239032381427922,0.9798370132197967,-5.077270073538919,Q92616,Translational activator GCN1,GCN1L1,n.s.
P13798,0.06334561016467077,23.11667748673752,0.2229710504371348,0.8244218664779879,0.9798370132197967,-5.077366106908384,P13798,Acylamino-acid-releasing enzyme,APEH,n.s.
Q9NYF8,0.03282657785435106,21.941486549431904,0.22199869634178368,0.8251719970651135,0.9798370132197967,-5.077505916978894,Q9NYF8,Bcl-2-associated transcription factor 1,BCLAF1,n.s.
P23396,0.01689629445640506,25.003767379893535,0.22102052507429493,0.825929606904783,0.9798370132197967,-5.0776450096116195,P23396,40S ribosomal protein S3,RPS3,n.s.
P28799,0.029736172369190683,20.9274206956562,0.22016426307106018,0.8265929329057582,0.9798370132197967,-5.077766264268172,P28799,Granulins;Acrogranin;Paragranulin;Granulin-1;Granulin-2;Granulin-3;Granulin-4;Granulin-5;Granulin-6;Granulin-7,GRN,n.s.
Q9UBC2,-0.05829240130623603,19.87165768847976,-0.2199609092827945,0.8267532532437893,0.9798370132197967,-5.077794078887966,Q9UBC2,Epidermal growth factor receptor substrate 15-like 1,EPS15L1,n.s.
Q15392,-0.07000189969942028,20.854188331966192,-0.21956384342399993,0.827060902834954,0.9798370132197967,-5.077850099243289,Q15392,Delta(24)-sterol reductase,DHCR24,n.s.
Q9H479,-0.037776726591506105,19.648962676558863,-0.2182891794186466,0.8280459600485292,0.9798370132197967,-5.078030153769284,Q9H479,Fructosamine-3-kinase,FN3K,n.s.
P42766,-0.04946456701418711,21.650734946174374,-0.21755147628793536,0.8286205188380154,0.9798370132197967,-5.078132463144642,P42766,60S ribosomal protein L35,RPL35,n.s.
P27695,0.04163744545759229,20.5554144364041,0.21660374993736717,0.8293546032057988,0.9798370132197967,-5.0782647590425345,P27695,"DNA-(apurinic or apyrimidinic site) lyase;DNA-(apurinic or apyrimidinic site) lyase, mitochondrial",APEX1,n.s.
O75367,0.02803288642488866,26.00687758932858,0.2165354111272661,0.8294073532538184,0.9798370132197967,-5.078274337964421,O75367,Core histone macro-H2A.1,H2AFY,n.s.
P17980,-0.020204186079009645,23.055092181985508,-0.21633743044234818,0.8295590393318878,0.9798370132197967,-5.078302441240903,P17980,26S protease regulatory subunit 6A,PSMC3,n.s.
Q15437,-0.03166345053333686,23.97662640486632,-0.21602161759935404,0.8298062752288423,0.9798370132197967,-5.07834551021579,Q15437,Protein transport protein Sec23B,SEC23B,n.s.
O75533,0.019114726265318183,23.772190201776983,0.21475627690193394,0.8307852944301967,0.9798370132197967,-5.0785212384259255,O75533,Splicing factor 3B subunit 1,SF3B1,n.s.
Q9NR23,-0.055408947265487285,21.693734260304446,-0.2138922129006469,0.8314582826040663,0.9798370132197967,-5.078639264316124,Q9NR23,Growth/differentiation factor 3,GDF3,n.s.
Q6PI47,-0.0400412740989573,20.07253275131,-0.21327101179109886,0.8319396015319386,0.9798370132197967,-5.078724656279532,Q6PI47,BTB/POZ domain-containing protein KCTD18,KCTD18,n.s.
P05387,-0.028750894712640473,25.11711237227833,-0.2128566871743874,0.8322610987961477,0.9798370132197967,-5.078781333330709,P05387,60S acidic ribosomal protein P2,RPLP2,n.s.
P28072,-0.033971858726921766,21.960184522474986,-0.21243230147633296,0.8325884097447368,0.9798370132197967,-5.078839919736696,P28072,Proteasome subunit beta type-6,PSMB6,n.s.
P61221,-0.06526193970134031,21.175959243155866,-0.21242161461162534,0.8325993729288932,0.9798370132197967,-5.07884052352255,P61221,ATP-binding cassette sub-family E member 1,ABCE1,n.s.
P09496,-0.05917447326536163,20.839131018051408,-0.20943197402728134,0.8349202595403628,0.9798370132197967,-5.079245401053782,P09496,Clathrin light chain A,CLTA,n.s.
Q15427,0.029746508324329568,21.629471234317826,0.20908466868850584,0.8351873465422889,0.9798370132197967,-5.079292892244869,Q15427,Splicing factor 3B subunit 4,SF3B4,n.s.
Q01105,0.03208825602857601,24.155245683708234,0.20867334200324536,0.8355094290748583,0.9798370132197967,-5.079347229408409,Q01105,Protein SET,SET,n.s.
O96019,0.028498104229708332,21.21064264094664,0.20817266071160753,0.8358957068146986,0.9798370132197967,-5.079415052988648,O96019,Actin-like protein 6A,ACTL6A,n.s.
Q9Y2B0,-0.058367410731765546,21.308255472107536,-0.20760638327726982,0.8363382122285548,0.9798370132197967,-5.079489819400765,Q9Y2B0,Protein canopy homolog 2,CNPY2,n.s.
O75843,0.04097972818139439,19.985180352170627,0.20738327158573835,0.8365113838074523,0.9798370132197967,-5.079519593925254,O75843,AP-1 complex subunit gamma-like 2,AP1G2,n.s.
P19338,0.02844233039247257,26.709213746609198,0.20710303861731036,0.8367286314770191,0.9798370132197967,-5.079557030767244,P19338,Nucleolin,NCL,n.s.
P62249,-0.016220648475659516,24.269248091161682,-0.20596223290528745,0.837613122020417,0.9798370132197967,-5.0797089224892495,P62249,40S ribosomal protein S16,RPS16,n.s.
P60981,-0.04865526878747062,22.95834094560775,-0.20479849595745292,0.8385201900822594,0.9798370132197967,-5.079861584562438,P60981,Destrin,DSTN,n.s.
P61247,-0.021019128442613777,23.987940246739733,-0.20270892483874764,0.8401422600741475,0.9798370132197967,-5.080135745845337,P61247,40S ribosomal protein S3a,RPS3A,n.s.
Q8NBJ4,-0.06396579213051012,21.99771983440964,-0.20218871587466697,0.8405493672656212,0.9798370132197967,-5.080202590890511,Q8NBJ4,Golgi membrane protein 1,GOLM1,n.s.
Q9Y6C9,-0.036446238073139625,23.23666037098669,-0.20215118895921375,0.8405785534801288,0.9798370132197967,-5.080207462509586,Q9Y6C9,Mitochondrial carrier homolog 2,MTCH2,n.s.
Q9H7Z7,0.03569374330354336,19.98738575411514,0.2019600215440964,0.8407254829498674,0.9798370132197967,-5.080232800895133,Q9H7Z7,Prostaglandin E synthase 2;Prostaglandin E synthase 2 truncated form,PTGES2,n.s.
Q07020,0.017285341074931182,25.207181382214845,0.19984730890480296,0.8423682998420581,0.9798370132197967,-5.080505574770067,Q07020,60S ribosomal protein L18,RPL18,n.s.
Q13098,0.029738447890196085,20.537536009426564,0.19974308695662665,0.8424493982638097,0.9798370132197967,-5.080518945155401,Q13098,COP9 signalosome complex subunit 1,GPS1,n.s.
Q86U42,0.029363540824636658,22.482273337373645,0.19886011166122952,0.8431365383882594,0.9798370132197967,-5.080631940680339,Q86U42,Polyadenylate-binding protein 2,PABPN1,n.s.
P22234,0.04353974518251036,22.70652184619883,0.19865468955246302,0.8432989075187611,0.9798370132197967,-5.080657407473341,P22234,Multifunctional protein ADE2;Phosphoribosylaminoimidazole-succinocarboxamide synthase;Phosphoribosylaminoimidazole carboxylase,PAICS,n.s.
Q9UBM7,0.061807964841406715,20.14083930474691,0.19839478204857366,0.8435011985706016,0.9798370132197967,-5.080690540704906,Q9UBM7,7-dehydrocholesterol reductase,DHCR7,n.s.
Q9NQ48,-0.03490021224764206,20.318675343053442,-0.19746122471309904,0.8442264500522215,0.9798370132197967,-5.080809626150561,Q9NQ48,Leucine zipper transcription factor-like protein 1,LZTFL1,n.s.
P02671,-0.07266628394803476,20.00066856196392,-0.19719264140387166,0.8444369859223816,0.9798370132197967,-5.080843227465823,P02671,Fibrinogen alpha chain;Fibrinopeptide A;Fibrinogen alpha chain,FGA,n.s.
Q9Y2Z0,0.03373993175949863,20.87677495160234,0.19487039543324736,0.8462432725358051,0.9798370132197967,-5.081136170686765,Q9Y2Z0,Suppressor of G2 allele of SKP1 homolog,SUGT1,n.s.
P29692,0.027821230380148165,24.95613644061489,0.19164200665889017,0.8487606986673307,0.9798370132197967,-5.081536216103491,P29692,Elongation factor 1-delta,EEF1D,n.s.
O43747,0.03792144925388996,21.23965807564416,0.19097811087402808,0.8492775833048514,0.9798370132197967,-5.081617948485681,O43747,AP-1 complex subunit gamma-1,AP1G1,n.s.
P35268,-0.018080126813426745,23.92220759348412,-0.19090414605225653,0.8493334274727193,0.9798370132197967,-5.0816275438407565,P35268,60S ribosomal protein L22,RPL22,n.s.
P29401,-0.04866040608501976,25.308343151822534,-0.18891239878198038,0.8508886761794369,0.9798370132197967,-5.081869760453578,P29401,Transketolase,TKT,n.s.
Q9UJS0,0.0528668545841775,22.558294132285027,0.188376849465466,0.8513063172115504,0.9798370132197967,-5.081934641445627,Q9UJS0,Calcium-binding mitochondrial carrier protein Aralar2,SLC25A13,n.s.
Q9P2J3,0.026451381739963864,23.07739900309374,0.18429106357441793,0.8544916629100474,0.9798370132197967,-5.0824242240372275,Q9P2J3,Kelch-like protein 9,KLHL9,n.s.
P54132,-0.0192424128367108,23.08453093614267,-0.1840047814357055,0.8547151105705106,0.9798370132197967,-5.08245807947537,P54132,Bloom syndrome protein,BLM,n.s.
O75746,0.057863473761152306,20.04211709953366,0.1837282894521866,0.8549332250726518,0.9798370132197967,-5.082490083309003,O75746,Calcium-binding mitochondrial carrier protein Aralar1,SLC25A12,n.s.
Q8IY81,-0.042923306596932775,20.128066834254625,-0.1836482638230546,0.8549956906660845,0.9798370132197967,-5.08249952402585,Q8IY81,Putative rRNA methyltransferase 3,FTSJ3,n.s.
P14625;Q58FF3,0.027772824923623318,26.525670615321584,0.1828666892708701,0.8556058132907685,0.9798370132197967,-5.082591511423489,P14625,Endoplasmin,HSP90B1,n.s.
Q96G23,-0.04493945337005911,22.060856298715784,-0.1825363612455339,0.8558637048576296,0.9798370132197967,-5.082630271632941,Q96G23,Ceramide synthase 2,CERS2,n.s.
P46459,0.03136237859160218,23.24416641468062,0.1804732316492036,0.8574747753337277,0.9798370132197967,-5.082870773277561,P46459,Vesicle-fusing ATPase,NSF,n.s.
P16104;Q96QV6,0.04262061177200849,23.79611551211089,0.18002558682874312,0.8578244161247464,0.9798370132197967,-5.082922595495085,P16104;Q96QV6,Histone H2A.x;Histone H2A type 1-A,H2AFX;HIST1H2AA,n.s.
P06756,0.033898927741631724,20.828585988052225,0.17942379875070671,0.8582939557098439,0.9798370132197967,-5.082992208721168,P06756,Integrin alpha-V;Integrin alpha-V heavy chain;Integrin alpha-V light chain,ITGAV,n.s.
P12004,0.04074444158039725,21.479736855028246,0.17449544440424813,0.8621461757587325,0.9798370132197967,-5.083552201548134,P12004,Proliferating cell nuclear antigen,PCNA,n.s.
Q13576,0.05907855076154789,21.961435107242334,0.17364660884763206,0.86280991301805,0.9798370132197967,-5.083647105298063,Q13576,Ras GTPase-activating-like protein IQGAP2,IQGAP2,n.s.
Q7Z6Z7,-0.027061678962432723,22.01193098269276,-0.17142253033704513,0.8645473385182094,0.9798370132197967,-5.083894138511559,Q7Z6Z7,E3 ubiquitin-protein ligase HUWE1,HUWE1,n.s.
P51114;P51116,-0.03537267045174275,21.696454238097807,-0.17081589681959042,0.8650240734904159,0.9798370132197967,-5.083960252222255,P51114,Fragile X mental retardation syndrome-related protein 1,FXR1,n.s.
Q14103,0.018656622261985945,24.868453971156733,0.1707746292864983,0.8650542304044946,0.9798370132197967,-5.083965337639078,Q14103,Heterogeneous nuclear ribonucleoprotein D0,HNRNPD,n.s.
P62280,-0.02286772727056885,23.16167372230229,-0.16974574709815107,0.8658593039977474,0.9798370132197967,-5.084077850343379,P62280,40S ribosomal protein S11,RPS11,n.s.
Q9BW60,-0.040995442353700895,19.819883365995544,-0.1694764504525403,0.8660721590093925,0.9798370132197967,-5.084106637061756,Q9BW60,Elongation of very long chain fatty acids protein 1,ELOVL1,n.s.
Q9UNS2,-0.020290353986208487,20.554568780015423,-0.16825483855492615,0.8670261550950435,0.9798370132197967,-5.084239682968046,Q9UNS2,COP9 signalosome complex subunit 3,COPS3,n.s.
P25789,-0.02377920784429932,22.21951691860843,-0.16684233733214257,0.8681319162176231,0.9798370132197967,-5.08439168966655,P25789,Proteasome subunit alpha type-4,PSMA4,n.s.
Q9UHD8,0.030641168178114242,23.267543626381624,0.16571637748109636,0.8690156173678336,0.9798370132197967,-5.084511417278851,Q9UHD8,Septin-9,41526.0,n.s.
P62263,-0.02092033154632489,23.071759543423482,-0.16401580819236225,0.8703454284103892,0.9798370132197967,-5.084692024951648,P62263,40S ribosomal protein S14,RPS14,n.s.
P12268,-0.05349995355604875,22.85127696065922,-0.16376453103460642,0.8705443001290426,0.9798370132197967,-5.084717962403511,P12268,Inosine-5-monophosphate dehydrogenase 2,IMPDH2,n.s.
P61088;Q5JXB2,0.02192850280878389,23.763606602644984,0.1612952914963406,0.8724775290950219,0.9798370132197967,-5.084976101655153,P61088,Ubiquitin-conjugating enzyme E2 N,UBE2N,n.s.
Q13148,0.014142638963630105,23.13194355459674,0.15773176977986367,0.8752703059689877,0.9798370132197967,-5.085341379422174,Q13148,TAR DNA-binding protein 43,TARDBP,n.s.
Q92945,-0.02755841241621937,23.732367851483268,-0.15761826428719974,0.8753612701442834,0.9798370132197967,-5.085352398480885,Q92945,Far upstream element-binding protein 2,KHSRP,n.s.
Q9Y383;Q9NQ29,0.023405240252376558,22.120017393888453,0.15697159199072286,0.8758664076662106,0.9798370132197967,-5.085418214053684,Q9Y383;Q9NQ29,Putative RNA-binding protein Luc7-like 2;Putative RNA-binding protein Luc7-like 1,LUC7L2;LUC7L,n.s.
P22626,-0.014005764719616565,27.690079599336336,-0.1559922699669149,0.8766344604431745,0.9798370132197967,-5.085516652158128,P22626,Heterogeneous nuclear ribonucleoproteins A2/B1,HNRNPA2B1,n.s.
P13693,-0.03832591632115623,21.076989620873814,-0.15587020261804838,0.876732142537619,0.9798370132197967,-5.085528412160077,P13693,Translationally-controlled tumor protein,TPT1,n.s.
P67870,0.019192773197666213,20.263323991100222,0.15406391587719798,0.8781471591536989,0.9798370132197967,-5.085708685131563,P67870,Casein kinase II subunit beta,CSNK2B,n.s.
Q9UGP8,0.039108305264427656,20.47041882712705,0.15370270661418614,0.8784324734593367,0.9798370132197967,-5.0857439364616654,Q9UGP8,Translocation protein SEC63 homolog,SEC63,n.s.
P17480,-0.015296347894981466,20.55237226987435,-0.15163828835115148,0.8800505937639564,0.9798370132197967,-5.085946850631505,P17480,Nucleolar transcription factor 1,UBTF,n.s.
P35222,-0.039132600421840635,22.75147631239936,-0.1512703257113178,0.8803412848517623,0.9798370132197967,-5.085982210102079,P35222,Catenin beta-1,CTNNB1,n.s.
P61586,-0.021700254298977484,23.0370058059457,-0.15039613736559787,0.8810256093611002,0.9798370132197967,-5.086067352364762,P61586,Transforming protein RhoA,RHOA,n.s.
Q14019,0.05247772273582996,21.328531696301628,0.1483583540788622,0.882627395238327,0.9798370132197967,-5.086262471072547,Q14019,Coactosin-like protein,COTL1,n.s.
P17098,-0.04332781966141397,19.57881214003705,-0.14815917685650884,0.8827838008883024,0.9798370132197967,-5.0862814419497395,P17098,Zinc finger protein 8,ZNF8,n.s.
P61601;P84074,0.04324820325883394,22.947539942463646,0.14736333876135874,0.8834087865494082,0.9798370132197967,-5.086356988446158,P61601,Neurocalcin-delta,NCALD,n.s.
P20073,0.024600349308691705,23.209496161580105,0.1466675615289457,0.8839552538406376,0.9798370132197967,-5.08642270347481,P20073,Annexin A7,ANXA7,n.s.
Q96FQ6,-0.07067798184207419,20.89400718346187,-0.14511920391032795,0.8851715459679804,0.9798370132197967,-5.086567828426865,Q96FQ6,Protein S100-A16,S100A16,n.s.
P27338,0.09952785149972243,21.131837813301726,0.14400039385321664,0.8860505860500663,0.9798370132197967,-5.086671735114016,P27338,Amine oxidase [flavin-containing] B,MAOB,n.s.
P13667,0.028620335487318016,25.52970599513591,0.14356360456025524,0.8863938071085069,0.9798370132197967,-5.08671208280087,P13667,Protein disulfide-isomerase A4,PDIA4,n.s.
Q8IV36,0.015080800249567261,20.08846591441222,0.13756106084112577,0.891110981496009,0.9798370132197967,-5.087254519308202,Q8IV36,Protein hid-1 homolog,C17orf28,n.s.
P48444,-0.01302797657483623,24.121455723884257,-0.13747539114767954,0.891178360700644,0.9798370132197967,-5.087262088052224,P48444,Coatomer subunit delta,ARCN1,n.s.
Q9UBV8,0.03209115563459264,19.88045306955549,0.13704783463502823,0.8915163471529826,0.9798370132197967,-5.087299429185683,Q9UBV8,Peflin,PEF1,n.s.
Q15393,0.01133675773636611,24.058582814911983,0.13623304277666312,0.8921555581641114,0.9798370132197967,-5.087371317558493,Q15393,Splicing factor 3B subunit 3,SF3B3,n.s.
P11142,0.013591629324935184,27.48512128065081,0.13393031339504388,0.8939672669302182,0.9798370132197967,-5.0875711578992835,P11142,Heat shock cognate 71 kDa protein,HSPA8,n.s.
P11047,-0.028582237057491966,20.346465382309603,-0.1337482187119587,0.8941122167728421,0.9798370132197967,-5.087586470423189,P11047,Laminin subunit gamma-1,LAMC1,n.s.
Q13200,0.012706502798774721,24.013118883918914,0.13371802853886341,0.8941343142019365,0.9798370132197967,-5.087589409510642,Q13200,26S proteasome non-ATPase regulatory subunit 2,PSMD2,n.s.
P62993,-0.026118217971479396,20.903864891281493,-0.13340440346883578,0.8943823695305324,0.9798370132197967,-5.087616060826949,P62993,Growth factor receptor-bound protein 2,GRB2,n.s.
Q9NS69,-0.023522977247147026,23.153103152265288,-0.13267747656670942,0.8949548418790261,0.9798370132197967,-5.087678114888176,Q9NS69,Mitochondrial import receptor subunit TOM22 homolog,TOMM22,n.s.
O14976,-0.023194134502315222,19.91709059771465,-0.13250187085019363,0.8950916548006987,0.9798370132197967,-5.087693361717395,O14976,Cyclin-G-associated kinase,GAK,n.s.
Q7Z434,-0.025352196620925582,20.166738506822938,-0.13214392174499573,0.8953743737953894,0.9798370132197967,-5.0877235885464955,Q7Z434,Mitochondrial antiviral-signaling protein,MAVS,n.s.
O00161,0.02342399420750496,20.639647051542262,0.13193430932707015,0.8955387986283021,0.9798370132197967,-5.087741485444844,O00161,Synaptosomal-associated protein 23,SNAP23,n.s.
P12110,0.03664456787019432,24.524746672098264,0.13069987481409637,0.8965114439279154,0.9798370132197967,-5.087845442285461,P12110,Collagen alpha-2(VI) chain,COL6A2,n.s.
P62851,-0.023975105382550765,19.911895096369786,-0.13036321143761914,0.8967759457874336,0.9798370132197967,-5.08787378575624,P62851,40S ribosomal protein S25,RPS25,n.s.
P06733;P13929,0.03790138767215012,22.99296498705438,0.1298343066530053,0.8971928758343586,0.9798370132197967,-5.08791788921654,P06733,Alpha-enolase,ENO1,n.s.
Q9BRA2,0.046942530556517426,21.680692942136023,0.12953263608117918,0.8974303890116889,0.9798370132197967,-5.087943025629143,Q9BRA2,Thioredoxin domain-containing protein 17,TXNDC17,n.s.
P14314,0.018750156151469355,23.6923577807609,0.129029637631565,0.8978260465281788,0.9798370132197967,-5.087984885434801,P14314,Glucosidase 2 subunit beta,PRKCSH,n.s.
O43852,-0.04122187392966126,21.338443402140662,-0.1286183422135405,0.898150294288121,0.9798370132197967,-5.088018851443899,O43852,Calumenin,CALU,n.s.
Q9HCY8,0.053755299348843266,21.386976356543894,0.12848651782485415,0.8982540985391563,0.9798370132197967,-5.088029739869326,Q9HCY8,Protein S100-A14,S100A14,n.s.
P50552,0.021901373558012693,20.1764570161508,0.12840290641730726,0.8983185900762645,0.9798370132197967,-5.088036909982271,P50552,Vasodilator-stimulated phosphoprotein,VASP,n.s.
Q86UP2,-0.028096623413436106,24.909617371035793,-0.1279029768754694,0.8987136255237591,0.9798370132197967,-5.0880778051663516,Q86UP2,Kinectin,KTN1,n.s.
P27824,-0.022879149294368517,26.044420795414638,-0.12631006396645728,0.8999681904187042,0.9798370132197967,-5.088207897905579,P27824,Calnexin,CANX,n.s.
O76094,-0.02072758876635561,21.70686143378698,-0.125358703958913,0.9007160426388363,0.9798370132197967,-5.088285121939947,O76094,Signal recognition particle 72 kDa protein,SRP72,n.s.
Q96IX5,0.013551398358682576,22.140470917399035,0.12477480186227728,0.9011760469416976,0.9798370132197967,-5.088332041625368,Q96IX5,Up-regulated during skeletal muscle growth protein 5,USMG5,n.s.
Q14683,-0.017641593129912536,20.779380435304837,-0.12189319659360448,0.9034467032955308,0.9798370132197967,-5.0885603886272035,Q14683,Structural maintenance of chromosomes protein 1A,SMC1A,n.s.
P62906,-0.012577557242721582,24.007657702395004,-0.12160490577505888,0.9036739166255576,0.9798370132197967,-5.088582940302344,P62906,60S ribosomal protein L10a,RPL10A,n.s.
P08123,-0.03805555998000898,27.021003132026514,-0.1204721907847139,0.9045682246491693,0.9798370132197967,-5.088670749983029,P08123,Collagen alpha-2(I) chain,COL1A2,n.s.
Q9Y3I0,0.020869429264898542,22.486201684971842,0.12037784567551547,0.9046415807311975,0.9798370132197967,-5.088678240629135,Q9Y3I0,tRNA-splicing ligase RtcB homolog,C22orf28,n.s.
O43143,0.013679358376418094,23.554070411367135,0.1198605026902236,0.9050489217030823,0.9798370132197967,-5.088718258733208,O43143,Putative pre-mRNA-splicing factor ATP-dependent RNA helicase DHX15,DHX15,n.s.
P62306,-0.023849930220674054,20.98563936920229,-0.11930469500406445,0.9054883925919639,0.9798370132197967,-5.088760721617723,P62306,Small nuclear ribonucleoprotein F,SNRPF,n.s.
Q9NZM1;O75923,0.03550543499866876,24.052840269564282,0.11925581913994972,0.9055271020556008,0.9798370132197967,-5.0887644346446255,Q9NZM1,Myoferlin,MYOF,n.s.
P08134,-0.020260727163030623,20.37512987122327,-0.11860756599558261,0.9060369398768029,0.9798370132197967,-5.0888142054670205,P08134,Rho-related GTP-binding protein RhoC,RHOC,n.s.
P21266,0.05117087909387408,22.87394983208402,0.11859617708941947,0.9060471635500298,0.9798370132197967,-5.088814842833457,P21266,Glutathione S-transferase Mu 3,GSTM3,n.s.
O95470,0.02063853968391527,20.567400238902742,0.11815454168225213,0.9063943593132284,0.9798370132197967,-5.088848622297013,O95470,Sphingosine-1-phosphate lyase 1,SGPL1,n.s.
P09466,0.037294792240004426,20.218231686224122,0.11802317488385873,0.9064989518784854,0.9798370132197967,-5.088858403464972,P09466,Glycodelin,PAEP,n.s.
P16435,0.03807926554337371,21.836707820719422,0.11673483729631874,0.9075148657510013,0.9798370132197967,-5.08895557525209,P16435,NADPH--cytochrome P450 reductase,POR,n.s.
P62304;Q5VYJ4,-0.021368125720048425,21.32931851168075,-0.11663237272065549,0.9075946730793556,0.9798370132197967,-5.088963439656727,P62304;Q5VYJ4,Small nuclear ribonucleoprotein E,SNRPE,n.s.
P14867,0.015802202848743008,23.45588315058533,0.1165445232533271,0.9076635572058817,0.9798370132197967,-5.088970093007316,P14867,Gamma-aminobutyric acid receptor subunit alpha-1,GABRA1,n.s.
P09960,0.024950573771214124,22.629342916391245,0.11632155009510049,0.9078407949140126,0.9798370132197967,-5.088986521308251,P09960,Leukotriene A-4 hydrolase,LTA4H,n.s.
Q9BXS5,-0.023017793498105732,20.820862362257394,-0.11493698376146277,0.9089328163606853,0.9798370132197967,-5.089089395451808,Q9BXS5,AP-1 complex subunit mu-1,AP1M1,n.s.
P50851;Q8NFP9,0.028053730056935677,23.58748369212979,0.11456832333068168,0.9092236124996024,0.9798370132197967,-5.089116579632262,P50851,Lipopolysaccharide-responsive and beige-like anchor protein,LRBA,n.s.
P08240,-0.01740906652986496,20.249606517617718,-0.1126801179497468,0.9107118131322206,0.9798370132197967,-5.089254689287119,P08240,Signal recognition particle receptor subunit alpha,SRPR,n.s.
Q96I85,-0.03282343175474978,21.047592676813327,-0.11169753896093902,0.911488487253018,0.9798370132197967,-5.089325278812694,Q96I85,Putative uncharacterized protein C14orf144,C14orf144,n.s.
Q9UI30,-0.013439882242266776,20.815396633395597,-0.11121851796061004,0.9118651019748136,0.9798370132197967,-5.089359826919765,Q9UI30,tRNA methyltransferase 112 homolog,TRMT112,n.s.
P02545,0.017442159429187143,28.353809024383914,0.11048188573383591,0.9124477880350161,0.9798370132197967,-5.089412058859335,P02545,Prelamin-A/C;Lamin-A/C,LMNA,n.s.
Q9UHB9,0.019020806705800197,21.912429427885133,0.11044655867875755,0.9124743007447215,0.9798370132197967,-5.089414802863309,Q9UHB9,Signal recognition particle 68 kDa protein,SRP68,n.s.
Q9Y3B4,0.01623210351605664,20.526816252940616,0.1099682091973619,0.9128518212159237,0.9798370132197967,-5.089448677026675,Q9Y3B4,Pre-mRNA branch site protein p14,SF3B14,n.s.
Q9BUN8,0.02769727206403161,20.70787320301973,0.10946671821541447,0.9132489814328435,0.9798370132197967,-5.089483799961788,Q9BUN8,Derlin-1,DERL1,n.s.
O15260,-0.02095054548526676,21.479073703154526,-0.10782534311406014,0.914544260743321,0.9798370132197967,-5.0895984491135104,O15260,Surfeit locus protein 4,SURF4,n.s.
A0FGR8,0.021531938039561993,20.936419161189672,0.10657145569142992,0.9155344842210139,0.9798370132197967,-5.0896847704869534,A0FGR8,Extended synaptotagmin-2,ESYT2,n.s.
Q27J81,0.034617477402786534,21.561778669814327,0.10530455417932309,0.9165347957840969,0.9798370132197967,-5.089771017410755,Q27J81,Inverted formin-2,INF2,n.s.
P09874,-0.019886382258228252,25.414176086697353,-0.10491218706058582,0.9168446260228942,0.9798370132197967,-5.089797519545776,P09874,Poly [ADP-ribose] polymerase 1,PARP1,n.s.
O15145,0.013439924699675032,22.65789812810912,0.10463325812426692,0.9170635944590407,0.9798370132197967,-5.089816511775376,O15145,Actin-related protein 2/3 complex subunit 3,ARPC3,n.s.
Q92804,-0.016590354516846872,22.904112841884714,-0.10360635860174867,0.9178750882276875,0.9798370132197967,-5.089885133810268,Q92804,TATA-binding protein-associated factor 2N,TAF15,n.s.
Q13085,0.04132267227688757,21.2017983323051,0.10352847949539529,0.9179373654284748,0.9798370132197967,-5.089890191820385,Q13085,Acetyl-CoA carboxylase 1;Biotin carboxylase,ACACA,n.s.
P61313,-0.011972652432852726,24.28504880994798,-0.10316915879769238,0.9182198781251356,0.9798370132197967,-5.089914262261567,P61313,60S ribosomal protein L15,RPL15,n.s.
P35270,0.044070202716085305,19.939669356413077,0.10316325602328508,0.9182258158368359,0.9798370132197967,-5.0899144471345394,P35270,Sepiapterin reductase,SPR,n.s.
P62081,-0.010841773824374457,24.90148609920553,-0.10244891730822364,0.9187887598174874,0.9798370132197967,-5.089961843940917,P62081,40S ribosomal protein S7,RPS7,n.s.
Q00266,0.01834081345519678,24.575478558880217,0.10198590417292913,0.9191557535528099,0.9798370132197967,-5.089992054495849,Q00266,S-adenosylmethionine synthase isoform type-1,MAT1A,n.s.
O94855,-0.023566981436975,20.098557164819084,-0.10142320853561722,0.9196002420003616,0.9798370132197967,-5.0900288312053235,O94855,Protein transport protein Sec24D,SEC24D,n.s.
Q9UM00,-0.017502351899679525,20.739466823490194,-0.10042640393379922,0.9203867527953115,0.9798370132197967,-5.090093631839835,Q9UM00,Transmembrane and coiled-coil domain-containing protein 1,TMCO1,n.s.
P07910;O60812;Q86SE5,-0.009699745358204837,25.786663925749238,-0.09936383542565547,0.9212259874792543,0.9798370132197967,-5.0901618853861486,P07910,Heterogeneous nuclear ribonucleoproteins C1/C2,HNRNPC,n.s.
Q9Y6K5,0.026965801762912633,20.871817166726192,0.0985574339933174,0.9218643925367447,0.9798370132197967,-5.0902129774141445,Q9Y6K5,2-5-oligoadenylate synthase 3,OAS3,n.s.
P10620,-0.03339184867022382,23.403541822906575,-0.09768934163831476,0.9225503720927968,0.9798370132197967,-5.0902677174990245,P10620,Microsomal glutathione S-transferase 1,MGST1,n.s.
Q96JQ2,0.017813378429249127,20.056787720444426,0.09634598273172701,0.9236117427764818,0.9798370132197967,-5.090351516438036,Q96JQ2,Calmin,CLMN,n.s.
P20774,0.03406398766774288,22.564241728864836,0.09630296388493578,0.9236460312195764,0.9798370132197967,-5.09035413577016,P20774,Mimecan,OGN,n.s.
P62979;P0CG48;P0CG47;P62987,-0.009493880773362662,27.319827140980813,-0.09629214349751658,0.923653393363471,0.9798370132197967,-5.090354985422944,P62979;P0CG48;P0CG47;P62987,Ubiquitin-40S ribosomal protein S27a;Ubiquitin;40S ribosomal protein S27a;Polyubiquitin-C;Ubiquitin;Polyubiquitin-B;Ubiquitin;Ubiquitin-60S ribosomal protein L40;Ubiquitin;60S ribosomal protein L40,RPS27A;UBC;UBB;UBA52,n.s.
Q15005,0.02057307282225196,20.819764719477423,0.09614261932644877,0.9237727617345675,0.9798370132197967,-5.090364051013052,Q15005,Signal peptidase complex subunit 2,SPCS2,n.s.
P10451,0.02162977909001995,21.87731483580449,0.09582596924701044,0.924023036299594,0.9798370132197967,-5.09038358322707,P10451,Osteopontin,SPP1,n.s.
P10155,0.020278317555476377,21.983708181182106,0.0956348608880629,0.9241740886775145,0.9798370132197967,-5.090395340372019,P10155,60 kDa SS-A/Ro ribonucleoprotein,TROVE2,n.s.
P49916,0.022340499547233605,19.977420502171153,0.09542100513667452,0.9243431239684448,0.9798370132197967,-5.090408469140822,P49916,DNA ligase 3,LIG3,n.s.
O94826,0.015928537164899836,22.374603213165077,0.09527136768132044,0.9244602641529645,0.9798370132197967,-5.090417808424884,O94826,Mitochondrial import receptor subunit TOM70,TOMM70A,n.s.
Q8WUY1,0.024548245388988477,20.800359324207385,0.09424478151586442,0.9252728941089063,0.9798370132197967,-5.090480153280073,Q8WUY1,UPF0670 protein THEM6,THEM6,n.s.
Q15008,-0.01038614438753882,21.478487014680546,-0.09374775659869729,0.9256646511887947,0.9798370132197967,-5.0905103477191105,Q15008,26S proteasome non-ATPase regulatory subunit 6,PSMD6,n.s.
Q13422,0.04024274734747024,22.682720531920836,0.0935719366643611,0.9258048054551901,0.9798370132197967,-5.090520759759536,Q13422,DNA-binding protein Ikaros,IKZF1,n.s.
O75388,-0.013514742215008368,24.414767644079582,-0.0930718758078636,0.9262001461101341,0.9798370132197967,-5.090550750269894,O75388,Probable G-protein coupled receptor 32,GPR32,n.s.
O43795;Q9UBC5,0.02206194137443873,20.276074369117264,0.08828630548393479,0.9299844803812234,0.9798370132197967,-5.090829634326772,O43795,Unconventional myosin-Ib,MYO1B,n.s.
Q9Y3Z3,0.024941577410341864,21.823784752712722,0.08722540536913397,0.930823642912955,0.9798370132197967,-5.090889467135154,Q9Y3Z3,SAM domain and HD domain-containing protein 1,SAMHD1,n.s.
P47755,0.0145936889188647,22.760796055167543,0.08700773823490932,0.93099547184983,0.9798370132197967,-5.0909017022155885,P47755,F-actin-capping protein subunit alpha-2,CAPZA2,n.s.
P18031,-0.038759704085112645,20.934566128044754,-0.08630650918312338,0.9315505455830785,0.9798370132197967,-5.090940706832178,P18031,Tyrosine-protein phosphatase non-receptor type 1,PTPN1,n.s.
Q3LXA3,0.030517196563970117,21.231741298925076,0.08526972049843706,0.9323707788711861,0.9798370132197967,-5.090997869175206,Q3LXA3,Bifunctional ATP-dependent dihydroxyacetone kinase/FAD-AMP lyase (cyclizing);ATP-dependent dihydroxyacetone kinase;FAD-AMP lyase (cyclizing),DAK,n.s.
P62330,-0.01977168652937422,21.7958416387201,-0.08471702278715597,0.9328080641440892,0.9798370132197967,-5.09102805943911,P62330,ADP-ribosylation factor 6,ARF6,n.s.
P05386,-0.011756728607778655,24.269394383769257,-0.08462125999019489,0.932883579299064,0.9798370132197967,-5.09103330410236,P05386,60S acidic ribosomal protein P1,RPLP1,n.s.
Q3SXM5,-0.04043107114033262,18.568120571705165,-0.08429216610360474,0.9331442179026739,0.9798370132197967,-5.091051133174015,Q3SXM5,Inactive hydroxysteroid dehydrogenase-like protein 1,HSDL1,n.s.
O75531,0.023364271125249303,22.000197562889177,0.08420475689975804,0.9332133790592871,0.9798370132197967,-5.091055865936989,O75531,Barrier-to-autointegration factor,BANF1,n.s.
P22392;O60361,-0.019172203535035237,23.971528754939037,-0.08332945496881808,0.9339059764468065,0.9798370132197967,-5.0911029883934305,P22392;O60361,Nucleoside diphosphate kinase B;Putative nucleoside diphosphate kinase,NME2;NME2P1,n.s.
P60174,-0.024935269245407454,22.204707767625262,-0.08287990980555635,0.934261706665082,0.9798370132197967,-5.091126998638816,P60174,Triosephosphate isomerase,TPI1,n.s.
Q13573,0.008296025774416904,20.47387608833895,0.08268042446236867,0.9344185455986731,0.9798370132197967,-5.09113774454032,Q13573,SNW domain-containing protein 1,SNW1,n.s.
Q53GT1,0.018673241025780385,20.407892320972422,0.08232701841958831,0.9346992344392957,0.9798370132197967,-5.091156350577948,Q53GT1,Kelch-like protein 22,KLHL22,n.s.
P08195,-0.025009122937607486,20.886107480978772,-0.08073372888968414,0.935960188990192,0.9798744619088833,-5.091239836804871,P08195,4F2 cell-surface antigen heavy chain,SLC3A2,n.s.
O95201,-0.017304508293300103,22.825366301669742,-0.07997432864350686,0.9365612487223852,0.9798744619088833,-5.091279054426068,O95201,Zinc finger protein 205,ZNF205,n.s.
Q13724,-0.01918318381227735,21.724521017170286,-0.07964955038200296,0.9368183197130288,0.9798744619088833,-5.091295713799306,Q13724,Mannosyl-oligosaccharide glucosidase,MOGS,n.s.
P37802;Q9UI15,0.015876774763938784,25.633884210810496,0.07876937972023704,0.9375150331582254,0.9798768235453749,-5.091340521111235,P37802,Transgelin-2,TAGLN2,n.s.
P16422,0.02151847194254941,22.642100300870535,0.07785333079446975,0.9382401988889172,0.9799088975812451,-5.091386626313435,P16422,Epithelial cell adhesion molecule,EPCAM,n.s.
P19367;Q2TB90;P52789;P52790,-0.015120242271120077,24.751546442037803,-0.0762209750686604,0.9395325400348602,0.9804778892774643,-5.091467447232612,P19367,Hexokinase-1,HK1,n.s.
Q86XP3,-0.013749025681157434,20.72679217153483,-0.07540958196525616,0.940174758463791,0.9804778892774643,-5.0915070105983284,Q86XP3,ATP-dependent RNA helicase DDX42,DDX42,n.s.
P13639,0.007914688573166018,26.48589922775822,0.07248400859887198,0.9424908254597412,0.9811518394668629,-5.091646127575648,P13639,Elongation factor 2,EEF2,n.s.
P51991,-0.008985121485505232,25.588094062112624,-0.07213422673097099,0.9427681268663941,0.9811518394668629,-5.09166235113763,P51991,Heterogeneous nuclear ribonucleoprotein A3,HNRNPA3,n.s.
Q8N5K1,0.014172628941771848,21.012934597625307,0.07096030876012731,0.9436984029852225,0.9811518394668629,-5.091716276486081,Q8N5K1,CDGSH iron-sulfur domain-containing protein 2,CISD2,n.s.
Q9BWF3;Q9BQ04,-0.01591373647963934,20.99094367900036,-0.07031074572905996,0.9442130321814861,0.9811518394668629,-5.091745752265119,Q9BWF3;Q9BQ04,RNA-binding protein 4;RNA-binding protein 4B,RBM4;RBM4B,n.s.
Q96KC8,-0.02779403045884976,20.14849864633122,-0.07020372802893965,0.9442978015563428,0.9811518394668629,-5.091750584708031,Q96KC8,DnaJ homolog subfamily C member 1,DNAJC1,n.s.
O43463,0.01663599432531271,21.01260607760365,0.06758571582919078,0.9463717447507186,0.9812089024824117,-5.091866510426163,O43463,Histone-lysine N-methyltransferase SUV39H1,SUV39H1,n.s.
P09429;B2RPK0,0.017362572904215057,23.331925719104365,0.06693427716606845,0.9468878616574258,0.9812089024824117,-5.091894671880739,P09429;B2RPK0,High mobility group protein B1;Putative high mobility group protein B1-like 1,HMGB1;HMGB1P1,n.s.
Q9BR76;A9Z1Z3,0.021260396329708442,22.474573893200716,0.06643671131485004,0.9472820848320973,0.9812089024824117,-5.091915997788344,Q9BR76,Coronin-1B,CORO1B,n.s.
P43686,0.005486924968337803,23.28367569859148,0.06608821771539311,0.9475573907910506,0.9812089024824117,-5.091930924759117,P43686,26S protease regulatory subunit 6B,PSMC4,n.s.
Q9H1B7,0.009872814884808179,19.547780673452575,0.06512562992551496,0.9483201198206028,0.9812089024824117,-5.091971512134197,Q9H1B7,Interferon regulatory factor 2-binding protein-like,IRF2BPL,n.s.
P02679,-0.021278136093357602,21.691618517885352,-0.06408705996123645,0.9491438996170971,0.9812089024824117,-5.0920145555280705,P02679,Fibrinogen gamma chain,FGG,n.s.
Q13057,-0.01444863565091481,20.106299077729624,-0.06343969316132682,0.9496569102248414,0.9812089024824117,-5.092041086406036,Q13057,Bifunctional coenzyme A synthase;Phosphopantetheine adenylyltransferase;Dephospho-CoA kinase,COASY,n.s.
Q13510,-0.018967869549008753,22.332429712386947,-0.06230598757905048,0.9505553751839211,0.9812089024824117,-5.092086900017742,Q13510,Acid ceramidase;Acid ceramidase subunit alpha;Acid ceramidase subunit beta,ASAH1,n.s.
O15143,-0.009989903402161104,21.660135632659916,-0.062234432511833276,0.9506113179967801,0.9812089024824117,-5.092089839376317,O15143,Actin-related protein 2/3 complex subunit 1B,ARPC1B,n.s.
Q14203,0.00897776722367638,21.216473177516576,0.0607417197676934,0.9517944193831035,0.981414729634828,-5.092148828776881,Q14203,Dynactin subunit 1,DCTN1,n.s.
P43243,-0.007598996953827708,25.14188774492825,-0.06022836753917354,0.952201817767597,0.981414729634828,-5.092168737257206,P43243,Matrin-3,MATR3,n.s.
Q9Y5X3,-0.01201305899136429,20.334947558011987,-0.05811748554954675,0.9538753268596368,0.9818053195607265,-5.09224899691629,Q9Y5X3,Sorting nexin-5,SNX5,n.s.
P63104,-0.008520608055363255,27.010333584065503,-0.057994999754276404,0.953972426022506,0.9818053195607265,-5.09225356750777,P63104,14-3-3 protein zeta/delta,YWHAZ,n.s.
P00338;Q6ZMR3;P07864,0.01524817691499436,26.831925026417757,0.055539671341401524,0.9559190048016515,0.9829101461842482,-5.092343155026996,P00338,L-lactate dehydrogenase A chain,LDHA,n.s.
Q9BVA1,0.011451477325696402,24.723022190322258,0.05394974804641567,0.9571796374116356,0.9829101461842482,-5.092399099901058,Q9BVA1,Tubulin beta-2B chain,TUBB2B,n.s.
P63010,-0.007172363294529305,23.028672588146446,-0.05365744539206129,0.9574107521012901,0.9829101461842482,-5.0924092645699135,P63010,AP-2 complex subunit beta,AP2B1,n.s.
P10636,-0.013466965884152415,20.341681633587854,-0.052227954990053026,0.9585449522715481,0.9829101461842482,-5.092457852660767,P10636,Microtubule-associated protein tau,MAPT,n.s.
O60437,-0.019654983066505594,21.23421253453855,-0.05131401729856329,0.9592697203703884,0.9829101461842482,-5.0924882649129515,O60437,Periplakin,PPL,n.s.
Q9UIA9,-0.00859931298941774,20.069784417921007,-0.0494921937509238,0.9607141028440779,0.9829101461842482,-5.092547322333059,Q9UIA9,Exportin-7,XPO7,n.s.
Q9UBQ7,-0.009467503263611121,20.42218440732917,-0.04947081415047611,0.9607313689641181,0.9829101461842482,-5.092547978013193,Q9UBQ7,Glyoxylate reductase/hydroxypyruvate reductase,GRHPR,n.s.
Q15459,0.004289865314003549,23.03813118230372,0.048796861975404504,0.9612654435368782,0.9829101461842482,-5.092569297161591,Q15459,Splicing factor 3A subunit 1,SF3A1,n.s.
O14745,-0.019260730801551773,20.7302923318498,-0.048105879721011144,0.9618140980106387,0.9829101461842482,-5.0925907697106645,O14745,Na(+)/H(+) exchange regulatory cofactor NHE-RF1,SLC9A3R1,n.s.
O75915,-0.010979218645836397,22.977606645653104,-0.047856389962050806,0.9620119857409262,0.9829101461842482,-5.092598464080784,O75915,PRA1 family protein 3,ARL6IP5,n.s.
P26439,-0.012340389291974674,21.246878641948914,-0.046684356433801796,0.9629416392982184,0.9829111652451036,-5.092634074711232,P26439,3 beta-hydroxysteroid dehydrogenase/Delta 5-->4-isomerase type 2;3-beta-hydroxy-Delta(5)-steroid dehydrogenase;Steroid Delta-isomerase,HSD3B2,n.s.
Q14789,0.011444898239300727,22.411916605415392,0.0449260522291997,0.9643364178401899,0.9829111652451036,-5.0926858426618145,Q14789,Golgin subfamily B member 1,GOLGB1,n.s.
O14773,0.014953746117484457,20.65255439128088,0.04377167226941362,0.9652521935187266,0.9829111652451036,-5.092718749403633,O14773,Tripeptidyl-peptidase 1,TPP1,n.s.
P08519,-0.009496571064300241,21.361807403189168,-0.04353572955081377,0.9654393739594316,0.9829111652451036,-5.092725369769112,P08519,Apolipoprotein(a),LPA,n.s.
Q92542,-0.010393450513447533,20.920967274207594,-0.04346433537749611,0.9654960134866857,0.9829111652451036,-5.092727365981841,Q92542,Nicastrin,NCSTN,n.s.
P62714;P67775,0.008576463459277761,21.293995454600473,0.04142127554805144,0.9671169199851254,0.9838514593359855,-5.092783102604939,P62714,Serine/threonine-protein phosphatase 2A catalytic subunit beta isoform,PPP2CB,n.s.
P62258,0.006573955020357403,26.400585994095746,0.03982204058726588,0.9683858061309947,0.9839936134558078,-5.092824859396476,P62258,14-3-3 protein epsilon,YWHAE,n.s.
Q08257,0.013430741453039019,22.945886217503187,0.03912376411529999,0.968939867902474,0.9839936134558078,-5.092842576173338,Q08257,Quinone oxidoreductase,CRYZ,n.s.
Q96TC7,0.010029708496631429,20.319347677884064,0.038436231232843426,0.9694854200241251,0.9839936134558078,-5.0928597141722864,Q96TC7,Regulator of microtubule dynamics protein 3,FAM82A2,n.s.
P38606,-0.006059964104821347,26.150821390182866,-0.036039841848009506,0.9713870499442492,0.9839936134558078,-5.092917073536746,P38606,V-type proton ATPase catalytic subunit A,ATP6V1A,n.s.
Q8WXF1,-0.0074049225057777335,22.490546268971805,-0.035819797486365,0.971561672421251,0.9839936134558078,-5.092922155441845,Q8WXF1,Paraspeckle component 1,PSPC1,n.s.
P04180,0.018350018163115323,19.76820601354211,0.03562510119735199,0.9717161803822483,0.9839936134558078,-5.092926625985492,P04180,Phosphatidylcholine-sterol acyltransferase,LCAT,n.s.
Q8TCT9,-0.006853567323744869,21.483759173847,-0.034892397344073685,0.9722975485782814,0.9839936134558078,-5.092943237441931,Q8TCT9,Minor histocompatibility antigen H13,HM13,n.s.
P61086,-0.0041623172942415465,20.287609093860148,-0.034213971896755783,0.9728356419354018,0.9839936134558078,-5.092958322440396,P61086,Ubiquitin-conjugating enzyme E2 K,UBE2K,n.s.
Q04726;Q04727;Q04724;Q04725,-0.004989860221435549,20.22659584452636,-0.0327333912207156,0.9740107191303714,0.9844764503531189,-5.09299017705659,Q04726;Q04727;Q04724;Q04725,Transducin-like enhancer protein 3;Transducin-like enhancer protein 4;Transducin-like enhancer protein 1;Transducin-like enhancer protein 2,TLE3;TLE4;TLE1;TLE2,n.s.
O95857;Q12999,-0.0104348846135629,20.32695794935727,-0.030733951285464703,0.9755980638245849,0.9853749950296989,-5.0930309404431675,O95857,Tetraspanin-13,TSPAN13,n.s.
P62273,0.003871601246611789,20.992272762669245,0.029576886063502436,0.9765161004534646,0.9855967222745625,-5.0930533854392674,P62273,40S ribosomal protein S29,RPS29,n.s.
Q8N335,0.004232393575104965,21.087444113243656,0.024922057322334323,0.9802111587543655,0.9886189742690563,-5.093134912693986,Q8N335,Glycerol-3-phosphate dehydrogenase 1-like protein,GPD1L,n.s.
O95782,-0.004292439528192915,21.016846122238665,-0.020552365875392536,0.9836805235388387,0.9914094419380723,-5.093198764828054,O95782,AP-2 complex subunit alpha-1,AP2A1,n.s.
P05141,-0.002596459066701584,24.820211279900633,-0.018167481857393617,0.9855739994179715,0.9926087888499342,-5.093228443367188,P05141,ADP/ATP translocase 2,SLC25A5,n.s.
P52198,-0.004701075471455596,22.39718501856211,-0.017096608360445225,0.9864242460322784,0.9927564986815585,-5.093240580418996,P52198,Rho-related GTP-binding protein RhoN,RND2,n.s.
O95154,0.006266482401301232,20.67637669489568,0.014296277040444049,0.9886477110953751,0.9942452013917844,-5.09326883466449,O95154,Aflatoxin B1 aldehyde reductase member 3,AKR7A3,n.s.
Q9BXN1,0.005177439559869157,21.64998407604635,0.012610376821764078,0.9899863619501703,0.9942452013917844,-5.093283413920906,Q9BXN1,Asporin,ASPN,n.s.
Q7L0Y3,0.0017096187177365607,19.83415138092993,0.011919033382426489,0.9905351695254643,0.9942452013917844,-5.093288867056405,Q7L0Y3,Mitochondrial ribonuclease P protein 1,RG9MTD1,n.s.
Q9NSE2,-0.0029429456294103318,23.346336717878586,-0.01166352988458047,0.9907381972647684,0.9942452013917844,-5.093290800845386,Q9NSE2,Cytokine-inducible SH2-containing protein,CISH,n.s.
P69905;P02008,0.003954037693269186,26.06819704905099,0.010796519392821273,0.9914266466039977,0.9942452013917844,-5.093297059478589,P69905,Hemoglobin subunit alpha,HBA1,n.s.
O60684;O15131,0.0013305940266334915,19.80427441964619,0.00859247577174477,0.9931766892247434,0.9948794903599139,-5.09331079565644,O60684;O15131,Importin subunit alpha-7;Importin subunit alpha-6,KPNA6;KPNA5,n.s.
O60493,0.001291813513162765,20.081057328583356,0.007756342650640683,0.9938406539192552,0.9948794903599139,-5.093315188812531,O60493,Sorting nexin-3,SNX3,n.s.
P57735,-0.0016591762448747716,21.41769296042804,-0.007055443332993057,0.9943973151944966,0.9948794903599139,-5.093318524307879,P57735,Ras-related protein Rab-25,RAB25,n.s.
P31939,-0.0013673279626686963,23.748098204858064,-0.006448232685883113,0.9948794903599139,0.9948794903599139,-5.093321159648409,P31939,Bifunctional purine biosynthesis protein PURH;Phosphoribosylaminoimidazolecarboxamide formyltransferase;IMP cyclohydrolase,ATIC,n.s.
